5.25,10.492,10.464,10.413,10.33,10.205,10.026,9.7837,9.4678,9.0706,8.587,8.0146,7.3543,6.6101,5.7892,4.9018,3.9609,2.9826,1.9874,1.0144,0.41587,1.1297,2.0247,2.8789,3.6614,4.3556,4.9496,5.435,5.8066,6.0625,6.2039,6.2355,6.1651,6.0038,5.7652,5.4659,5.1244,4.7611,4.3974,4.0541,3.7495,3.497,3.302,3.1603,3.0595,2.9822,2.9109,2.8321,2.7392,2.6341,2.5288,2.4453,2.4135,2.4635,2.6142,2.865,3.1984,3.5884,4.0078,4.4319,4.8395,5.2128,5.5371,5.8009,5.9958,6.1162,6.1592,6.1248,6.0156,5.8367,5.5951,5.3,4.9621,4.593,4.2054,3.8123,3.4268,3.0618,2.7301,2.4445,2.2174,2.0613,1.9866,1.9993,2.0992,2.2797,2.5305,2.8398,3.1954,3.5849,3.9953,4.4131,4.8245,5.215,5.5706,5.8774,6.1226,6.2943,6.3824,6.3785,6.2763,6.0719,5.7636,5.3523,4.8411,4.2356,3.5434,2.7741,1.9388,1.0504,0.13513,0.84016,1.8076,2.7746,3.7272,4.6528,5.5402,6.3792,7.1616,7.8803,8.5299,9.1066,9.6079,10.032,10.379,10.648,10.839,10.954,5.4962
2.2266,4.7976,5.7024,6.9371,8.3292,9.7694,11.18,12.498,13.665,14.627,15.336,15.753,15.846,15.596,15,14.067,12.821,11.298,9.5486,7.6314,5.6148,3.5799,1.6723,1.0363,2.5145,4.0713,5.4381,6.5668,7.4434,8.0731,8.4768,8.6887,8.7535,8.722,8.6459,8.5701,8.526,8.5264,8.5645,8.6182,8.6563,8.6459,8.5574,8.3674,8.0601,7.6268,7.0657,6.3803,5.579,4.6739,3.6805,2.6167,1.5033,0.36572,0.78621,1.9074,2.9815,3.9821,4.8845,5.6666,6.3094,6.7982,7.1235,7.2814,7.2739,7.1091,6.8005,6.3665,5.8292,5.2139,4.5472,3.8562,3.1674,2.5066,1.8999,1.3782,0.98891,0.80477,0.84785,1.0158,1.2121,1.3997,1.5728,1.7385,1.9087,2.0963,2.3107,2.5562,2.8299,3.1227,3.4199,3.7029,3.9513,4.144,4.261,4.285,4.2025,4.0056,3.6937,3.2761,2.7772,2.2505,1.8126,1.678,1.9927,2.624,3.3887,4.1808,4.9406,5.6294,6.2201,6.6938,7.0383,7.2478,7.3222,7.2663,7.0887,6.8014,6.4185,5.955,5.4259,4.8459,4.2284,3.5856,2.9293,2.273,1.639,1.0879,0.41243
3.7314,7.3933,7.2091,6.9794,6.8068,6.7952,6.9996,7.3892,7.857,8.2616,8.4652,8.3542,7.8483,6.9047,5.5196,3.7286,1.6082,0.81246,3.2637,5.7123,7.9965,9.9827,11.558,12.64,13.183,13.184,12.683,11.763,10.544,9.174,7.8142,6.6139,5.6665,4.9632,4.3905,3.8029,3.1245,2.4675,2.3072,3.093,4.5008,6.1218,7.7255,9.1623,10.325,11.143,11.578,11.629,11.326,10.724,9.9027,8.949,7.9545,7.0023,6.1584,5.4643,4.9342,4.5602,4.3227,4.2002,4.1721,4.217,4.3099,4.4242,4.5366,4.6309,4.6996,4.7417,4.7581,4.7472,4.7026,4.6145,4.4743,4.281,4.0471,3.8012,3.5867,3.4504,3.4252,3.5153,3.7007,3.9577,4.2782,4.673,5.1607,5.749,6.4197,7.1261,7.8,8.3636,8.7413,8.8701,8.7071,8.2355,7.4696,6.459,5.2974,4.1445,3.2761,3.0526,3.5135,4.2732,5.0014,5.5348,5.8073,5.812,5.5863,5.2074,4.7901,4.4776,4.4054,4.6341,5.1197,5.7633,6.4725,7.1807,7.8416,8.4171,8.8695,9.1581,9.2411,9.0802,8.6478,7.934,6.9537,5.7565,4.4491,3.2661,1.3624
12.131,24.105,23.64,22.877,21.835,20.54,19.025,17.326,15.487,13.557,11.589,9.6463,7.803,6.1599,4.8646,4.1135,4.0227,4.4378,5.0657,5.6939,6.2109,6.5647,6.735,6.7203,6.532,6.1905,5.7249,5.1717,4.5763,3.9943,3.493,3.1457,3.0061,3.0722,3.2821,3.5535,3.8175,4.0276,4.1558,4.1878,4.1196,3.9551,3.7049,3.3849,3.0165,2.6263,2.2473,1.9192,1.6854,1.5773,1.5897,1.6794,1.7939,1.8936,1.9565,1.9754,1.9553,1.9127,1.8742,1.8725,1.9369,2.081,2.2966,2.5608,2.845,3.122,3.3687,3.5668,3.7029,3.7684,3.7606,3.6824,3.5437,3.3621,3.165,2.9897,2.8805,2.8784,3.0043,3.2495,3.5818,3.961,4.3493,4.715,5.0333,5.2853,5.4576,5.5415,5.5331,5.4325,5.2442,4.9764,4.6411,4.2538,3.8335,3.403,2.9888,2.621,2.3301,2.1405,2.0573,2.061,2.1143,2.1787,2.2237,2.2292,2.1846,2.0865,1.9373,1.7448,1.5217,1.2869,1.0677,0.90324,0.83654,0.88006,0.9969,1.1365,1.2625,1.3531,1.3959,1.3848,1.318,1.197,1.0266,0.81426,0.57018,0.31096,0.06336
11.967,23.816,23.467,22.892,22.103,21.113,19.943,18.613,17.15,15.58,13.932,12.239,10.533,8.849,7.2239,5.7014,4.3396,3.2312,2.5307,2.3844,2.6875,3.165,3.6329,4.0091,4.2611,4.3795,4.367,4.2344,3.9979,3.6791,3.3044,2.9061,2.5235,2.2042,1.9978,1.9352,2.0041,2.1545,2.3291,2.4831,2.5867,2.6218,2.5786,2.4533,2.2472,1.9651,1.6148,1.2064,0.7518,0.26434,0.24568,0.75959,1.2679,1.7583,2.2205,2.6463,3.0292,3.3654,3.6531,3.8927,4.0868,4.2391,4.3547,4.4386,4.4957,4.5298,4.5431,4.5361,4.5074,4.4544,4.3733,4.2606,4.1129,3.9287,3.7084,3.4553,3.1767,2.8845,2.5962,2.3361,2.1343,2.0202,2.0096,2.0938,2.2421,2.4168,2.5836,2.7156,2.7922,2.7989,2.7257,2.5666,2.3197,1.9863,1.5718,1.0869,0.56183,0.31224,0.84368,1.5102,2.2015,2.8917,3.5619,4.1954,4.7768,5.2924,5.7303,6.0809,6.337,6.4943,6.5514,6.5099,6.3745,6.1529,5.856,5.4975,5.0942,4.6655,4.2334,3.8221,3.4566,3.1598,2.9472,2.8218,2.771,2.7711,2.7947,2.8189,1.4143
15.44,30.565,29.625,28.077,25.952,23.298,20.181,16.69,12.938,9.0574,5.2206,1.8436,2.5416,5.3712,7.8043,9.6339,10.793,11.273,11.119,10.435,9.3918,8.2413,7.3205,6.9709,7.3054,8.0927,8.9737,9.6622,9.9816,9.8439,9.2311,8.1828,6.7931,5.2235,3.7716,3.0441,3.5709,4.815,6.1486,7.3065,8.1869,8.7592,9.0334,9.0446,8.8407,8.4702,7.9721,7.3708,6.6754,5.8867,5.0091,4.066,3.1229,2.3356,2.0029,2.2904,2.8921,3.4769,3.8715,3.9877,3.786,3.2682,2.4882,1.6275,1.3643,2.2565,3.551,4.8485,5.9871,6.8636,7.4055,7.5696,7.3424,6.7407,5.8118,4.6323,3.3153,2.058,1.4056,1.9504,2.8862,3.6938,4.2296,4.4465,4.3434,3.9562,3.359,2.6771,2.1251,1.9947,2.3406,2.8776,3.3562,3.6465,3.6886,3.4665,3.002,2.3634,1.7164,1.4691,1.9569,2.8143,3.7063,4.4824,5.0598,5.388,5.4408,5.2158,4.7381,4.0701,3.3412,2.8146,2.8716,3.6024,4.7113,5.9294,7.097,8.1115,8.8992,9.4056,9.593,9.4403,8.9433,8.1155,6.9894,5.6194,4.0949,2.6077,0.90651
10.397,20.609,20.062,19.183,18.018,16.628,15.083,13.46,11.84,10.297,8.8985,7.7005,6.7433,6.0497,5.6243,5.4533,5.5055,5.7351,6.0846,6.4891,6.881,7.1949,7.3724,7.3665,7.1459,6.6987,6.0368,5.2021,4.2814,3.4405,2.9684,3.1354,3.8286,4.7184,5.5691,6.2469,6.6749,6.8118,6.6456,6.1917,5.4952,4.6383,3.762,3.1069,2.9811,3.4467,4.2215,5.0274,5.7033,6.1641,6.3715,6.3228,6.0487,5.6147,5.1247,4.7174,4.5361,4.653,5.014,5.4799,5.9056,6.1781,6.2216,5.9927,5.4761,4.6805,3.6351,2.386,0.99277,0.48121,1.9573,3.3713,4.6585,5.7656,6.6537,7.3011,7.7058,7.8866,7.8831,7.7529,7.5662,7.3946,7.2947,7.2919,7.372,7.4884,7.579,7.5832,7.4538,7.1623,6.7012,6.0838,5.344,4.5378,3.7477,3.0912,2.7108,2.6875,2.9373,3.2879,3.6041,3.812,3.8816,3.8144,3.638,3.4046,3.19,3.0826,3.15,3.4002,3.781,4.2186,4.6472,5.0193,5.3041,5.4853,5.5583,5.5279,5.4064,5.2113,4.9639,4.6869,4.403,4.1328,3.8936,3.6982,3.5549,3.4678,1.7193
1.3221,2.6672,2.734,2.8396,2.9768,3.1374,3.3134,3.4971,3.6821,3.8626,4.0337,4.1912,4.3317,4.452,4.5499,4.6231,4.67,4.6894,4.6802,4.6419,4.574,4.4767,4.3503,4.1953,4.0129,3.8043,3.5713,3.3164,3.0424,2.7533,2.4548,2.1547,1.8652,1.606,1.4078,1.3109,1.3467,1.5108,1.77,2.0885,2.441,2.8111,3.1882,3.5648,3.9354,4.2958,4.6423,4.9718,5.2818,5.5699,5.834,6.0724,6.2834,6.4659,6.6186,6.7408,6.8318,6.8913,6.9191,6.9154,6.8805,6.8149,6.7196,6.5956,6.4442,6.267,6.0659,5.8431,5.6009,5.3423,5.0703,4.7887,4.5016,4.214,3.9315,3.6607,3.4094,3.1863,3.0009,2.8624,2.7786,2.7536,2.7869,2.8735,3.0046,3.17,3.3596,3.5642,3.7759,3.9884,4.1964,4.3957,4.5829,4.7554,4.911,5.048,5.1652,5.2616,5.3365,5.3896,5.4207,5.4297,5.417,5.3828,5.3277,5.2522,5.1572,5.0434,4.9118,4.7634,4.599,4.4199,4.2271,4.0216,3.8047,3.5773,3.3405,3.0956,2.8434,2.5852,2.3221,2.0552,1.7862,1.5168,1.2501,0.99112,0.75132,0.55899,0.23887
5.4467,10.813,10.573,10.176,9.6276,8.9355,8.1107,7.1678,6.1255,5.007,3.841,2.6671,1.5614,0.85757,1.3162,2.2162,3.095,3.8668,4.5012,4.9836,5.309,5.4802,5.5072,5.406,5.1981,4.9092,4.5681,4.2061,3.8556,3.55,3.322,3.2006,3.2058,3.3431,3.6029,3.9654,4.4053,4.8951,5.4064,5.91,6.376,6.7751,7.0792,7.263,7.3049,7.1883,6.9022,6.4426,5.8122,5.0221,4.0935,3.0659,2.0312,1.3289,1.7035,2.7908,4.0383,5.2881,6.4744,7.5538,8.4916,9.2598,9.8354,10.202,10.348,10.272,9.9755,9.4714,8.7788,7.9255,6.9474,5.8905,4.8132,3.7943,2.9503,2.4461,2.399,2.6984,3.1164,3.5003,3.7832,3.952,4.0316,4.0784,4.1721,4.3935,4.7912,5.3609,6.0533,6.7979,7.5223,8.1613,8.6599,8.9753,9.0775,8.9495,8.5875,8.001,7.2119,6.2542,5.1734,4.0288,2.9038,1.9502,1.5069,1.8176,2.4594,3.0837,3.5691,3.8732,3.9862,3.918,3.6952,3.3597,2.9703,2.6028,2.3428,2.2531,2.3261,2.4861,2.6428,2.7274,2.6984,2.5362,2.2389,1.8195,1.3048,0.74684,0.18957
18.353,28.317,11.181,3.2383,12.89,21.163,20.599,11.926,6.8938,6.1055,4.3469,4.6759,21.311,30.166,21.386,11.941,10.689,0.55631,8.6748,5.6338,13.793,20.831,15.874,2.6163,10.629,14.981,14.292,15.937,8.286,16.15,16.615,5.6432,23.426,23.838,35.044,34.947,17.366,14.935,20.303,20.8,9.8123,19.841,7.3791,24.579,26.534,2.648,19.11,13.411,8.5334,2.1335,14.919,16.559,2.8764,15.747,20.029,6.5988,10.835,12.399,4.23,5.0177,7.2337,17.451,15.083,9.893,6.4684,9.6856,14.49,14.654,9.9541,3.639,2.4903,5.1251,7.6397,8.5871,10.973,14.65,15.708,10.863,3.3884,4.5628,7.7302,6.3495,2.6528,8.6084,14.27,18.998,16.324,5.3461,10.682,17.386,19.42,17.556,14.424,7.7989,9.8064,19.314,16.763,2.4603,11.464,16.511,16.719,10.647,18.138,22.007,9.395,20.186,20.988,10.045,3.2344,10.002,18.982,15.124,10.482,7.6544,5.8404,18.063,24.939,21.532,8.7252,8.9379,13.328,14.559,25.012,23.107,9.1393,1.3137,4.6184,7.838,3.5717
2.7128,5.554,5.8241,5.9799,5.7701,5.034,3.7759,2.4904,3.0622,5.5258,8.4336,11.179,13.381,14.746,15.077,14.296,12.45,9.727,6.4618,3.3134,2.6755,4.8962,6.8829,7.9094,7.8189,6.7017,4.9353,3.5363,4.2041,6.2408,8.1784,9.4278,9.7948,9.3232,8.256,6.9958,6,5.5085,5.2941,4.8986,4.0343,2.7885,2.1544,3.4941,5.5747,7.4638,8.7477,9.1912,8.7048,7.3539,5.3914,3.4375,3.0759,4.6703,6.4586,7.6751,8.0787,7.6582,6.5945,5.2986,4.5058,4.9186,6.2284,7.7134,8.9762,9.8679,10.36,10.477,10.257,9.7474,9.0051,8.1159,7.197,6.3715,5.7061,5.1462,4.5271,3.6635,2.4408,0.88138,1.1361,3.0892,4.9404,6.4277,7.3517,7.6092,7.248,6.5344,5.9992,6.2101,7.1485,8.2183,8.8205,8.5674,7.2864,5.0255,2.2962,2.9542,6.6036,10.267,13.331,15.442,16.387,16.118,14.751,12.571,10.033,7.7631,6.4707,6.3582,6.7253,6.7997,6.2503,5.1272,3.8382,3.2719,3.9908,5.1423,5.9202,5.9791,5.2686,4.0927,3.5487,4.957,7.5109,10.176,12.411,13.882,7.1972
33.702,44.356,11.823,32.913,27.558,21.642,21.166,9.8717,5.0765,6.0654,4.7778,15.118,14.103,10.851,23.479,19.246,9.543,14.579,7.2602,12.682,11.641,3.7448,6.4196,2.804,10.888,5.9358,8.8718,18.038,18.401,9.824,8.0471,18.596,12.647,6.9956,14.749,13.045,13.213,6.7211,6.5563,11.773,4.8297,3.2412,4.8039,13.061,15.434,8.3252,7.8913,6.3074,5.6551,8.7508,4.8892,2.7066,4.2905,11.408,12.327,5.5808,7.0732,6.7166,4.2673,6.8994,4.6609,2.4969,9.2563,10.007,4.8002,10.391,9.451,2.27,14.157,17.306,13.97,11.152,9.5534,4.882,2.275,4.4031,2.3495,9.9439,12.418,9.9271,1.4566,12.998,21.573,15.465,1.8314,4.9011,5.5021,9.3176,7.202,12.256,14.504,9.9662,15.765,17.573,9.3687,4.6601,12.189,17.916,17.107,6.8543,8.3116,12.839,17.148,23.535,18.07,5.0678,3.8825,11.734,17.875,18.75,28.746,34.799,27.744,21.29,22.081,20.356,14.886,13.253,13.927,7.794,10.174,14.436,8.1852,4.7653,11.106,6.9206,7.1138,17.595,10.768
2.6517,5.3019,5.2978,5.2909,5.2812,5.2687,5.2533,5.2352,5.2141,5.1901,5.1632,5.1333,5.1004,5.0644,5.0254,4.9834,4.9382,4.89,4.8387,4.7843,4.727,4.6666,4.6034,4.5373,4.4684,4.397,4.3229,4.2465,4.1678,4.0871,4.0044,3.9199,3.834,3.7466,3.6581,3.5687,3.4786,3.3879,3.2969,3.2057,3.1146,3.0237,2.9331,2.843,2.7534,2.6644,2.576,2.4883,2.4012,2.3146,2.2284,2.1426,2.057,1.9713,1.8855,1.7994,1.7128,1.6256,1.5377,1.449,1.3597,1.2701,1.1804,1.0915,1.0045,0.92121,0.84409,0.77684,0.72429,0.69211,0.68562,0.70794,0.75876,0.8349,0.93188,1.0454,1.1717,1.3082,1.4526,1.6032,1.7587,1.9181,2.0803,2.2446,2.4101,2.5763,2.7424,2.9078,3.0719,3.2341,3.3939,3.5508,3.7043,3.8538,3.999,4.1394,4.2747,4.4045,4.5284,4.6463,4.758,4.8631,4.9616,5.0534,5.1385,5.2169,5.2885,5.3536,5.4122,5.4646,5.5109,5.5516,5.5867,5.6169,5.6423,5.6634,5.6806,5.6943,5.705,5.7131,5.7191,5.7232,5.726,5.7277,5.7286,5.7291,5.7293,5.7293,2.8647
0.76927,1.5365,1.5303,1.5195,1.5035,1.4815,1.4527,1.4162,1.371,1.3164,1.2517,1.1765,1.0907,0.99409,0.88719,0.77056,0.6451,0.51203,0.37296,0.23039,0.093305,0.092846,0.23081,0.37527,0.51696,0.65308,0.78171,0.90128,1.0106,1.1087,1.1951,1.2697,1.333,1.3858,1.4295,1.4659,1.4971,1.5254,1.5534,1.5831,1.6164,1.6541,1.6965,1.7427,1.7913,1.8398,1.8855,1.9256,1.9571,1.9774,1.9845,1.9772,1.9553,1.9202,1.8751,1.8254,1.7793,1.7478,1.744,1.7808,1.868,2.0097,2.2035,2.4421,2.7161,3.0153,3.3295,3.6493,3.9659,4.271,4.5569,4.8162,5.0425,5.2294,5.3717,5.4645,5.5038,5.4863,5.4099,5.273,5.0752,4.8171,4.5004,4.1275,3.7023,3.2297,2.7158,2.1689,1.6016,1.0404,0.59121,0.64991,1.147,1.7322,2.3251,2.9021,3.4501,3.9597,4.4229,4.8328,5.1837,5.4706,5.6899,5.8389,5.9161,5.9211,5.8547,5.7188,5.5164,5.2518,4.93,4.5571,4.1401,3.6866,3.2048,2.7034,2.1915,1.6785,1.1741,0.68969,0.25249,0.26289,0.62932,0.96712,1.2544,1.4838,1.6509,1.7524,0.8932
7.0428,13.951,13.555,12.917,12.069,11.052,9.9199,8.7293,7.5435,6.427,5.4412,4.6356,4.0327,3.612,3.3105,3.045,2.7428,2.3583,1.8793,1.344,0.93711,1.113,1.8039,2.6576,3.5371,4.3743,5.1182,5.7253,6.1584,6.3874,6.3914,6.1598,5.6939,5.0082,4.1308,3.1044,1.9906,0.91923,0.74352,1.6575,2.5605,3.2847,3.7758,4.0155,4.0264,3.8938,3.7945,3.9844,4.6511,5.7664,7.1651,8.6689,10.124,11.399,12.384,12.989,13.147,12.815,11.98,10.655,8.8832,6.7367,4.322,1.8714,1.6151,4.0345,6.5007,8.7309,10.614,12.078,13.084,13.63,13.747,13.507,13.019,12.419,11.862,11.486,11.366,11.491,11.766,12.054,12.224,12.171,11.833,11.186,10.246,9.0584,7.697,6.2591,4.8645,3.6606,2.8206,2.4601,2.4536,2.5134,2.4409,2.1794,1.8118,1.6378,2.0516,2.9684,4.0941,5.2415,6.2887,7.1446,7.74,8.0273,7.9815,7.602,6.9141,5.9724,4.8712,3.7754,2.9965,2.957,3.6521,4.6435,5.6125,6.3974,6.9121,7.1107,6.9766,6.5175,5.7656,4.7802,3.6634,2.6211,1.064
3.6289,7.2556,7.249,7.2379,7.2225,7.2028,7.179,7.1511,7.1193,7.0837,7.0445,7.002,6.9561,6.9073,6.8556,6.8013,6.7446,6.6857,6.6247,6.5619,6.4973,6.4311,6.3634,6.2942,6.2236,6.1515,6.0779,6.0027,5.9257,5.8467,5.7655,5.6818,5.5952,5.5054,5.412,5.3145,5.2126,5.1058,4.9937,4.8758,4.7516,4.6209,4.4831,4.3381,4.1855,4.0252,3.857,3.6809,3.4969,3.3053,3.1063,2.9003,2.6882,2.4707,2.2493,2.0256,1.8023,1.5831,1.3739,1.1839,1.0278,0.92606,0.89958,0.95552,1.0808,1.2535,1.4548,1.6718,1.8962,2.1224,2.3463,2.5651,2.7762,2.9777,3.1678,3.3448,3.5074,3.6542,3.784,3.8959,3.9887,4.0618,4.1142,4.1456,4.1552,4.1429,4.1083,4.0515,3.9725,3.8716,3.7492,3.606,3.4427,3.2606,3.0609,2.8456,2.6169,2.378,2.1332,1.8888,1.6542,1.4439,1.2801,1.1915,1.202,1.3141,1.5079,1.7571,2.0408,2.3445,2.6587,2.9768,3.2938,3.6059,3.9101,4.2036,4.4841,4.7496,4.9981,5.2281,5.4379,5.6262,5.7919,5.9338,6.0512,6.1432,6.2094,6.2492,3.1313
0.94693,1.9879,2.2524,2.6515,3.1527,3.7337,4.3783,5.073,5.8041,6.5567,7.3142,8.0587,8.7708,9.4304,10.017,10.511,10.893,11.147,11.257,11.213,11.006,10.633,10.095,9.3958,8.5468,7.5624,6.4624,5.2713,4.0212,2.7598,1.6028,1.082,1.8055,2.8966,3.9857,4.9905,5.8762,6.6215,7.2126,7.641,7.9029,7.9989,7.9336,7.7153,7.3558,6.8703,6.2773,5.5991,4.8629,4.1026,3.3635,2.7109,2.2399,2.052,2.1565,2.4335,2.7437,2.9928,3.1251,3.1073,2.9212,2.5609,2.0348,1.3803,0.78521,1.0305,1.9796,3.1016,4.2708,5.4242,6.5094,7.4777,8.2842,8.8889,9.2584,9.3676,9.2007,8.7526,8.0293,7.048,5.8369,4.4345,2.8895,1.2675,0.53866,2.1165,3.6685,5.0803,6.2948,7.2659,7.9577,8.3458,8.4183,8.177,7.6366,6.825,5.7823,4.5593,3.2181,1.8411,0.68845,1.2088,2.3512,3.3699,4.1706,4.7078,4.9537,4.8958,4.5356,3.889,2.9848,1.8635,0.57829,0.83277,2.2796,3.7155,5.0778,6.3111,7.3677,8.2114,8.8196,9.1851,9.3189,9.2506,9.0298,8.7241,8.4152,8.186,4.0506
7.5682,15.176,15.138,14.673,13.465,11.447,8.9972,7.2043,7.4608,9.2505,10.923,11.542,10.861,9.1371,7.0356,5.4597,4.8842,4.6739,4.1436,3.6602,4.373,6.0437,7.4967,8.0385,7.5819,6.7434,6.7584,8.1399,9.9599,11.341,12.118,12.726,13.726,15.131,16.297,16.437,15.064,12.15,8.0943,3.595,0.92005,4.056,6.1345,7.0698,7.2203,6.9702,6.4028,5.2824,3.3963,1.1911,2.7964,5.4866,7.271,7.539,6.0641,3.1146,1.8855,5.8254,9.4269,11.665,12.167,11.142,9.523,8.861,9.856,11.279,11.725,10.559,7.8439,4.2951,2.6357,5.1746,7.4084,8.0781,7.02,4.5284,1.2644,2.397,5.2727,7.1332,7.816,7.5846,7.0975,7.1044,7.7575,8.5259,8.8781,8.6193,7.8443,6.7759,5.5919,4.3691,3.3212,3.2749,4.6612,6.5564,8.1595,8.997,8.8315,7.6533,5.6582,3.2397,1.6882,3.4638,5.9915,8.2993,10.074,10.994,10.743,9.1185,6.1661,2.4618,3.2328,7.3826,10.775,12.661,12.752,11.216,8.7727,6.8548,6.9577,8.2986,9.1667,8.8259,7.3109,5.1367,3.1455,2.2654,1.1159
9.3981,18.646,18.202,17.481,16.511,15.332,13.991,12.548,11.073,9.6452,8.3529,7.2896,6.5337,6.1139,5.9804,6.0191,6.1015,6.1224,6.0119,5.7318,5.2688,4.6298,3.8402,2.9493,2.0605,1.465,1.6847,2.5251,3.5253,4.5086,5.4016,6.1626,6.7652,7.1938,7.443,7.5166,7.4278,7.199,6.8616,6.4553,6.0275,5.6296,5.3114,5.1102,5.0388,5.0808,5.197,5.3396,5.4643,5.537,5.5366,5.4546,5.2944,5.0713,4.8112,4.5503,4.3316,4.1979,4.1802,4.2858,4.4958,4.7736,5.0775,5.3694,5.6185,5.8026,5.9073,5.9248,5.8537,5.6977,5.4654,5.1693,4.826,4.4556,4.0817,3.7313,3.4341,3.2187,3.1071,3.1069,3.2085,3.3896,3.6245,3.8906,4.1711,4.4552,4.7366,5.0127,5.2831,5.5484,5.8095,6.0665,6.3182,6.5614,6.7912,7.0006,7.181,7.3226,7.4152,7.4488,7.4143,7.3045,7.1145,6.8427,6.4916,6.0682,5.5853,5.0626,4.5286,4.0225,3.5959,3.3071,3.2021,3.286,3.5159,3.8252,4.151,4.4451,4.6742,4.8175,4.8641,4.8123,4.6689,4.4495,4.1787,3.8912,3.6311,3.447,1.69
16.896,33.161,31.311,28.384,24.598,20.235,15.625,11.135,7.212,4.5835,4.1887,5.1794,6.069,6.3795,6.0804,5.3055,4.2852,3.3476,2.8961,3.0832,3.5674,3.9817,4.1587,4.0651,3.7429,3.277,2.7714,2.3254,2.0043,1.8157,1.7255,1.7072,1.7646,1.9034,2.0955,2.2816,2.398,2.3997,2.2713,2.0304,1.726,1.4273,1.1962,1.0426,0.92837,0.88861,1.141,1.8087,2.7917,3.9682,5.2242,6.4453,7.521,8.3554,8.878,9.0534,8.8875,8.4306,7.7756,7.0506,6.3994,5.9425,5.7252,5.6954,5.7436,5.767,5.7031,5.5293,5.2459,4.8566,4.3551,3.7249,2.9544,2.0751,1.3131,1.4659,2.5121,3.7463,4.903,5.8463,6.49,6.7993,6.8057,6.6225,6.4463,6.5043,6.9261,7.6439,8.4482,9.1093,9.45,9.372,8.8677,8.0335,7.0895,6.3819,6.2618,6.7828,7.6303,8.4123,8.8461,8.7787,8.1752,7.1232,5.8726,4.931,4.9765,6.0844,7.6407,9.1158,10.208,10.758,10.7,10.045,8.8682,7.3017,5.5359,3.8555,2.7784,2.8934,3.7515,4.6148,5.1859,5.3808,5.2095,4.7447,4.1218,3.5545,1.6578
6.9997,13.915,13.663,13.247,12.676,11.959,11.108,10.14,9.0692,7.9161,6.7005,5.4441,4.1707,2.9097,1.7128,0.81937,1.1693,2.1341,3.107,4.0023,4.7942,5.4695,6.0202,6.442,6.7337,6.8969,6.9358,6.8571,6.6698,6.3846,6.0144,5.5736,5.0781,4.5453,3.9945,3.4475,2.9296,2.4722,2.1133,1.8924,1.8291,1.9024,2.0611,2.2539,2.4447,2.6123,2.7458,2.8407,2.8973,2.9186,2.9096,2.8767,2.8267,2.7662,2.701,2.636,2.5745,2.5183,2.4685,2.426,2.392,2.3695,2.3636,2.3818,2.433,2.5263,2.6689,2.8642,3.1112,3.4048,3.7372,4.0987,4.479,4.8677,5.2548,5.6308,5.987,6.3156,6.61,6.8644,7.0747,7.2376,7.3513,7.4154,7.4307,7.399,7.3236,7.2085,7.0587,6.8801,6.6787,6.4614,6.2349,6.006,5.7815,5.5676,5.3699,5.1933,5.0419,4.9184,4.8249,4.7618,4.7287,4.724,4.7448,4.7878,4.8487,4.9227,5.0047,5.0892,5.1709,5.2444,5.3047,5.3472,5.368,5.3641,5.3334,5.2749,5.189,5.0775,4.944,4.7934,4.6325,4.4699,4.3153,4.1794,4.0728,4.0045,1.9905
5.885,11.496,10.781,9.8659,8.9354,7.9521,6.7157,5.1147,3.4512,2.9849,4.3839,6.165,7.4901,8.0672,7.8313,6.8718,5.4406,4.0289,3.3679,3.5549,3.6102,2.7664,1.0923,2.8225,6.4436,10.027,12.788,14.133,13.765,11.773,8.6656,5.5115,4.5174,6.3093,8.3845,9.6822,9.9988,9.3564,7.8485,5.6516,3.1173,1.2407,2.1524,3.0112,2.6805,1.2078,1.1643,3.3247,4.692,4.7097,3.959,5.567,10.082,15.165,19.174,20.939,19.821,15.841,9.7007,2.7537,4.4222,9.3025,11.642,11.164,8.3912,4.815,4.2413,6.8395,8.5437,8.3034,6.2353,3.0264,0.43655,3.0435,4.3009,3.9748,2.4756,1.8667,3.8112,5.6157,6.3755,5.9422,4.6201,3.2021,3.0546,4.2893,5.8469,7.4482,9.108,10.725,12.061,12.89,13.119,12.807,12.095,11.139,10.097,9.1719,8.5791,8.3357,8.1116,7.421,5.9397,3.7388,2.1154,3.9714,6.6684,8.7209,9.7581,9.8362,9.3785,8.9896,8.9931,9.0858,8.6452,7.2133,4.6988,1.6657,3.2957,7.0725,10.339,12.563,13.479,13.062,11.492,9.0905,6.2114,3.1403,0.15406
12.513,24.204,21.906,18.612,15.004,11.796,9.4753,8.0026,6.8863,5.6732,4.247,2.8259,2.0448,2.5251,3.5603,4.5835,5.4842,6.2641,6.895,7.2836,7.3624,7.31,7.7576,9.4106,12.16,15.197,17.628,18.744,18.151,15.867,12.398,8.9243,7.545,9.0942,11.428,13.034,13.498,12.896,11.533,9.8754,8.619,8.5208,9.5811,10.905,11.594,11.195,9.8088,8.1622,7.3828,7.7271,7.9962,7.0347,4.4507,0.87285,4.2652,8.4338,11.259,12.039,10.583,7.31,3.5495,3.7499,6.6648,8.215,7.6842,5.3494,2.9367,4.7284,7.8332,9.6469,9.5138,7.4774,4.1159,0.9847,3.481,5.6108,6.1612,5.3388,4.3804,5.291,7.5427,9.4747,10.33,10.021,8.9698,7.9645,7.7112,8.1565,8.6821,8.8592,8.6661,8.3622,8.2819,8.6113,9.2704,9.9884,10.44,10.344,9.5433,8.0842,6.3012,4.9099,4.7106,5.3873,5.9283,5.7948,4.9214,3.5281,1.9871,0.73815,0.48418,0.67599,0.95682,1.8251,2.9666,3.9608,4.5032,4.4458,3.8776,3.3056,3.6929,5.2014,7.0987,8.8621,10.235,11.134,11.612,11.803,5.9234
11.353,21.887,19.598,16.301,12.655,9.3615,6.9335,5.3818,4.1931,2.8859,1.5488,1.7494,3.3995,5.1151,6.6126,7.8513,8.8767,9.7395,10.416,10.779,10.66,10.015,9.1593,8.9079,9.9989,12.055,13.998,14.905,14.259,11.996,8.5477,5.1263,4.765,7.3862,9.7712,10.937,10.795,9.6505,8.1007,7.0815,7.5709,9.4555,11.748,13.579,14.378,13.919,12.424,10.633,9.5655,9.5222,9.5361,8.4771,5.8684,1.9315,2.6518,6.8236,9.651,10.448,9.0194,5.7648,2.1613,4.0772,7.3047,8.8584,8.3381,6.2308,4.6057,6.3865,9.3697,11.255,11.273,9.4202,6.2547,2.8051,1.8148,3.3514,3.7774,3.2769,3.9177,6.5149,9.4497,11.641,12.591,12.272,11.086,9.7368,8.906,8.75,8.8413,8.7367,8.3285,7.8109,7.5137,7.6824,8.296,9.0892,9.7125,9.8645,9.3845,8.3364,7.0775,6.2258,6.213,6.6914,6.9581,6.5881,5.522,3.9656,2.2726,0.84801,0.52107,1.0151,1.5584,2.433,3.5147,4.4583,4.9601,4.8597,4.218,3.4717,3.5747,4.9083,6.7411,8.4798,9.8409,10.733,11.206,11.393,5.7178
12.034,23.248,20.959,17.681,14.104,10.957,8.7408,7.3919,6.3599,5.1593,3.6722,2.1306,1.465,2.4528,3.7516,4.9078,5.8921,6.7396,7.4414,7.9157,8.0925,8.1134,8.515,9.9568,12.444,15.262,17.528,18.524,17.854,15.548,12.163,9.0019,8.1929,10.077,12.492,14.089,14.484,13.741,12.138,10.099,8.2968,7.6548,8.4606,9.7605,10.488,10.114,8.7187,7.0678,6.4408,7.0785,7.5794,6.776,4.3768,1.7742,4.8632,8.9072,11.697,12.459,10.975,7.607,3.3673,2.5749,5.6543,7.2724,6.8146,4.743,3.5579,6.1825,9.3809,11.253,11.186,9.2207,5.9207,2.2776,1.7402,3.6245,4.1092,3.4632,3.6573,6.019,8.8818,11.034,11.937,11.534,10.196,8.6097,7.5169,7.1852,7.1992,7.064,6.6549,6.1832,5.9924,6.2853,6.9558,7.6998,8.188,8.1557,7.4791,6.283,5.102,4.8806,5.8607,7.1224,7.8855,7.8324,6.9789,5.5693,3.9702,2.5561,1.6357,1.5068,2.205,3.3612,4.6178,5.6401,6.1443,5.9605,5.0844,3.7463,2.6931,3.2592,4.9552,6.6962,8.0743,8.9758,9.4468,9.6272,4.833
12.814,24.613,21.768,17.673,13.204,9.4453,7.4116,7.0234,6.981,6.3983,5.1699,3.6737,2.8141,3.5014,4.9523,6.3596,7.4526,8.1534,8.4578,8.398,8.0683,7.7387,7.9628,9.2665,11.52,14.034,16.048,16.967,16.488,14.705,12.196,10.109,9.7386,11.008,12.589,13.511,13.436,12.406,10.657,8.5659,6.7656,6.179,7.0191,8.25,8.9292,8.7373,7.9815,7.4948,7.8703,8.5235,8.3455,6.6262,3.2904,1.568,6.307,10.437,12.874,12.999,10.732,6.5834,1.8106,3.8033,7.2014,8.4571,7.241,4.0036,2.3621,6.6875,10.655,12.805,12.655,10.358,6.6603,3.0831,3.2741,5.1431,5.6663,5.0196,5.0816,7.3548,10.36,12.594,13.321,12.393,10.182,7.5685,5.9579,6.287,7.4391,8.1879,8.1937,7.6026,6.7707,6.1091,5.9232,6.2091,6.6516,6.859,6.5561,5.6993,4.6252,4.2165,5.1136,6.596,7.7916,8.2685,7.9252,6.9027,5.5051,4.0924,2.9314,2.0672,1.5269,1.8766,3.1344,4.6282,5.8784,6.5306,6.3566,5.3052,3.5921,2.2338,3.4546,5.8236,7.9935,9.6055,10.601,11.089,5.6133
12.393,24.503,23.661,22.293,20.452,18.208,15.649,12.876,9.9989,7.1311,4.3856,1.8678,0.3365,2.1434,3.518,4.4421,4.9338,5.0482,4.8784,4.5551,4.2335,4.0509,4.0533,4.1603,4.2214,4.0925,3.673,2.9133,1.8174,0.55706,1.4234,3.2079,5.0529,6.8085,8.3441,9.5416,10.302,10.555,10.259,9.4117,8.0462,6.2324,4.0783,1.7841,1.3034,3.5738,5.853,7.8607,9.4769,10.622,11.253,11.361,10.975,10.155,8.9941,7.6123,6.1589,4.8213,3.8354,3.4191,3.539,3.8927,4.2108,4.3667,4.3391,4.1763,3.9796,3.8817,3.9958,4.3495,4.8766,5.4733,6.0462,6.5271,6.8711,7.0509,7.0514,6.8662,6.4947,5.9425,5.2225,4.3613,3.4122,2.498,1.9342,2.1703,3.0296,4.0697,5.0697,5.9193,6.5497,6.9165,6.9963,6.7877,6.3118,5.6148,4.7726,3.9029,3.189,2.8708,3.0609,3.5798,4.1708,4.6682,4.9859,5.0868,4.9661,4.6449,4.1686,3.6091,3.0759,2.724,2.7062,3.0417,3.6041,4.2566,4.9121,5.5237,6.0688,6.5388,6.9331,7.2558,7.5134,7.7132,7.8629,7.97,8.0411,8.0814,4.0472
11.034,21.961,21.644,21.121,20.402,19.499,18.426,17.201,15.846,14.382,12.832,11.223,9.5786,7.9252,6.2879,4.691,3.1574,1.7083,0.36294,0.86204,1.9527,2.898,3.69,4.3238,4.798,5.114,5.2763,5.2923,5.1719,4.9274,4.5732,4.1251,3.6005,3.0177,2.3959,1.7555,1.1214,0.54816,0.39569,0.83576,1.3212,1.757,2.1227,2.4084,2.6087,2.7209,2.745,2.6832,2.5398,2.3208,2.034,1.6886,1.2945,0.86288,0.40487,0.068039,0.54459,1.014,1.4663,1.8925,2.2849,2.637,2.9442,3.2032,3.4125,3.5725,3.6849,3.753,3.7814,3.7758,3.7424,3.688,3.6187,3.5404,3.4573,3.3724,3.2864,3.1985,3.106,3.0053,2.8918,2.7612,2.6094,2.4332,2.2305,2.0005,1.7435,1.4612,1.1565,0.83308,0.4957,0.1496,0.19952,0.54574,0.88316,1.2061,1.5092,1.7877,2.0377,2.256,2.4403,2.5895,2.7033,2.7826,2.8292,2.8457,2.8356,2.8027,2.7513,2.6857,2.61,2.5275,2.4409,2.3518,2.2606,2.1666,2.0684,1.9636,1.85,1.725,1.5868,1.4339,1.2657,1.0824,0.88507,0.67546,0.45604,0.22978,0
4.1419,8.2628,8.2003,8.0972,7.9551,7.776,7.5628,7.3187,7.0475,6.7535,6.4414,6.1163,5.7836,5.449,5.1181,4.7968,4.4904,4.2039,3.9414,3.7058,3.4984,3.3186,3.164,3.0302,2.9117,2.8019,2.6942,2.5822,2.4603,2.324,2.1699,1.9958,1.801,1.5861,1.3534,1.1083,0.86225,0.6428,0.51949,0.58251,0.79934,1.0845,1.3956,1.7144,2.031,2.3388,2.6328,2.9087,3.1628,3.3921,3.594,3.7664,3.908,4.0178,4.0956,4.1417,4.1571,4.1431,4.1021,4.0368,3.9503,3.8467,3.73,3.6049,3.4762,3.3486,3.2267,3.1146,3.0154,2.9311,2.8622,2.8078,2.7655,2.7318,2.7028,2.6738,2.6406,2.5994,2.5471,2.4814,2.4013,2.3067,2.1988,2.0803,1.9556,1.831,1.715,1.6179,1.5516,1.5265,1.5492,1.6196,1.7313,1.8739,2.0364,2.2084,2.3811,2.5469,2.7001,2.8356,2.9497,3.0393,3.1023,3.1372,3.1433,3.1207,3.07,2.9927,2.891,2.7676,2.6263,2.4714,2.3083,2.1431,1.9832,1.8365,1.7114,1.616,1.556,1.5332,1.5447,1.5834,1.6399,1.7045,1.7688,1.8256,1.8698,1.8977,0.95363
62.882,10.663,16.942,7.9682,6.4928,22.817,7.5281,22.545,29.991,18.413,24.783,17.194,31.108,7.7406,7.0065,32.952,14.414,8.7609,32.943,3.37,32.526,11.608,25.289,27.313,17.069,15.849,28.753,16.797,14.194,23.346,18.988,12.582,21.942,18.301,20.682,7.7069,16.82,26.455,4.7236,28.945,14.606,7.0516,29.356,2.5301,9.4529,8.9072,23.564,14.253,6.2544,15.333,13.289,3.886,13.336,3.7283,13.07,13.209,6.334,18.579,14.573,7.459,21.34,31.976,36.153,22.223,19.446,14.044,24.979,35.685,32.443,25.581,2.3566,17.177,9.4775,27.277,4.754,14.592,21.522,25.298,30.354,2.7231,8.7362,25.808,19.344,23.361,9.4955,27.268,18.74,30.137,20.536,34.569,27.62,26.356,20.325,8.785,5.7895,34.492,27.207,34.637,18.94,14.38,23.527,13.569,18.98,17.459,9.2513,26.76,29.096,17.764,29.781,6.6449,30.624,23.539,9.0226,16.632,8.4572,4.9508,12.428,19.34,24.802,15.487,6.5021,10.659,14.149,9.5289,9.4838,9.502,29.087,15.819,6.8287
13.005,25.726,24.899,23.592,21.908,19.968,17.898,15.809,13.776,11.828,9.947,8.084,6.1851,4.2176,2.2007,0.62601,2.1657,4.0861,5.8253,7.2702,8.3421,8.99,9.1932,8.9616,8.333,7.3684,6.1454,4.7507,3.2748,1.8167,0.63412,1.1659,2.2384,3.1623,3.8773,4.3664,4.6283,4.6751,4.5331,4.2456,3.8759,3.5087,3.2419,3.1562,3.2696,3.531,3.8659,4.2189,4.5637,4.8936,5.2064,5.491,5.7212,5.8575,5.8561,5.6788,5.3033,4.7296,3.9829,3.1142,2.2006,1.3569,0.82284,0.92269,1.2895,1.6025,1.8607,2.1763,2.6599,3.3248,4.0899,4.8359,5.4461,5.8271,5.9239,5.7358,5.3363,4.8973,4.6845,4.9298,5.6183,6.5102,7.3349,7.8832,8.0167,7.6639,6.8197,5.5504,4.0239,2.668,2.5433,3.8172,5.391,6.7558,7.7106,8.1631,8.0908,7.531,6.5749,5.3612,4.0736,2.9479,2.2616,2.1166,2.1898,2.1162,1.7544,1.1919,1.0754,1.978,3.2295,4.4787,5.5515,6.3261,6.7216,6.7005,6.2718,5.4907,4.4596,3.3408,2.4139,2.1326,2.6063,3.3525,4.0445,4.574,4.9252,5.1185,2.5896
14.134,25.479,18.303,9.7391,4.6163,7.0323,9.6242,10.515,10.1,9.1746,8.2271,6.8726,4.8972,4.8112,8.0744,10.831,10.666,7.1649,2.7999,5.0789,7.7066,8.9031,10.957,13.308,13.237,9.6015,3.6569,3.7752,7.7153,8.4889,7.5155,8.5961,10.648,10.113,6.4708,1.7853,1.4464,2.9464,5.9899,10.412,14.351,16.859,16.953,13.623,7.5945,3.9603,6.7098,8.7912,10.906,12.143,9.5606,4.1032,6.6086,10.421,11.652,14.912,18.381,15.94,6.3428,8.4807,19.267,23.201,19.981,13.147,6.7451,2.8451,3.1239,5.1383,7.6839,9.9936,9.1496,3.2899,6.2116,14.933,18.85,16.997,12.651,10.566,9.9283,7.9579,7.6008,12.21,17.292,18.514,13.762,5.8608,10.108,15.924,15.23,10.587,9.1771,9.6266,7.1155,6.138,8.1161,6.8781,4.6239,7.311,7.8694,4.4624,7.2146,13.185,15.541,13.908,9.6952,3.8498,2.8821,8.2869,10.449,9.576,8.5092,8.5864,9.2321,11.871,14.725,14.119,9.3066,3.5065,4.2451,5.0288,3.2353,4.9119,9.5453,13.279,14.186,11.415,7.4139,8.0744,4.854
7.5763,14.994,14.523,13.751,12.696,11.38,9.8261,8.0669,6.1487,4.1614,2.3797,1.9852,3.4417,5.2377,6.8747,8.1837,9.0681,9.4739,9.3876,8.8367,7.887,6.6368,5.2088,3.7468,2.445,1.7031,2.0036,2.8992,3.931,4.984,6.0177,6.9787,7.7886,8.3563,8.599,8.4632,7.9418,7.0875,6.0234,4.9524,4.1438,3.8057,3.842,3.9011,3.6677,2.9813,1.8816,1.2766,2.8443,5.1433,7.546,9.7764,11.611,12.866,13.416,13.201,12.24,10.637,8.5882,6.4213,4.7179,4.3322,5.2687,6.5394,7.5084,7.9292,7.7453,7.0205,5.926,4.7632,4.0061,4.0895,4.8415,5.7369,6.4234,6.7418,6.6494,6.1785,5.411,4.4591,3.4454,2.4855,1.6712,1.0559,0.6447,0.41577,0.39548,0.55708,0.76131,0.91224,0.96964,0.97942,1.1237,1.5793,2.3025,3.1536,3.9984,4.7166,5.2079,5.4024,5.2744,4.8573,4.2651,3.7241,3.557,3.9507,4.7459,5.6677,6.5373,7.285,7.9193,8.4897,9.0423,9.5772,10.028,10.275,10.177,9.61,8.5012,6.8631,4.8708,3.2311,3.792,6.2306,9.024,11.585,13.613,14.91,7.6781
0.85148,2.4393,3.8414,5.3226,6.7191,7.9574,8.9901,9.7828,10.311,10.56,10.522,10.201,9.6067,8.758,7.6813,6.4094,4.9821,3.4466,1.8737,0.66669,1.6772,3.1873,4.6373,5.9561,7.1041,8.0518,8.7779,9.2685,9.5175,9.5266,9.3048,8.8685,8.241,7.4526,6.5403,5.5502,4.541,3.597,2.8519,2.4966,2.6355,3.1188,3.7236,4.3107,4.8095,5.1846,5.4194,5.5091,5.4572,5.2736,4.9729,4.5734,4.0958,3.5621,2.9953,2.4187,1.8598,1.3608,1.0151,0.9871,1.2943,1.7778,2.3469,2.9735,3.6491,4.3682,5.1231,5.902,6.689,7.4649,8.2081,8.8959,9.5053,10.015,10.404,10.656,10.757,10.699,10.477,10.09,9.5445,8.8505,8.0233,7.0831,6.0558,4.9738,3.8815,2.8507,2.032,1.7356,2.1124,2.8201,3.5792,4.2767,4.8634,5.3141,5.6163,5.7653,5.7637,5.6207,5.3522,4.9822,4.5443,4.0853,3.6696,3.3785,3.2926,3.4483,3.8132,4.3135,4.8751,5.4404,5.9683,6.4301,6.8058,7.0822,7.2517,7.3113,7.2623,7.11,6.8637,6.5365,6.1462,5.7154,5.2732,4.8556,4.5061,4.2705,2.0934
8.0119,15.696,14.756,13.338,11.65,9.9556,8.524,7.5297,6.935,6.4974,5.9343,5.0627,3.8333,2.3089,0.63977,1.0625,2.5122,3.5934,4.1837,4.2407,3.8349,3.2309,3.022,3.7468,5.0995,6.5394,7.7184,8.4251,8.5435,8.0431,6.975,5.4671,3.7241,2.0905,1.4756,2.2672,3.0947,3.5189,3.5891,3.6813,4.3848,5.9181,7.9909,10.224,12.301,13.974,15.061,15.453,15.119,14.103,12.523,10.552,8.4033,6.313,4.5176,3.2167,2.4576,2.0016,1.4997,0.78357,0.43526,1.4739,2.6119,3.6088,4.3181,4.6365,4.5135,3.9603,3.0588,1.9999,1.3264,1.8302,2.7798,3.5447,3.9144,3.8014,3.1909,2.135,0.80415,1.1279,2.79,4.4019,5.7661,6.7491,7.262,7.2669,6.7787,5.8623,4.6261,3.2119,1.7957,0.73718,1.0697,1.7497,2.1052,2.066,1.6712,1.1134,1.1298,2.0787,3.3221,4.6028,5.818,6.9167,7.8823,8.7203,9.4448,10.063,10.562,10.907,11.045,10.916,10.463,9.6453,8.4455,6.8706,4.9546,2.7647,0.66235,2.4142,5.0117,7.5984,10.062,12.313,14.272,15.872,17.055,17.783,9.0139
3.7633,6.7707,4.6851,1.7723,1.5157,4.312,6.4416,7.7865,8.4799,8.803,9.148,9.9395,11.341,13.01,14.299,14.636,13.835,12.252,10.735,10.058,10.019,9.7002,8.5534,6.8547,5.6183,5.6083,6.0067,5.7547,4.6897,3.5238,3.4857,4.5087,5.7245,6.9592,8.1021,8.6277,7.8714,5.7407,4.6927,8.5608,14.021,18.507,20.739,20.254,17.534,14.062,11.93,11.853,12.043,10.942,8.7945,7.8325,9.7527,12.415,13.727,12.99,10.442,6.9086,3.4776,1.5015,1.7279,1.8258,1.679,2.0308,2.5351,2.6577,2.4198,2.2572,2.7405,4.2412,6.8078,10.089,13.356,15.72,16.436,15.203,12.42,9.4379,8.4918,9.9642,11.587,11.926,10.769,8.5514,5.9148,3.345,1.1802,1.8134,3.7272,5.0903,5.4824,4.942,4.2782,4.6653,5.6262,5.7697,4.4618,2.7027,4.6551,8.3029,10.95,11.536,9.7737,6.2098,2.8981,4.5949,7.0267,7.4017,5.4777,2.2069,3.3791,6.9158,8.9757,8.9534,7.0784,4.3961,3.3515,5.0243,6.8708,8.3491,9.7682,11.074,11.679,10.998,8.908,5.9178,3.2267,2.6157,1.4843
13.789,23.677,13.746,4.8752,11.634,17.591,19.839,20.39,20.564,19.813,17.623,14.479,10.783,6.8244,6.8438,11.723,14.878,13.327,7.338,3.8065,9.0821,10.76,7.7496,3.5493,3.7008,2.4555,3.5178,10.554,15.486,15.93,12.648,9.0126,7.85,8.8425,11.382,13.231,11.606,6.1616,0.60739,5.1888,6.1415,7.5733,12.479,16.125,15.596,11.368,5.964,1.6626,1.9239,4.4798,5.6363,4.9077,5.0766,7.7136,9.3413,8.6379,6.7763,5.1803,3.1063,0.54299,4.6867,8.06,9.494,8.6464,5.7622,3.1486,5.9365,8.5971,8.7952,9.1851,12.566,15.479,14.946,12.166,11.681,13.492,13.475,11.548,10.923,11.832,11.267,8.6021,5.8096,5.4082,7.2344,10.028,12.526,13.355,12.128,9.812,7.7121,5.6691,2.6516,1.4661,4.4159,5.2465,4.6725,6.0634,8.0908,8.063,7.5485,9.2272,9.4659,4.6683,5.5761,16.043,22.474,21.575,14.065,5.4093,7.3425,9.4251,6.5986,1.4159,3.0617,5.568,7.4282,9.3931,11.299,13.599,15.528,14.88,10.694,4.5341,1.1766,2.803,1.3557,1.5891,1.4294
1.569,3.1349,3.1256,3.1107,3.0915,3.0694,3.0464,3.025,3.0078,2.9981,2.9988,3.0131,3.0436,3.0924,3.1609,3.2492,3.3567,3.4816,3.6217,3.7738,3.9346,4.1005,4.2678,4.433,4.5929,4.7443,4.8846,5.0114,5.123,5.2178,5.295,5.354,5.3949,5.4182,5.4249,5.4162,5.3939,5.36,5.3165,5.2657,5.2097,5.1506,5.09,5.0294,4.9697,4.9115,4.8552,4.8006,4.7477,4.6965,4.6473,4.601,4.5595,4.5255,4.5029,4.4969,4.5135,4.5595,4.6415,4.7654,4.9355,5.1538,5.4202,5.732,6.0846,6.4716,6.8858,7.3191,7.7633,8.2097,8.65,9.0761,9.4799,9.8539,10.191,10.485,10.73,10.919,11.05,11.117,11.118,11.051,10.914,10.706,10.428,10.081,9.6672,9.1892,8.6509,8.0567,7.4117,6.7218,5.9937,5.2346,4.4528,3.6579,2.8622,2.0854,1.3732,0.88717,0.99431,1.5432,2.1946,2.8481,3.473,4.0551,4.5858,5.0589,5.4698,5.8151,6.092,6.2989,6.4351,6.5005,6.496,6.4233,6.2851,6.0847,5.8267,5.5165,5.1608,4.768,4.3484,3.9155,3.4871,3.0882,2.7526,2.5229,1.2202
9.8971,19.643,19.194,18.457,17.451,16.201,14.737,13.095,11.315,9.4436,7.5305,5.636,3.8495,2.3814,1.8773,2.6672,3.8555,5.0066,6.0032,6.8038,7.3916,7.7626,7.9216,7.8804,7.6565,7.2719,6.7525,6.1268,5.4249,4.6775,3.9158,3.1706,2.4742,1.8652,1.3997,1.1606,1.1934,1.4181,1.7296,2.0789,2.4539,2.8555,3.2848,3.7391,4.2097,4.6835,5.144,5.5738,5.9553,6.2731,6.5146,6.6714,6.74,6.7223,6.6267,6.4683,6.269,6.0567,5.8639,5.7234,5.6624,5.6956,5.8208,6.0196,6.2624,6.5155,6.7464,6.9273,7.0369,7.061,6.993,6.8338,6.5923,6.2854,5.9381,5.5836,5.2612,5.0126,4.8725,4.8584,4.9626,5.155,5.3929,5.6319,5.8327,5.9638,6.0026,5.9347,5.7538,5.4616,5.0686,4.5952,4.0755,3.5632,3.1408,2.9169,2.9805,3.3285,3.8739,4.5177,5.1853,5.8257,6.4043,6.8968,7.287,7.5644,7.7238,7.7648,7.6906,7.5082,7.2275,6.8609,6.4225,5.9279,5.3931,4.8343,4.267,3.7058,3.1638,2.6522,2.1804,1.7556,1.383,1.0659,0.80613,0.60432,0.46035,0.37397,0.17258
10.336,20.504,20.005,19.186,18.069,16.682,15.06,13.243,11.277,9.2123,7.1037,5.0149,3.0451,1.5373,1.8032,3.1998,4.616,5.8604,6.8814,7.658,8.1825,8.4574,8.493,8.3069,7.9225,7.3687,6.6778,5.8853,5.0279,4.1431,3.2672,2.436,1.685,1.0572,0.63724,0.57286,0.75285,0.9568,1.1426,1.3435,1.6101,1.9775,2.451,3.0131,3.6353,4.2862,4.9346,5.5517,6.1115,6.5923,6.9774,7.2557,7.4223,7.4799,7.4382,7.315,7.1359,6.9328,6.7421,6.5997,6.5347,6.5619,6.6779,6.8618,7.0808,7.2973,7.4746,7.5814,7.5938,7.4957,7.2802,6.9495,6.5158,6.0026,5.4465,4.9004,4.4356,4.1345,4.0645,4.2386,4.6044,5.0776,5.5771,6.0393,6.4182,6.682,6.8107,6.7941,6.6317,6.3319,5.9134,5.4067,4.8577,4.3332,3.9241,3.7331,3.8275,4.1905,4.7379,5.374,6.0216,6.6254,7.1469,7.5601,7.8482,8.0021,8.0196,7.9039,7.6636,7.3117,6.8649,6.3429,5.7675,5.1622,4.5508,3.9574,3.4045,2.9125,2.4974,2.1677,1.9216,1.7455,1.6183,1.5189,1.4326,1.3541,1.2869,1.2403,0.61169
7.023,13.903,13.481,12.806,11.913,10.846,9.6499,8.3656,7.0275,5.6634,4.2973,2.9554,1.6775,0.60372,0.84497,1.6928,2.3711,2.7986,2.95,2.8412,2.5561,2.3054,2.4365,3.1163,4.1532,5.3041,6.3949,7.3015,7.9357,8.2426,8.2015,7.8277,7.173,6.3264,5.4155,4.6063,4.0816,3.9546,4.1712,4.5707,5.0273,5.5019,6.023,6.6451,7.4048,8.2934,9.2555,10.206,11.05,11.702,12.092,12.173,11.925,11.351,10.479,9.3533,8.0354,6.5947,5.1057,3.6431,2.2782,1.0773,0.17436,0.69114,1.1561,1.3655,1.3783,1.3657,1.6153,2.2584,3.1694,4.1868,5.1771,6.0262,6.6355,6.9273,6.8522,6.4002,5.6168,4.6375,3.7689,3.549,4.267,5.5196,6.8271,7.894,8.5388,8.6502,8.1756,7.1183,5.5363,3.5386,1.2916,1.1619,3.394,5.355,6.847,7.7254,7.896,7.3293,6.0831,4.3805,3.0288,3.8899,6.4718,9.4393,12.284,14.731,16.589,17.726,18.073,17.619,16.415,14.565,12.222,9.5921,6.9628,4.8498,4.2119,5.3187,7.0813,8.8096,10.276,11.421,12.255,12.82,13.17,13.355,6.7065
12.167,24.075,23.292,21.983,20.166,17.901,15.308,12.57,9.9225,7.6186,5.8553,4.6455,3.749,2.8521,1.8962,1.6216,2.7518,4.3175,5.7438,6.7569,7.1997,7.0209,6.2847,5.1865,4.0868,3.5114,3.7329,4.3211,4.7507,4.7868,4.4605,4.0756,4.1757,5.0611,6.4221,7.7911,8.8201,9.2816,9.0474,8.0777,6.4136,4.1686,1.5276,1.4207,4.2373,6.8137,8.9127,10.351,10.999,10.799,9.7717,8.0208,5.7452,3.3112,1.9948,3.502,5.5446,7.1645,8.1372,8.4104,8.0438,7.1921,6.0898,5.0247,4.2674,3.9121,3.7803,3.6028,3.232,2.6916,2.1706,1.9724,2.1899,2.5348,2.7249,2.6333,2.2489,1.6445,0.97778,0.63001,0.92147,1.2801,1.4722,1.5387,1.6479,1.9491,2.3985,2.8261,3.0719,3.0363,2.6971,2.1321,1.5895,1.5475,2.0633,2.6448,2.9767,2.9211,2.4559,1.7148,1.3302,2.1816,3.5725,4.9773,6.1912,7.1101,7.6968,7.9712,7.998,7.8707,7.697,7.5897,7.6571,7.9811,8.5798,9.3833,10.246,10.988,11.431,11.441,10.946,9.9567,8.5771,7.0055,5.5347,4.512,4.1312,4.1718,2.1203
10.774,21.203,20.187,18.573,16.479,14.069,11.569,9.2882,7.6465,7.0539,7.4941,8.4652,9.4719,10.232,10.625,10.627,10.275,9.6484,8.8488,7.9867,7.1601,6.4314,5.8114,5.26,4.7118,4.1128,3.4539,2.805,2.361,2.3929,2.9154,3.6608,4.3963,4.9841,5.3449,5.4403,5.2676,4.8602,4.2924,3.689,3.231,3.1024,3.3346,3.7613,4.177,4.4352,4.4494,4.1793,3.6224,2.8167,1.8755,1.2397,1.8142,3.0654,4.4313,5.7446,6.921,7.9044,8.6577,9.1597,9.4028,9.3912,9.138,8.6636,7.9953,7.1686,6.2345,5.2738,4.4263,3.9209,3.995,4.6527,5.6667,6.8105,7.9333,8.9386,9.7635,10.37,10.741,10.88,10.806,10.553,10.162,9.6756,9.1293,8.5437,7.9224,7.2531,6.5154,5.6899,4.77,3.7717,2.7521,1.8638,1.5013,1.9265,2.66,3.3383,3.8168,4.0267,3.9378,3.5545,2.9267,2.1997,1.7836,2.2474,3.3497,4.6391,5.9004,7.0153,7.9049,8.518,8.8284,8.8348,8.5604,8.0507,7.37,6.5965,5.8148,5.1043,4.5224,4.0861,3.766,3.5047,3.2492,2.9769,2.7067,2.4957,1.2071
10.34,20.338,19.336,17.74,15.666,13.271,10.771,8.4675,6.7913,6.2062,6.7076,7.731,8.7553,9.5082,9.8825,9.8655,9.5038,8.8836,8.1151,7.3153,6.5849,5.981,5.4976,5.0723,4.6213,4.0793,3.428,2.7214,2.1352,2.0003,2.4516,3.19,3.9321,4.5253,4.8883,4.9831,4.8089,4.4029,3.8474,3.2841,2.9209,2.9428,3.3197,3.8386,4.2968,4.5616,4.5555,4.2415,3.615,2.7,1.5562,0.51748,1.4957,3.0014,4.5132,5.9381,7.2106,8.2814,9.1156,9.6931,10.007,10.062,9.8724,9.4581,8.8467,8.0728,7.1832,6.2463,5.3696,4.719,4.4956,4.8016,5.5325,6.4842,7.4824,8.408,9.1838,9.763,10.124,10.265,10.205,9.9754,9.6162,9.1683,8.6654,8.1265,7.5533,6.932,6.2412,5.4626,4.5923,3.6539,2.7221,1.9865,1.8146,2.2913,3.0087,3.6739,4.1509,4.3699,4.2991,3.9397,3.3341,2.5959,2.0174,2.1352,3.0041,4.1724,5.3618,6.433,7.3027,7.9208,8.2649,8.3387,8.1705,7.8102,7.3234,6.7831,6.2563,5.7879,5.3872,5.0266,4.6552,4.2201,3.6863,3.049,2.3465,1.6971,0.69633
10.912,21.463,20.406,18.716,16.503,13.914,11.143,8.456,6.2633,5.1952,5.57,6.7386,7.9733,8.9299,9.4859,9.6249,9.3917,8.8703,8.1689,7.4045,6.682,6.071,5.5858,5.1868,4.809,4.4001,3.9512,3.5131,3.1968,3.127,3.3356,3.7174,4.1155,4.3994,4.484,4.3278,3.9317,3.3473,2.7049,2.2757,2.4047,3.063,3.9196,4.7283,5.3464,5.6866,5.6977,5.36,4.6844,3.7185,2.5785,1.6484,1.9665,3.324,4.9117,6.4727,7.8956,9.1103,10.07,10.745,11.123,11.204,11.003,10.543,9.8586,8.9962,8.0195,7.0189,6.1272,5.5244,5.3878,5.7635,6.5174,7.4485,8.3873,9.215,9.8537,10.257,10.407,10.308,9.9869,9.4909,8.8796,8.2196,7.5728,6.9839,6.4691,6.0133,5.5791,5.1247,4.6239,4.081,3.5413,3.0964,2.8626,2.8995,3.1366,3.4248,3.6282,3.6545,3.4545,3.0208,2.4015,1.7709,1.62,2.3138,3.4398,4.6643,5.8323,6.8497,7.6522,8.2002,8.4786,8.4969,8.289,7.9098,7.4291,6.9221,6.4539,6.062,5.7446,5.4633,5.1622,4.7909,4.3239,3.7727,3.1983,2.7263,1.2677
2.4623,4.8903,4.7881,4.6204,4.391,4.1055,3.7708,3.3958,2.9914,2.5713,2.1536,1.7643,1.4436,1.2483,1.2258,1.3599,1.5816,1.8286,2.0624,2.2612,2.4128,2.5116,2.5572,2.5548,2.5163,2.4623,2.4236,2.4402,2.5532,2.7916,3.1618,3.651,4.237,4.8959,5.6057,6.3466,7.1008,7.8519,8.585,9.286,9.9419,10.541,11.072,11.526,11.894,12.17,12.348,12.424,12.395,12.261,12.024,11.685,11.248,10.721,10.109,9.4233,8.6742,7.8751,7.0419,6.1943,5.3577,4.5674,3.8741,3.3507,3.0819,3.1168,3.4188,3.8944,4.4546,5.038,5.6061,6.1346,6.6081,7.0168,7.3545,7.618,7.806,7.9193,7.96,7.9317,7.8388,7.6869,7.4821,7.2311,6.9411,6.6193,6.273,5.9093,5.5348,5.1557,4.7778,4.4058,4.0438,3.6951,3.3623,3.0476,2.7529,2.4803,2.2325,2.0135,1.8289,1.6858,1.592,1.5528,1.5689,1.6342,1.7383,1.8684,2.0125,2.1601,2.3023,2.4317,2.5422,2.6289,2.6878,2.7159,2.711,2.672,2.5985,2.4914,2.3524,2.1845,1.992,1.7811,1.5607,1.3438,1.1505,1.0104,0.47899
7.2093,14.121,13.256,11.906,10.204,8.3369,6.5603,5.2303,4.7375,5.1186,5.9507,6.8375,7.5838,8.1199,8.436,8.5477,8.4807,8.2641,7.931,7.5201,7.0778,6.6577,6.3163,6.1051,6.0584,6.1823,6.4474,6.7906,7.1234,7.3433,7.3456,7.0376,6.3526,5.2625,3.7909,2.0409,0.77689,2.3553,4.2593,5.8876,7.0372,7.5619,7.3731,6.4504,4.8477,2.6925,0.26044,2.509,5.0437,7.2115,8.793,9.6286,9.6368,8.8295,7.3251,5.3826,3.5697,3.1904,4.5686,6.2528,7.5011,8.0328,7.7454,6.6541,4.8714,2.5874,0.063264,2.485,4.7386,6.4858,7.5549,7.8511,7.3656,6.1753,4.4367,2.3925,0.88137,2.3386,4.0811,5.3903,6.1311,6.274,5.8731,5.0566,4.015,2.9902,2.2412,1.8857,1.6928,1.3143,0.5874,0.69206,2.1594,3.8598,5.6097,7.2434,8.6176,9.6297,10.231,10.433,10.305,9.9591,9.5225,9.101,8.7417,8.4205,8.0619,7.5782,6.9008,5.9911,4.8368,3.4424,1.8303,0.51986,2.2768,4.5323,6.9252,9.3365,11.621,13.606,15.114,15.976,16.057,15.278,13.627,11.176,8.0887,4.7137,1.2687
0.15171,0.66227,1.151,1.5324,1.7368,1.719,1.4518,0.92583,0.15406,0.85314,2.0336,3.3384,4.6996,6.0431,7.2929,8.3751,9.2229,9.7807,10.007,9.8781,9.3879,8.5505,7.3982,5.9812,4.3657,2.6379,0.98676,1.2195,2.7806,4.2403,5.4688,6.4073,7.0202,7.2916,7.2242,6.8397,6.1774,5.2948,4.2704,3.219,2.3443,2.0137,2.4056,3.1454,3.906,4.5498,5.0238,5.3165,5.4444,5.4496,5.3976,5.3721,5.4601,5.7254,6.1849,6.8072,7.5315,8.2897,9.0179,9.6616,10.176,10.528,10.689,10.645,10.389,9.9213,9.2555,8.413,7.4258,6.3363,5.1996,4.0887,3.1103,2.4319,2.242,2.5105,2.9864,3.4831,3.9308,4.3295,4.7173,5.1492,5.6746,6.3179,7.0701,7.8936,8.7343,9.5328,10.232,10.786,11.156,11.321,11.273,11.018,10.575,9.9736,9.2505,8.4448,7.5941,6.7291,5.8711,5.0306,4.2117,3.4232,2.7024,2.1634,2.0307,2.425,3.1671,4.0446,4.9284,5.7362,6.4081,6.8999,7.1825,7.2446,7.096,6.7714,6.3355,5.886,5.5483,5.4445,5.6336,6.0732,6.6496,7.2363,7.7286,8.0528,4.0828
13.102,25.878,24.921,23.395,21.398,19.053,16.5,13.878,11.315,8.9103,6.7257,4.7782,3.0434,1.4715,0.10831,1.3926,2.7042,3.907,4.9444,5.7532,6.2797,6.4942,6.4047,6.0719,5.6249,5.2693,5.2396,5.6549,6.4192,7.3161,8.1369,8.7241,8.9721,8.8214,8.2531,7.2852,5.9702,4.3962,2.7168,1.4441,2.0642,3.6251,5.1575,6.4546,7.4275,8.0267,8.2315,8.0461,7.4988,6.6397,5.5387,4.284,2.9856,1.8071,1.141,1.4335,2.0163,2.4234,2.5463,2.3842,2.0248,1.724,1.9282,2.7198,3.777,4.8535,5.7956,6.4952,6.8777,6.9023,6.5669,5.9144,5.0477,4.16,3.5788,3.6484,4.3272,5.2499,6.1135,6.7436,7.0507,7.0051,6.628,5.9892,5.2097,4.466,3.9722,3.8762,4.116,4.4712,4.7358,4.7846,4.5669,4.0915,3.42,2.6754,2.0745,1.9106,2.2152,2.6708,3.0227,3.1556,3.0417,2.7255,2.3443,2.1581,2.4123,3.0309,3.7573,4.3923,4.8136,4.9564,4.8112,4.4362,3.9842,3.7275,3.9559,4.6999,5.7238,6.7661,7.6325,8.1902,8.3573,8.0995,7.4322,6.4284,5.2406,4.1619,1.8444
3.235,6.3792,6.1102,5.6721,5.0799,4.3539,3.5189,2.6032,1.6382,0.65776,0.32296,1.2364,2.0781,2.8159,3.4265,3.8915,4.1981,4.3391,4.3135,4.1262,3.7879,3.3149,2.7282,2.0536,1.3232,0.59602,0.41558,1.0776,1.7627,2.3799,2.8994,3.3014,3.5723,3.7043,3.6958,3.5511,3.2816,2.9055,2.4507,1.9613,1.5157,1.2616,1.3519,1.72,2.1911,2.6584,3.068,3.3897,3.606,3.7085,3.6965,3.5776,3.3678,3.0934,2.7931,2.5214,2.3448,2.321,2.4631,2.7298,3.0565,3.3853,3.6733,3.8919,4.0245,4.065,4.0177,3.8981,3.7343,3.5678,3.4516,3.4398,3.5691,3.8414,4.2255,4.6737,5.137,5.5722,5.9441,6.2251,6.3947,6.439,6.35,6.1261,5.7708,5.2931,4.7072,4.0327,3.2964,2.5382,1.8338,1.3647,1.4243,1.951,2.6489,3.3751,4.075,4.7244,5.3113,5.8303,6.2794,6.6596,6.9725,7.2203,7.4045,7.5253,7.5817,7.5714,7.4912,7.3378,7.1083,6.8016,6.4189,5.9649,5.4488,4.8857,4.298,3.7192,3.1975,2.7983,2.5926,2.615,2.8282,3.1488,3.4971,3.8153,4.0655,4.2242,2.1392
3.6013,7.1331,6.9314,6.6175,6.222,5.7818,5.3346,4.9101,4.5221,4.1651,3.8178,3.4565,3.0753,2.7139,2.4906,2.5857,3.0893,3.9116,4.905,5.9452,6.933,7.7848,8.4286,8.8043,8.8651,8.5801,7.9364,6.9418,5.6312,4.0856,2.543,2.0015,3.376,5.4258,7.5785,9.655,11.552,13.193,14.52,15.496,16.099,16.332,16.214,15.786,15.108,14.255,13.315,12.382,11.546,10.879,10.413,10.137,9.999,9.9246,9.8398,9.6862,9.4278,9.0515,8.5638,7.987,7.3537,6.7012,6.0651,5.4733,4.94,4.4633,4.0282,3.6145,3.2085,2.8166,2.4796,2.2819,2.3219,2.6284,3.1323,3.7348,4.3542,4.9298,5.4161,5.7785,5.9913,6.0369,5.9055,5.595,5.1108,4.467,3.6883,2.8179,1.9499,1.3694,1.61,2.4595,3.459,4.4365,5.3136,6.0376,6.5676,6.8717,6.9275,6.7233,6.2599,5.5535,4.6402,3.5917,2.5697,2.0061,2.4516,3.5608,4.8322,6.0503,7.1068,7.931,8.4738,8.7051,8.6141,8.2126,7.5395,6.6696,5.7332,4.9471,4.6128,4.9393,5.8172,6.9624,8.1359,9.1795,9.9901,10.502,5.3381
5.5731,11.089,10.92,10.641,10.256,9.7738,9.2009,8.5474,7.8244,7.0443,6.2207,5.369,4.5073,3.6588,2.8591,2.1736,1.7324,1.7017,2.0587,2.6097,3.2188,3.8231,4.393,4.9126,5.3725,5.7665,6.0911,6.3439,6.5243,6.6325,6.6703,6.6406,6.5476,6.3967,6.195,5.9504,5.6725,5.3714,5.058,4.7431,4.4365,4.1464,3.8776,3.631,3.4033,3.1868,2.9716,2.7468,2.5036,2.2384,1.9578,1.688,1.4892,1.4602,1.6731,2.1016,2.6731,3.3291,4.0296,4.7452,5.4511,6.1248,6.7457,7.2946,7.7538,8.1078,8.3435,8.4505,8.4215,8.2529,7.9445,7.5003,6.9286,6.242,5.4584,4.6026,3.7101,2.8402,2.1116,1.766,2.0027,2.6247,3.3648,4.0906,4.7393,5.2752,5.6755,5.9252,6.016,5.946,5.7195,5.3485,4.8539,4.2698,3.652,3.0942,2.7457,2.7667,3.1806,3.8543,4.6409,5.4395,6.1838,6.8271,7.3347,7.6797,7.8423,7.809,7.5723,7.1317,6.4938,5.6744,4.7028,3.636,2.612,2.03,2.4649,3.6472,5.0985,6.6244,8.138,9.5847,10.922,12.115,13.133,13.952,14.551,14.917,7.5196
7.0922,14.123,13.939,13.636,13.22,12.698,12.079,11.376,10.6,9.7677,8.8939,7.9964,7.094,6.2075,5.3598,4.5766,3.8877,3.3263,2.9238,2.696,2.6263,2.6666,2.7578,2.8498,2.9081,2.9115,2.849,2.7165,2.5152,2.2508,1.9335,1.5802,1.2218,0.92586,0.83056,1.0242,1.3951,1.8293,2.2736,2.7018,3.0977,3.45,3.7504,3.9926,4.1727,4.2885,4.3397,4.3278,4.2563,4.1304,3.9573,3.7456,3.5061,3.2514,2.9957,2.755,2.5457,2.383,2.2774,2.2315,2.238,2.2824,2.3466,2.4135,2.4692,2.503,2.5083,2.4817,2.4226,2.3333,2.2182,2.0847,1.942,1.8018,1.6774,1.5822,1.5269,1.5158,1.5451,1.6046,1.681,1.7621,1.839,1.9067,1.9649,2.0177,2.0736,2.1448,2.2455,2.389,2.5848,2.8364,3.1418,3.4938,3.8827,4.2974,4.7263,5.1581,5.5822,5.9888,6.3693,6.7164,7.0242,7.2885,7.507,7.6792,7.8071,7.8945,7.9475,7.9743,7.9848,7.9903,8.0025,8.033,8.0916,8.1857,8.3193,8.4923,8.7007,8.9374,9.1924,9.4542,9.711,9.951,10.163,10.339,10.47,10.55,5.2889
17.283,33.82,31.669,28.364,24.308,20.042,16.215,13.485,12.186,11.943,11.957,11.602,10.613,9.0066,6.9736,4.8135,2.927,1.921,2.0473,2.331,2.2183,1.7612,1.5545,2.3171,3.5776,4.822,5.8022,6.3913,6.5498,6.3105,5.7579,4.9974,4.1175,3.16,2.1234,1.0724,1.0476,2.4054,3.994,5.53,6.8176,7.6786,7.9716,7.6156,6.6067,5.0258,3.0419,1.0187,1.6143,3.4101,4.7484,5.4072,5.2935,4.4186,2.9066,1.1241,1.7122,3.7776,5.5983,6.8744,7.4569,7.3343,6.6785,5.9203,5.7413,6.5487,7.9615,9.3368,10.21,10.321,9.5958,8.1565,6.4003,5.2172,5.703,7.488,9.4406,10.894,11.533,11.25,10.101,8.2944,6.1957,4.4149,3.8163,4.4309,5.2067,5.4789,5.0462,3.9589,2.4989,1.65,2.7169,4.2347,5.3653,5.8427,5.5846,4.6671,3.4054,2.7016,3.6247,5.3589,7.0024,8.1681,8.68,8.4922,7.6664,6.353,4.7665,3.1664,1.8858,1.4535,1.896,2.5793,3.3811,4.3644,5.4972,6.6336,7.5825,8.1706,8.281,7.8736,6.9917,5.7549,4.3417,2.9654,1.8489,1.1838,0.49724
3.9293,7.8973,7.96,7.9192,7.6438,7.0617,6.2058,5.2633,4.6267,4.7441,5.602,6.7421,7.7434,8.3473,8.4212,7.9325,6.9356,5.5642,4.0327,2.6795,2.0595,2.3504,2.8166,2.9907,2.8195,2.5599,2.7652,3.7001,5.0046,6.2623,7.1751,7.5356,7.2182,6.183,4.4825,2.2954,1.069,3.4365,5.9998,8.1839,9.7294,10.452,10.246,9.0966,7.0796,4.3697,1.3989,2.6343,5.9317,8.9529,11.388,13.039,13.788,13.608,12.56,10.788,8.516,6.0509,3.8763,2.94,3.6709,4.7786,5.4894,5.588,5.0523,3.9594,2.4646,0.9774,1.6757,3.4096,5.0158,6.3175,7.2398,7.7629,7.9129,7.751,7.3599,6.8286,6.2371,5.6449,5.0879,4.5839,4.1435,3.7774,3.4922,3.2781,3.0984,2.8982,2.6271,2.2684,1.8771,1.6395,1.8166,2.3878,3.1076,3.7809,4.2798,4.521,4.4642,4.128,3.6286,3.257,3.4621,4.4099,5.8218,7.3817,8.8669,10.117,11.012,11.468,11.436,10.903,9.888,8.4418,6.6408,4.5829,2.398,0.73654,2.4021,4.4929,6.4325,8.1472,9.6052,10.797,11.73,12.422,12.894,13.168,6.6286
7.1917,14.202,13.645,12.674,11.255,9.3785,7.0813,4.4622,1.7346,1.5023,4.0369,6.3052,8.0545,9.166,9.5957,9.374,8.6011,7.4323,6.0556,4.6598,3.3995,2.3763,1.7163,1.7642,2.6261,3.936,5.4057,6.8079,7.9264,8.5669,8.5825,7.8971,6.5265,4.6116,2.6071,2.4124,4.5021,6.7946,8.6468,9.7847,10.059,9.4214,7.9268,5.7218,3.0396,0.58287,2.8784,5.3764,7.3162,8.5192,8.9076,8.5062,7.4451,5.9652,4.4473,3.4651,3.4596,3.9771,4.3027,4.0769,3.1972,1.7463,0.88646,2.8816,5.2054,7.3534,9.0711,10.166,10.513,10.065,8.8573,6.9972,4.6562,2.0703,0.9361,3.3153,5.5028,7.2395,8.448,9.1267,9.3408,9.2082,8.8751,8.4804,8.1165,7.8049,7.5075,7.1691,6.7641,6.3251,5.9417,5.7214,5.7142,5.857,5.9976,5.9659,5.6259,4.8962,3.7547,2.252,0.82295,2.0862,4.2573,6.4732,8.5633,10.403,11.895,12.97,13.587,13.736,13.432,12.712,11.63,10.248,8.6346,6.8629,5.0212,3.2659,2.105,2.5898,4.1191,5.8317,7.4863,8.9905,10.289,11.339,12.112,12.585,6.3719
3.313,6.6266,6.6275,6.6271,6.6229,6.6113,6.5883,6.5496,6.4907,6.4076,6.2963,6.154,5.9784,5.7686,5.5249,5.2493,4.9456,4.6193,4.2786,3.9341,3.5995,3.2916,3.0293,2.8317,2.7132,2.6781,2.7171,2.8101,2.9321,3.0587,3.1693,3.2477,3.2821,3.2647,3.1911,3.0608,2.8766,2.6453,2.3795,2.099,1.8358,1.6382,1.5653,1.6544,1.8888,2.2177,2.592,2.9763,3.3459,3.6836,3.9771,4.2176,4.3994,4.5198,4.5789,4.5794,4.527,4.4298,4.2987,4.1468,3.9887,3.8396,3.7135,3.6209,3.5667,3.5489,3.559,3.5836,3.6068,3.6129,3.5875,3.5194,3.4004,3.226,2.996,2.7147,2.3929,2.051,1.7268,1.4873,1.4254,1.5917,1.938,2.3826,2.8659,3.3504,3.8112,4.2304,4.5941,4.8918,5.1155,5.2596,5.3212,5.2995,5.1961,5.0151,4.7626,4.4473,4.0799,3.6741,3.2466,2.8184,2.4177,2.0819,1.857,1.7828,1.8629,2.0591,2.3193,2.6024,2.8819,3.1429,3.3778,3.5839,3.7621,3.9153,4.0477,4.1643,4.2696,4.3676,4.4608,4.5503,4.6357,4.7153,4.7864,4.846,4.8912,4.9193,2.4644
4.4451,8.8695,8.8074,8.7039,8.5591,8.3731,8.146,7.8782,7.5703,7.223,6.8375,6.4152,5.9579,5.468,4.9484,4.4022,3.8337,3.2474,2.6496,2.0486,1.4593,0.92165,0.60054,0.80056,1.2812,1.8134,2.3423,2.8499,3.3269,3.767,4.1656,4.519,4.8246,5.0804,5.2854,5.4396,5.5436,5.599,5.6086,5.5757,5.5047,5.4009,5.2705,5.1203,4.9579,4.7912,4.6284,4.4775,4.3454,4.2381,4.159,4.1095,4.0882,4.0912,4.1129,4.1465,4.1847,4.2205,4.2475,4.2603,4.2543,4.2263,4.1738,4.0956,3.9911,3.8606,3.7051,3.5262,3.326,3.1071,2.8723,2.6249,2.3689,2.1087,1.8501,1.6011,1.3736,1.1862,1.0652,1.0378,1.1131,1.274,1.4931,1.7481,2.024,2.3114,2.6037,2.8959,3.1838,3.4633,3.7308,3.9822,4.2136,4.4212,4.6009,4.749,4.8618,4.9359,4.9681,4.9558,4.8969,4.7897,4.6333,4.4273,4.1721,3.869,3.5198,3.127,2.6942,2.2253,1.7253,1.1999,0.65716,0.1459,0.49989,1.0629,1.6252,2.1756,2.7065,3.2108,3.6819,4.1136,4.5001,4.8364,5.1179,5.3409,5.5024,5.6002,2.8165
3.7351,7.5465,7.7556,8.0452,8.3478,8.5957,8.7315,8.712,8.509,8.1096,7.5142,6.7359,5.7983,4.7343,3.5845,2.3993,1.2624,0.63144,1.3505,2.2864,3.1323,3.8438,4.4121,4.8467,5.1745,5.4381,5.692,5.9949,6.3961,6.923,7.5755,8.3291,9.1444,9.9761,10.779,11.513,12.143,12.642,12.99,13.175,13.193,13.047,12.75,12.319,11.779,11.161,10.5,9.8317,9.1927,8.6121,8.1082,7.6834,7.323,6.9977,6.67,6.3021,5.8626,5.3321,4.7068,4.0042,3.2742,2.6258,2.2644,2.3978,2.9586,3.7082,4.472,5.1474,5.6687,5.9907,6.0828,5.9274,5.52,4.8688,3.9957,2.938,1.7651,0.77803,1.3588,2.6429,3.9385,5.1303,6.1541,6.9613,7.516,7.7966,7.7982,7.5357,7.0495,6.4142,5.7526,5.2489,5.12,5.4921,6.2972,7.3515,8.4768,9.5389,10.442,11.119,11.526,11.637,11.444,10.955,10.193,9.1929,7.9992,6.6653,5.2497,3.8134,2.4195,1.1449,0.43677,1.196,1.9645,2.5337,2.8874,3.0348,3.0024,2.8338,2.5914,2.3565,2.2187,2.2374,2.399,2.6319,2.8564,3.0138,1.5349
7.5475,15.046,14.901,14.66,14.324,13.897,13.38,12.781,12.103,11.358,10.554,9.7067,8.8317,7.9495,7.0849,6.2674,5.5321,4.9178,4.4616,4.1865,4.087,4.1256,4.2459,4.3907,4.5132,4.5798,4.5687,4.4676,4.2719,3.9831,3.6085,3.1604,2.6569,2.1241,1.6056,1.1883,1.0381,1.2406,1.634,2.0661,2.4673,2.8036,3.0558,3.2123,3.2667,3.217,3.0653,2.8173,2.4831,2.0772,1.6228,1.1642,0.82278,0.85826,1.2672,1.8133,2.3928,2.9689,3.5243,4.0501,4.5415,4.9968,5.4165,5.802,6.1551,6.4769,6.767,7.0232,7.2416,7.4162,7.5397,7.6044,7.6027,7.5283,7.3769,7.1471,6.841,6.465,6.0307,5.5548,5.0604,4.5771,4.1404,3.7889,3.5555,3.4544,3.4713,3.5672,3.6927,3.8013,3.8561,3.8305,3.7074,3.4776,3.1394,2.6971,2.1613,1.551,0.90762,0.46334,0.87646,1.596,2.3401,3.0568,3.7186,4.3044,4.797,5.1829,5.4525,5.6002,5.6249,5.53,5.3237,5.0193,4.6356,4.1984,3.742,3.3118,2.9655,2.765,2.7504,2.9111,3.1922,3.5276,3.8621,4.1562,4.3831,4.5257,2.2871
8.1188,16.187,16.036,15.785,15.436,14.991,14.453,13.826,13.118,12.336,11.489,10.59,9.6535,8.6962,7.7383,6.8035,5.919,5.1169,4.4327,3.9021,3.5493,3.372,3.3333,3.3742,3.4345,3.4663,3.4373,3.3281,3.1295,2.8405,2.4662,2.018,1.5145,0.99306,0.58192,0.68205,1.1783,1.742,2.2896,2.789,3.2202,3.568,3.8207,3.9703,4.0121,3.9446,3.7698,3.4925,3.1206,2.6644,2.1362,1.5506,0.9254,0.31084,0.48321,1.1419,1.811,2.4657,3.0965,3.6977,4.266,4.8002,5.3004,5.7673,6.2015,6.6027,6.9693,7.2977,7.5826,7.8173,7.9939,8.1041,8.1401,8.0952,7.9649,7.7472,7.4435,7.0588,6.6024,6.0879,5.5337,4.963,4.4041,3.8901,3.4562,3.133,2.9353,2.8504,2.8396,2.8525,2.8421,2.772,2.6181,2.3666,2.0125,1.559,1.0188,0.44408,0.4624,1.1529,1.9188,2.6983,3.4633,4.1902,4.8576,5.4463,5.9396,6.3244,6.5908,6.7329,6.7489,6.6412,6.4164,6.0854,5.6632,5.1695,4.6287,4.0711,3.5345,3.0661,2.7196,2.5408,2.5389,2.6736,2.8786,3.0929,3.2728,3.3907,1.7158
0.19654,1.5853,3.0299,4.3607,5.5113,6.4374,7.1115,7.5245,7.6869,7.6289,7.4003,7.0671,6.7056,6.389,6.1696,6.0594,6.026,6.0049,5.923,5.7165,5.341,4.7748,4.0189,3.0984,2.074,1.1452,1.1629,2.1583,3.3051,4.4004,5.3727,6.1815,6.8032,7.2294,7.466,7.5316,7.4557,7.2749,7.0288,6.7536,6.4757,6.2062,5.9393,5.6544,5.3222,4.9115,4.3958,3.7574,2.9906,2.1066,1.1665,0.69385,1.5658,2.7727,4.0335,5.28,6.4637,7.5407,8.4689,9.2098,9.729,9.9986,9.9991,9.7214,9.1699,8.3657,7.3535,6.215,5.101,4.2898,4.1671,4.8674,6.1008,7.5402,8.9846,10.318,11.47,12.4,13.089,13.535,13.752,13.766,13.609,13.313,12.91,12.418,11.85,11.204,10.478,9.6742,8.8107,7.9401,7.1666,6.6544,6.5881,7.0592,7.9905,9.2012,10.506,11.752,12.823,13.63,14.11,14.225,13.956,13.309,12.31,11.001,9.4447,7.7115,5.8836,4.0514,2.3282,1.0316,1.3744,2.4381,3.3483,3.9972,4.3698,4.4804,4.362,4.0613,3.6347,3.1435,2.6498,2.2108,1.8724,1.6632,0.79655
8.5021,16.954,16.804,16.552,16.197,15.737,15.171,14.498,13.722,12.846,11.876,10.823,9.6993,8.5212,7.3078,6.0816,4.8691,3.7037,2.6357,1.7683,1.3482,1.5668,2.1,2.6556,3.1316,3.4942,3.7332,3.8506,3.8572,3.7715,3.6195,3.4356,3.2611,3.1403,3.1109,3.1905,3.3698,3.6187,3.899,4.1751,4.4177,4.6048,4.7215,4.7585,4.7119,4.5818,4.3721,4.0897,3.7437,3.345,2.9062,2.4419,1.9712,1.525,1.1676,1.0262,1.1967,1.5891,2.0857,2.6294,3.1952,3.7691,4.3404,4.8986,5.4331,5.932,6.3835,6.7754,7.0962,7.3356,7.4851,7.5384,7.4921,7.3459,7.1027,6.769,6.3545,5.8725,5.3393,4.7739,4.1981,3.6358,3.1125,2.6536,2.2808,2.0051,1.8183,1.6912,1.5835,1.4572,1.2861,1.0596,0.79093,0.56199,0.61503,0.99909,1.5262,2.113,2.7231,3.3312,3.9157,4.457,4.9374,5.3414,5.6559,5.8707,5.9786,5.9758,5.8614,5.638,5.3113,4.8896,4.3842,3.8087,3.1795,2.5169,1.8491,1.2313,0.82823,0.94771,1.4274,1.9798,2.5119,2.9908,3.3993,3.7266,3.9654,4.1106,2.0796
7.4093,14.79,14.701,14.552,14.337,14.053,13.695,13.26,12.746,12.153,11.483,10.741,9.9366,9.0791,8.1821,7.2609,6.3323,5.414,4.524,3.6801,2.8985,2.1942,1.5799,1.0669,0.66888,0.41784,0.37101,0.48153,0.65517,0.87568,1.1518,1.4869,1.8749,2.3033,2.7565,3.2178,3.6706,4.0994,4.4903,4.831,5.1119,5.3254,5.4664,5.5319,5.5209,5.434,5.2731,5.041,4.741,4.3768,3.9524,3.4729,2.945,2.381,1.8084,1.3039,1.0854,1.3799,2.0105,2.7741,3.5902,4.4213,5.2421,6.0315,6.7695,7.4373,8.0168,8.4918,8.848,9.0737,9.1603,9.1027,8.8995,8.5537,8.0722,7.4663,6.7514,5.9473,5.0786,4.1762,3.282,2.4624,1.8441,1.6353,1.8987,2.405,2.9538,3.4527,3.8607,4.1588,4.3401,4.4062,4.3659,4.235,4.0365,3.801,3.5664,3.3757,3.2698,3.2753,3.3931,3.5989,3.8547,4.1214,4.3653,4.5606,4.6889,4.7382,4.7026,4.5811,4.377,4.0981,3.7561,3.3667,2.9507,2.5361,2.1611,1.8779,1.7437,1.7864,1.9755,2.2488,2.5509,2.8446,3.1065,3.3219,3.4813,3.579,1.806
7.071,14.117,14.043,13.917,13.737,13.501,13.203,12.842,12.414,11.916,11.348,10.709,10.001,9.2276,8.3926,7.503,6.5672,5.5949,4.5975,3.5877,2.5806,1.5967,0.69623,0.55186,1.3248,2.1227,2.8588,3.5133,4.0748,4.5355,4.8897,5.1342,5.268,5.2924,5.2109,5.0296,4.7569,4.4043,3.9861,3.5217,3.0371,2.5705,2.1806,1.9502,1.9532,2.186,2.5714,3.0285,3.5026,3.9601,4.3797,4.748,5.0564,5.2998,5.4763,5.5866,5.6334,5.622,5.5591,5.4535,5.3151,5.1549,4.9844,4.815,4.6571,4.5193,4.4072,4.3232,4.2658,4.2302,4.2094,4.195,4.1781,4.151,4.1067,4.0403,3.9483,3.8291,3.6825,3.5098,3.3135,3.0974,2.866,2.6247,2.3798,2.1388,1.9099,1.7034,1.5307,1.4045,1.3353,1.3277,1.3771,1.4718,1.5978,1.7426,1.8963,2.0514,2.2022,2.3442,2.4732,2.5858,2.6787,2.749,2.7939,2.8112,2.7992,2.7566,2.6829,2.5786,2.4449,2.2841,2.0998,1.8969,1.6822,1.4651,1.2591,1.0829,0.96144,0.91789,0.95725,1.0595,1.1949,1.3385,1.473,1.5869,1.673,1.7263,0.87221
3.6097,7.2732,7.4297,7.6732,7.9809,8.3246,8.6736,8.9966,9.2628,9.4435,9.5128,9.4492,9.236,8.8628,8.3254,7.6272,6.7788,5.7985,4.7131,3.5601,2.401,1.396,1.1561,1.9154,2.8902,3.8137,4.611,5.2457,5.6965,5.9522,6.0103,5.8764,5.5636,5.0917,4.4861,3.7772,2.9995,2.1931,1.4147,0.80983,0.81851,1.344,1.9397,2.4987,3.0034,3.46,3.8844,4.2965,4.7146,5.1509,5.6087,6.0813,6.5535,7.0049,7.4125,7.7536,8.0083,8.1607,8.2004,8.1227,7.9293,7.6281,7.2324,6.7608,6.236,5.6837,5.131,4.6045,4.1272,3.7155,3.3746,3.0974,2.8652,2.6534,2.4379,2.2002,1.9319,1.6373,1.3413,1.1071,1.0494,1.2453,1.6334,2.1236,2.6639,3.2267,3.7963,4.3618,4.9149,5.4479,5.9531,6.4218,6.8443,7.2101,7.5076,7.725,7.8509,7.875,7.7885,7.5853,7.262,6.8188,6.2594,5.5911,4.8248,3.9748,3.0585,2.0964,1.1151,0.25429,0.92224,1.8501,2.7302,3.5362,4.2505,4.86,5.3552,5.7305,5.9845,6.1203,6.1452,6.0715,5.9165,5.7025,5.4568,5.2117,5.0014,4.8589,2.4042
3.1482,6.2893,6.2681,6.2327,6.1834,6.1202,6.0435,5.9536,5.8506,5.7351,5.6073,5.4678,5.3171,5.1557,4.9841,4.8031,4.6131,4.415,4.2093,3.9969,3.7785,3.5548,3.3267,3.0951,2.8607,2.6245,2.3874,2.1505,1.9149,1.6819,1.4532,1.2309,1.0184,0.82157,0.65113,0.52791,0.48226,0.52741,0.63815,0.78164,0.93807,1.0976,1.255,1.4076,1.5537,1.692,1.8219,1.9427,2.0541,2.1557,2.2475,2.3292,2.4008,2.4624,2.5139,2.5554,2.5873,2.6095,2.6225,2.6264,2.6216,2.6084,2.5874,2.5588,2.5232,2.481,2.4328,2.3792,2.3207,2.258,2.1917,2.1224,2.0509,1.978,1.9042,1.8306,1.7577,1.6865,1.6178,1.5524,1.4911,1.4347,1.384,1.3394,1.3014,1.2704,1.2465,1.2294,1.2189,1.2144,1.2152,1.2205,1.2294,1.241,1.2545,1.269,1.2838,1.2981,1.3115,1.3233,1.3332,1.3408,1.3459,1.3482,1.3475,1.3438,1.3371,1.3273,1.3145,1.2989,1.2804,1.2594,1.236,1.2106,1.1833,1.1546,1.1248,1.0943,1.0637,1.0334,1.004,0.97601,0.95007,0.92679,0.90675,0.8905,0.87851,0.87117,0.43434
0.20149,0.40282,0.40234,0.40154,0.40044,0.39901,0.39728,0.39525,0.39291,0.39028,0.38737,0.38417,0.38069,0.37695,0.37296,0.36872,0.36424,0.35954,0.35463,0.34952,0.34422,0.33875,0.33312,0.32736,0.32146,0.31546,0.30937,0.3032,0.29699,0.29074,0.28447,0.27822,0.272,0.26582,0.25973,0.25373,0.24785,0.24212,0.23656,0.2312,0.22605,0.22114,0.2165,0.21213,0.20807,0.20433,0.20092,0.19786,0.19515,0.1928,0.19082,0.18919,0.18791,0.18698,0.18637,0.18608,0.18608,0.18635,0.18686,0.1876,0.18853,0.18964,0.19088,0.19224,0.19369,0.19521,0.19677,0.19836,0.19994,0.2015,0.20303,0.20451,0.20591,0.20724,0.20847,0.2096,0.21061,0.21151,0.21227,0.2129,0.21339,0.21374,0.21395,0.214,0.21391,0.21367,0.21328,0.21274,0.21206,0.21124,0.21027,0.20918,0.20795,0.20659,0.20512,0.20353,0.20183,0.20004,0.19814,0.19616,0.19411,0.19198,0.18979,0.18755,0.18527,0.18296,0.18062,0.17828,0.17593,0.17359,0.17128,0.16899,0.16676,0.16457,0.16246,0.16043,0.15849,0.15665,0.15493,0.15333,0.15187,0.15056,0.1494,0.1484,0.14758,0.14693,0.14646,0.14618,0.073045
1.8572,4.3154,5.6854,7.2356,8.6098,9.5649,9.9179,9.5559,8.4626,6.7503,4.7197,3.118,3.3097,4.7494,6.0347,6.6387,6.4303,5.545,4.4839,4.2599,5.4143,7.1263,8.5698,9.2951,9.0925,7.9341,5.9469,3.3845,0.69304,2.2735,4.5858,6.2733,7.2112,7.4318,7.1145,6.5541,6.0738,5.8787,5.9835,6.3692,7.1806,8.6548,10.846,13.526,16.305,18.763,20.522,21.307,20.973,19.526,17.124,14.055,10.715,7.5908,5.2698,4.275,4.2883,4.3573,3.972,3.0668,1.7947,0.71959,1.6877,3.157,4.5602,5.8557,7.0312,8.0335,8.7528,9.0487,8.7984,7.948,6.561,4.8864,3.5443,3.5542,4.7105,5.8809,6.4642,6.2254,5.1495,3.4693,2.1812,3.3873,5.676,7.7138,9.0311,9.3853,8.6982,7.0762,4.9204,3.5247,4.9002,7.673,10.359,12.408,13.564,13.736,12.968,11.412,9.3047,6.9238,4.552,2.4383,0.76859,0.36641,0.94924,1.1022,1.084,1.2636,1.7144,2.1986,2.5182,2.5716,2.3366,1.8643,1.3003,1.0097,1.3576,1.989,2.6162,3.1739,3.6782,4.1668,4.6591,5.1357,5.544,5.8215,2.96
5.5413,10.848,10.165,9.0925,7.7312,6.2363,4.848,3.9403,3.8715,4.4918,5.313,5.9989,6.3953,6.456,6.2118,5.7643,5.2896,5.0199,5.1436,5.6612,6.3965,7.1391,7.7281,8.065,8.1056,7.8514,7.3404,6.637,5.8183,4.9601,4.1247,3.3636,2.7583,2.507,2.8725,3.8507,5.223,6.7903,8.3895,9.8702,11.092,11.93,12.294,12.133,11.459,10.357,9.0245,7.8115,7.2223,7.6296,8.8677,10.442,11.925,13.042,13.636,13.634,13.037,11.91,10.366,8.5647,6.699,4.9993,3.7346,3.1308,3.0913,3.224,3.259,3.1596,3.0576,3.1549,3.5443,4.1145,4.6653,5.0221,5.0685,4.75,4.079,3.1599,2.2948,2.1874,3.0954,4.3517,5.5213,6.3965,6.8598,6.8525,6.3718,5.4777,4.3197,3.234,2.9149,3.7546,5.1364,6.5207,7.6527,8.4038,8.7184,8.603,8.1297,7.4483,6.8008,6.5002,6.7875,7.6409,8.8217,10.066,11.173,12.011,12.499,12.598,12.301,11.625,10.608,9.2961,7.7484,6.0293,4.2213,2.4932,1.61,2.6951,4.4545,6.2664,7.9908,9.5593,10.92,12.029,12.85,13.354,6.7622
3.0885,6.6392,7.6491,8.5498,8.8753,8.3994,7.0996,5.1268,2.7729,0.66698,2.0042,3.6124,4.6704,5.3106,5.8717,6.6675,7.7139,8.7341,9.3737,9.3584,8.5623,7.0425,5.0832,3.335,2.9087,3.566,3.8399,3.1341,1.9625,3.2844,6.3964,9.3964,11.365,11.676,10.064,6.8097,3.7765,6.2096,10.793,14.343,15.841,14.9,11.654,6.6925,0.95135,4.6672,9.1512,12.029,13.326,13.744,14.498,16.477,19.419,22.349,24.358,24.871,23.653,20.763,16.51,11.423,6.2818,2.8578,4.2648,6.1212,6.4258,5.2314,3.8049,5.0557,8.2533,11.266,13.199,13.737,12.966,11.262,9.1149,6.8933,4.6822,2.4256,1.5124,3.9094,6.5746,8.6584,9.7372,9.6351,8.4722,6.6772,4.9977,4.3787,4.9904,6.0608,7.1733,8.2866,9.3417,10.136,10.427,10.077,9.1253,7.7618,6.2349,4.7219,3.2503,1.7533,0.38927,1.4902,2.8153,3.7079,3.9974,3.6543,2.816,1.8722,1.7568,2.7303,3.9373,5.0386,5.9427,6.6122,7.0302,7.2126,7.2141,7.0954,6.8665,6.4694,5.8412,5.0277,4.2838,4.0168,4.3331,4.8172,2.5155
55.243,78.063,11.685,29.934,21.422,14.98,28.754,15.773,4.636,8.3349,6.1571,8.6078,5.9015,11.147,18.064,19.039,12.216,8.3891,14.66,12.57,2.6328,18.271,26.324,21.506,12.86,9.196,11.119,15.099,13.238,7.2547,3.1615,4.4511,8.4139,12.157,12.791,8.2598,4.1472,9.4025,11.719,8.1097,2.6249,11.402,13.892,7.1052,11.145,17.899,18.426,19.316,15.661,4.8969,5.3403,10.441,11.529,8.6096,9.907,9.9046,2.3652,4.6192,5.0555,11.742,13.065,11.849,19.325,17.184,6.4014,9.1337,12.692,12.09,5.2854,11.404,19.812,16.657,6.7779,12.761,19.136,15.015,6.2151,16.195,21.637,15.145,4.5329,9.0053,8.6509,6.8006,9.5179,10.319,19.818,29.704,26.306,10.064,7.7121,13.314,11.44,7.229,1.2273,7.4195,5.2898,3.6068,8.0644,14.988,19.946,19.962,18.303,9.4327,6.7281,10.355,1.2133,8.307,3.6859,8.3429,10.125,13.489,25.125,20.046,11.684,18.542,17.232,14.086,6.407,6.5595,11.003,8.4807,5.1256,10.823,20.025,18.799,18.642,16.292,1.1369
69.911,11.544,41.62,31.848,10.033,26.819,20.895,3.5235,13.617,12.345,12.154,15.007,44.957,19.812,8.5738,12.116,14.337,16.277,20.857,13.797,13.55,11.064,11.335,22.664,3.5741,9.4257,4.3835,13.162,8.1557,5.45,2.2925,24.72,23.967,15.12,36.207,5.5108,5.4159,11.624,15.265,48.859,12.156,17.862,11.293,5.1927,17.067,17.092,8.5681,29.594,9.9392,20.627,14.726,27.001,8.5957,10.169,21.335,11.925,12.768,11.103,15.845,21.007,23.769,26.579,14.8,10.792,6.1821,17.581,33.274,15.635,20.972,25.43,18.447,45.587,10.6,25.813,21.751,17.437,19.266,14.438,8.3972,2.9672,45.999,24.955,24.21,18.859,3.3279,11.54,15.303,18.481,7.4081,20.661,15.515,11.96,21.655,25.614,20.932,37.099,18.957,11.022,8.8725,12.158,4.8106,4.5665,24.827,29.782,17.611,18.457,10.962,8.4412,10.325,23.72,21.907,16.106,29.315,11.341,4.9412,6.7521,9.7203,19.773,21.133,19.691,30.832,19.727,3.2366,5.1776,22.058,10.493,9.4339,8.4192,9.0032
5.3266,10.217,9.1303,7.9431,7.1824,6.9448,7.0016,7.1949,7.3807,7.2063,6.2324,4.2386,1.4083,1.8072,4.5572,6.2472,6.4919,5.3789,3.6659,3.197,4.4346,5.3334,4.9441,3.2146,0.96101,2.4913,4.306,4.5405,3.0309,2.9584,7.3609,12.365,16.261,18.01,17.221,14.282,10.366,7.2931,6.3748,6.2025,4.9799,2.5703,1.7396,4.2989,6.135,6.6403,6.2291,6.3133,8.216,11.326,14.37,16.326,16.437,14.33,10.188,4.8308,0.9103,4.5243,5.9011,4.4381,1.1467,4.7871,9.55,13.079,15.428,17.909,21.661,25.98,28.963,28.977,25.39,18.697,10.268,1.85,5.0779,9.5957,11.758,12.333,12.332,12.375,12.509,12.615,12.659,12.531,11.921,10.495,8.1351,5.0403,1.968,2.8005,5.3546,6.8605,6.8531,5.5541,4.5045,5.8647,8.0415,8.8254,7.2499,3.3621,2.4691,7.9843,12.277,14.215,13.679,11.775,10.599,11.154,11.806,10.864,8.0168,4.0606,0.40197,1.9386,1.9563,0.71583,3.9114,7.5068,9.9831,10.571,9.2394,6.7174,4.4614,4.1964,5.2824,6.3681,7.2921,8.0262,4.161
18.553,31.189,20.773,17.005,12.883,4.824,3.4463,3.4747,2.8925,3.2083,8.2226,13.02,10.563,3.0631,3.442,2.4061,11.891,18.53,15.612,6.4355,4.387,9.9324,11.637,5.236,8.4753,20.315,22.015,13.426,2.8564,6.6612,10.092,12.994,16.185,16.534,12.406,11.425,15.878,16.83,16.85,20.08,21.109,15.519,5.2112,7.6462,12.952,15.259,17.942,16.697,10.805,8.9399,11.563,13.111,12.573,10.416,10.43,9.4724,5.528,2.5565,4.6303,10.228,10.53,6.9844,11.542,10.369,2.3438,12.771,13.478,3.5325,7.4985,8.4363,4.2131,6.7519,6.4413,13.358,16.848,10.092,5.6112,7.0951,2.2672,13.545,18.476,15.658,12.373,9.7226,10.967,13.155,6.2534,6.7845,14.317,8.6206,6.1146,17.461,17.443,13.97,16.729,12.205,2.037,15.385,18.635,12.864,10.242,11.727,9.7893,6.5077,5.3609,6.582,7.2865,10.967,14.153,11.22,6.2565,6.4017,5.7554,11.412,14.73,9.6214,8.0774,13.322,11.581,7.5858,6.1676,3.0721,10.545,15.622,13.178,6.3819,3.0004,3.6525,1.5981
3.3865,6.7413,6.6468,6.4912,6.2778,6.0108,5.6956,5.3385,4.9469,4.5292,4.0945,3.653,3.216,2.7964,2.409,2.0713,1.8034,1.6243,1.5433,1.5521,1.626,1.7366,1.8614,1.9862,2.104,2.2128,2.3145,2.4128,2.5127,2.6192,2.7359,2.8651,3.0068,3.1592,3.3187,3.4804,3.6391,3.7893,3.9261,4.0455,4.1445,4.2216,4.2768,4.3117,4.33,4.3366,4.3384,4.343,4.3587,4.3934,4.4535,4.5433,4.6637,4.8127,4.9854,5.1742,5.3705,5.5645,5.7466,5.9076,6.0391,6.1337,6.1851,6.1886,6.1405,6.0387,5.8823,5.6719,5.4093,5.0975,4.7406,4.344,3.9138,3.4573,2.9826,2.4994,2.0196,1.5597,1.149,0.85031,0.77209,0.93418,1.2126,1.5158,1.8058,2.0666,2.291,2.4755,2.6193,2.7233,2.7895,2.821,2.8218,2.7962,2.7487,2.6839,2.6061,2.5188,2.4248,2.326,2.2236,2.1183,2.0109,1.903,1.7987,1.7053,1.6348,1.6041,1.6322,1.7341,1.9155,2.1717,2.4916,2.8624,3.2714,3.707,4.1585,4.6159,5.0698,5.5112,5.9316,6.3233,6.6787,6.9915,7.2556,7.4663,7.6196,7.7128,3.872
10.031,19.983,19.743,19.325,18.712,17.882,16.822,15.529,14.011,12.296,10.426,8.4558,6.455,4.5018,2.6931,1.2364,1.1084,2.0346,2.8589,3.4313,3.7648,3.9291,4.0374,4.2231,4.5876,5.1479,5.8382,6.5536,7.1886,7.6548,7.8877,7.8491,7.5289,6.9478,6.1616,5.271,4.4399,3.9042,3.8749,4.3202,4.9903,5.6417,6.1148,6.3165,6.201,5.7614,5.0305,4.0932,3.1361,2.5736,2.9076,3.9448,5.1923,6.3728,7.3376,7.9937,8.282,8.1709,7.6558,6.758,5.5265,4.046,2.4917,1.549,2.4688,4.1269,5.7956,7.2892,8.5171,9.4251,9.9864,10.201,10.097,9.7293,9.1837,8.571,8.0208,7.656,7.5516,7.6981,8.0073,8.3559,8.628,8.7371,8.6304,8.2891,7.726,6.9866,6.1542,5.3593,4.7855,4.6229,4.9345,5.5945,6.407,7.2134,7.9094,8.4321,8.7478,8.8452,8.7311,8.4282,7.9726,7.4133,6.8102,6.2315,5.7477,5.4175,5.2685,5.2835,5.408,5.5721,5.7113,5.7765,5.7354,5.5715,5.2811,4.8721,4.3616,3.7752,3.1463,2.5168,1.9417,1.4955,1.2634,1.2602,1.3769,1.4905,0.7674
9.2169,18.276,17.813,17.08,16.131,15.031,13.856,12.677,11.551,10.515,9.5767,8.7199,7.9126,7.1225,6.3304,5.5401,4.7819,4.1115,3.6,3.3083,3.2495,3.3814,3.6495,4.0294,4.5318,5.1767,5.966,6.8689,7.8248,8.7546,9.573,10.199,10.565,10.626,10.362,9.7903,8.9703,8.0141,7.098,6.4555,6.2957,6.646,7.3146,8.0362,8.5898,8.8245,8.6501,8.0283,6.9689,5.5336,3.8682,2.4075,2.4785,4.1297,6.1045,7.9616,9.5189,10.665,11.328,11.473,11.099,10.238,8.9548,7.3393,5.5076,3.6063,1.8912,1.3528,2.4301,3.5981,4.4646,4.9479,5.0406,4.7881,4.2957,3.7565,3.4724,3.7225,4.4778,5.4798,6.4976,7.3852,8.0595,8.4839,8.6602,8.6236,8.4359,8.1761,7.9231,7.7351,7.6306,7.5835,7.5378,7.4318,7.2216,6.8974,6.4938,6.0943,5.8233,5.8065,6.1017,6.6582,7.3525,8.0507,8.643,9.0537,9.2405,9.1922,8.9248,8.4779,7.9085,7.2826,6.6638,6.0988,5.6042,5.1611,4.7243,4.2403,3.666,2.9814,2.1962,1.3663,0.7312,1.0147,1.7686,2.4899,3.0596,3.4218,1.773
10.23,20.105,19.064,17.41,15.264,12.802,10.268,8.0228,6.593,6.4374,7.3209,8.5575,9.6586,10.387,10.649,10.434,9.7869,8.7927,7.5643,6.2362,4.9577,3.8861,3.1562,2.7935,2.6496,2.5105,2.2332,1.7661,1.1231,0.38215,0.55673,1.3573,2.0802,2.6431,2.9935,3.1032,2.9738,2.6447,2.2141,1.8813,1.9232,2.389,3.0465,3.6843,4.1723,4.4294,4.4073,4.0849,3.4654,2.5754,1.4664,0.35854,1.3152,2.7263,4.1132,5.3981,6.5223,7.4409,8.1235,8.554,8.7293,8.6583,8.3599,7.8626,7.2054,6.4445,5.6648,5.0007,4.6432,4.7698,5.4002,6.3879,7.5523,8.7505,9.8788,10.863,11.65,12.21,12.531,12.618,12.496,12.202,11.777,11.264,10.696,10.088,9.4425,8.7426,7.9676,7.1009,6.1421,5.1189,4.1035,3.2416,2.771,2.8622,3.3481,3.9183,4.3616,4.5633,4.4673,4.0615,3.3811,2.5435,1.9022,2.1611,3.2719,4.6638,6.0576,7.3121,8.335,9.0626,9.4564,9.5028,9.212,8.6168,7.7699,6.7409,5.6142,4.49,3.4927,2.7815,2.5077,2.6485,2.9952,3.3627,3.6577,3.8427,1.9527
11.591,22.698,21.283,19.046,16.16,12.849,9.3767,6.0522,3.3476,2.4453,3.5213,4.7165,5.4891,5.8772,6.0992,6.4179,6.9803,7.7183,8.4137,8.8256,8.7709,8.1587,7.012,5.5114,4.1445,3.9039,5.1506,6.9446,8.5721,9.6811,10.088,9.7167,8.5857,6.7948,4.5186,2.0416,1.2708,3.5021,5.6165,7.2694,8.3716,8.9328,9.0512,8.8974,8.6753,8.5497,8.5671,8.636,8.5878,8.2612,7.5575,6.4598,5.0395,3.4777,2.2203,2.2326,3.3174,4.474,5.3422,5.8185,5.9008,5.6503,5.1714,4.5879,4.0187,3.5592,3.2919,3.3222,3.7665,4.6519,5.8779,7.2747,8.6515,9.8182,10.602,10.862,10.507,9.506,7.8919,5.7688,3.3259,1.2006,2.5255,4.8237,6.7673,8.1286,8.7923,8.718,7.9377,6.55,4.7088,2.6068,0.46217,1.5552,3.2256,4.4384,5.1258,5.2922,5.0174,4.4538,3.8137,3.3197,3.0746,2.9523,2.7068,2.1493,1.2058,0.19683,1.6956,3.3625,4.9411,6.2375,7.086,7.3773,7.0903,6.3377,5.4516,5.073,5.7774,7.3272,9.0853,10.568,11.468,11.609,10.932,9.502,7.5338,5.5165,2.2634
