1.4708,2.4354,1.4476,1.7327,2.6299,2.8235,2.1943,1.1195,0.8828,1.7409,2.1349,1.7992,1.4815,2.4429,3.4996,3.6679,2.8303,1.6671,1.4755,1.6758,1.1824,0.17625,0.72571,0.9624,0.79162,1.6263,2.763,3.2873,2.8804,1.7924,1.292,2.1105,2.5902,2.4933,2.6709,3.5185,4.1326,3.8985,3.0055,2.3052,2.2189,1.9284,1.022,0.2482,1.1459,1.4894,1.258,0.61566,0.40988,1.7498,3.0986,3.921,3.8358,2.9493,1.9897,1.7918,1.7645,1.3256,1.2466,1.8816,2.1928,1.8623,1.2475,1.0847,0.5998
0.051148,0.34478,1.6203,3.1097,3.2653,1.4304,1.0736,2.0146,1.0505,2.8855,4.4123,3.9112,2.5883,1.6485,1.3328,1.7895,0.8483,1.9227,4.2736,4.5232,2.6665,0.98923,1.148,1.0707,2.4839,3.1749,2.1142,0.29501,2.1332,3.0039,3.2365,3.4837,3.0905,2.0865,2.0843,2.3129,1.727,1.7955,2.8129,3.2749,2.7989,2.0256,2.0384,1.8846,0.83106,1.0818,2.0286,1.8915,0.6532,1.4322,3.1709,3.7942,3.0851,1.7393,0.60577,0.48773,1.2192,1.5522,1.569,1.8008,1.9682,1.6716,1.0888,0.60163,0.2119
0.37608,0.7101,0.59582,0.41342,0.54887,1.3015,2.1772,2.7532,2.7073,1.9874,1.0369,1.2064,1.8258,1.8379,1.2378,0.49837,0.52853,0.78348,1.3308,2.2597,2.9546,2.9157,2.0956,1.3068,1.9481,2.6814,2.6332,1.8831,1.0836,1.0849,1.2059,0.89125,0.44582,0.66174,1.1297,1.6387,2.0901,2.1898,1.7494,0.90832,0.38817,0.78145,0.93914,1.2472,1.8574,2.186,1.8523,0.91585,0.43918,1.4485,2.2863,3.0407,3.6107,3.5474,2.5027,0.60662,1.5778,3.1773,3.6218,2.8699,1.6213,1.3853,1.6935,1.202,0.088296
0.12594,0.46795,0.88356,1.1932,1.1392,0.65109,0.11773,0.87638,1.3584,1.3809,0.93139,0.71101,1.5657,2.2789,2.3481,1.9251,1.7698,1.9138,1.4549,0.40298,1.6156,2.6242,2.4148,1.3251,1.9768,3.3522,3.5828,2.5074,0.79222,0.87496,1.5499,1.4062,0.99492,1.425,2.6126,3.7429,4.0891,3.194,1.2207,1.1265,2.7782,3.1561,2.2887,0.95941,1.1712,1.8408,1.9342,1.7616,1.6605,1.6305,1.6169,1.5829,1.3516,0.80003,0.54104,1.319,1.8791,1.7981,1.0858,0.84569,1.8807,2.6084,2.6021,1.9685,0.72981
1.6407,7.0967,2.2786,4.1089,2.8226,4.5084,6.1988,4.8912,1.3677,1.9628,3.2218,2.9225,1.9984,0.99456,3.7452,0.58179,3.8552,3.9939,1.7214,1.1944,2.9349,2.6071,2.3806,6.4615,5.6047,0.64694,3.2366,3.374,2.1039,3.0455,2.3421,3.8264,1.5984,1.9116,4.0803,3.8707,4.0696,2.8345,4.169,1.7345,1.1908,1.3729,1.9033,1.3987,3.7979,1.7907,1.2929,2.5327,5.7142,1.9526,2.5838,1.8717,2.1289,1.5286,1.9132,2.7017,2.0909,1.8649,5.314,3.7359,2.1474,3.0143,2.1111,1.6118,1.6321
0.023959,0.1291,0.23584,0.32928,0.40313,0.45834,0.50434,0.55962,0.64617,0.77783,0.9533,1.1599,1.3797,1.5934,1.7813,1.9242,2.0044,2.008,1.9276,1.7672,1.5492,1.325,1.1845,1.2162,1.4073,1.6572,1.8729,1.9972,2.0063,1.9073,1.7393,1.5725,1.4875,1.5194,1.6199,1.7008,1.691,1.5551,1.2932,0.94029,0.58216,0.44429,0.6449,0.88239,1.0111,0.99115,0.82351,0.53906,0.22005,0.30305,0.62761,0.88595,1.0306,1.0566,0.99815,0.93389,0.95867,1.0931,1.2604,1.3697,1.3611,1.2099,0.92513,0.55566,0.15001
0.77344,2.1782,3.0884,3.4869,3.1649,2.2154,1.0884,1.2964,2.3127,2.9357,2.9684,2.4919,1.7701,1.1994,1.0584,1.0509,0.95753,1.1077,1.674,2.2887,2.6449,2.598,2.1547,1.4705,0.91026,0.99526,1.3383,1.4655,1.3153,1.0542,1.0772,1.5228,2.0787,2.5303,2.7806,2.7917,2.5681,2.1546,1.6365,1.1357,0.79259,0.66207,0.59698,0.45299,0.22112,0.1347,0.35674,0.51327,0.56182,0.52438,0.46032,0.44328,0.52593,0.72235,1.0163,1.3605,1.6838,1.9132,1.9945,1.9084,1.6738,1.3414,0.97932,0.66697,0.26352
0.26949,2.0971,2.8708,2.5495,2.3505,2.295,1.7858,1.2039,1.6323,2.4104,1.9911,0.84549,2.8767,3.8973,2.8383,1.7602,2.3497,1.5035,1.123,2.7843,2.7627,1.9045,2.141,1.7364,0.058041,1.8401,2.4782,1.7188,0.71414,1.481,2.2692,2.3888,1.725,1.3704,2.1693,2.3733,1.609,0.56502,0.023384,0.42338,0.75509,0.66329,1.7976,3.1694,3.0805,1.0498,1.9386,3.9051,3.7325,2.3579,2.8738,3.6545,3.0402,2.2308,2.4249,2.0538,0.39049,1.9782,3.9006,4.4379,3.3914,1.4696,0.22397,0.89773,0.46598
0.99296,2.1263,1.8375,0.68823,0.5912,0.8557,0.47443,2.4718,3.893,3.7015,2.2059,1.1295,1.333,1.2739,1.263,1.5528,2.3954,2.6683,1.2841,1.4104,3.3065,2.9781,0.74875,1.8833,2.3992,1.7986,3.2036,3.8001,2.2235,0.73476,2.4179,2.7979,2.2129,1.0618,1.4401,2.9587,3.1937,2.2169,1.4861,1.1743,0.36368,0.50679,0.50746,1.3077,2.5298,3.2243,3.3438,2.787,1.641,1.5678,2.1952,2.0611,1.6508,1.0247,0.58616,1.8192,2.0371,0.88617,1.168,2.1009,1.6695,0.44601,0.80383,0.95557,0.329
1.6459,3.0017,2.1879,1.0081,0.31292,1.5281,2.4244,2.8661,2.8297,2.4291,1.9465,1.8031,2.1014,2.4649,2.6102,2.4779,2.1789,1.9426,1.9476,2.0982,2.1643,2.0195,1.6997,1.4175,1.4647,1.7939,2.1045,2.2115,2.0678,1.723,1.2922,0.92112,0.71146,0.60959,0.50781,0.45901,0.58186,0.7499,0.78155,0.57661,0.1935,0.69103,1.5328,2.3756,3.0614,3.4616,3.5001,3.1699,2.5386,1.7482,1.0465,0.86997,1.1445,1.3224,1.2271,0.86181,0.32226,0.42704,1.0528,1.5837,1.9482,2.1329,2.1738,2.1439,1.0611
0.13471,0.87557,1.6852,2.3081,2.4769,2.1518,1.7365,1.8669,2.2578,2.2316,1.5287,0.49457,1.5564,2.7768,3.1441,2.4111,1.1318,1.8325,3.0324,3.1746,2.2743,1.3599,1.6563,1.7135,0.84513,0.71808,1.8574,2.1653,1.5142,0.35651,0.69603,1.2051,1.6325,2.5495,3.4731,3.7565,3.19,2.075,1.2255,1.3362,1.5193,1.5993,1.988,2.4335,2.4832,2.0312,1.1954,0.29659,1.3751,2.5694,3.1181,2.6573,1.4168,1.1654,2.0844,2.1656,1.4336,0.99647,1.1571,0.95448,1.6975,2.9379,3.259,2.179,0.25076
1.083,2.0982,1.868,1.4381,0.87875,0.77353,1.4882,2.3144,2.9679,3.3034,3.2166,2.6467,1.611,0.2897,1.2748,2.5191,3.2308,3.21,2.4582,1.2005,0.2406,1.258,1.6612,1.3845,1.2584,2.3806,3.7759,4.7243,4.9162,4.3419,3.2518,2.0594,1.2071,0.94642,1.1168,1.5772,2.1171,2.4154,2.2641,1.6969,1.1204,1.2635,1.7048,1.7867,1.3765,0.61908,0.38167,1.0624,1.4561,1.5139,1.3583,1.1469,0.93471,0.73403,0.78926,1.193,1.5859,1.6885,1.3747,0.71339,0.70872,1.7367,2.7231,3.4025,1.8217
0.99844,1.9691,1.8875,1.7569,1.5869,1.3927,1.1967,1.0289,0.92156,0.89266,0.92961,1.0009,1.0807,1.1576,1.2303,1.2992,1.3587,1.3947,1.3876,1.3179,1.173,0.95499,0.69664,0.51916,0.63883,0.97384,1.3429,1.6628,1.8887,1.9968,1.984,1.8733,1.7208,1.6181,1.6589,1.8605,2.1496,2.4297,2.6252,2.6871,2.5908,2.3328,1.9288,1.4097,0.81872,0.21767,0.41309,0.93241,1.3518,1.6433,1.7973,1.8202,1.7342,1.5762,1.3951,1.2439,1.1601,1.1412,1.1465,1.1282,1.055,0.91783,0.73,0.53632,0.2205
0.015773,0.99443,1.606,1.9541,2.3741,2.5386,1.8951,0.5407,1.3196,2.199,1.7803,0.38617,1.8423,3.0065,2.7264,1.1999,1.3719,2.7482,2.7662,1.3916,0.62458,2.0465,2.1426,0.81664,1.2906,3.1953,4.1365,3.936,3.0434,2.244,2.0035,2.0828,2.313,2.6148,2.7463,2.5355,1.9912,1.2147,0.37409,0.75913,1.5373,1.9705,1.9069,1.4104,0.86688,0.92339,1.2528,1.4936,1.7558,1.9889,1.9542,1.5614,0.97494,0.46918,0.16506,0.23386,0.47038,0.43559,0.21468,0.99872,1.9208,2.5159,2.5333,2.0628,0.85381
0.4357,0.80227,1.0079,2.0395,2.2725,1.0114,0.72635,1.156,1.703,3.8082,4.6463,3.6946,2.426,1.2743,1.0985,2.3373,1.6147,1.8609,4.3585,4.737,2.7823,0.52977,1.291,1.7986,2.6565,2.7433,1.3415,1.1376,2.6495,2.7795,2.6144,3.3963,3.4483,2.2253,1.4743,1.8427,1.7468,1.9214,2.322,2.4482,2.6422,2.8891,2.6451,1.6047,0.30101,1.1718,1.3192,0.58735,0.53403,1.4536,2.3499,2.9362,2.9356,2.4635,1.675,0.8419,1.4116,2.3926,2.864,2.7401,2.2758,1.8388,1.4396,0.83231,0.05771
1.1849,2.2457,1.9082,1.4712,1.0935,0.82685,0.72931,1.2,2.0112,2.6602,2.8119,2.4146,1.8583,1.8603,2.2395,2.2554,1.6692,0.6585,0.42613,1.1604,1.3583,1.0202,0.33984,0.43379,1.023,1.3256,1.3789,1.3486,1.3329,1.201,0.80098,0.49828,1.1428,1.7688,1.8826,1.3475,0.44094,1.0961,2.01,2.3219,1.9256,1.0375,0.58296,1.3171,1.7985,1.8131,1.479,1.0596,0.86036,0.85989,0.72879,0.43317,0.74494,1.436,1.9247,2.0341,1.9713,2.2866,3.0147,3.6056,3.666,3.1275,2.179,1.1059,0.14226
0.78668,1.517,1.3985,1.3296,1.381,1.5457,1.8109,2.1528,2.4791,2.6515,2.5572,2.1814,1.686,1.4267,1.4918,1.431,1.0142,0.84879,1.5248,2.0387,1.9899,1.7999,2.3959,3.3257,3.7139,3.2753,2.2778,1.452,1.5621,2.1442,2.7145,2.9775,2.6228,1.7137,1.2178,1.6605,1.547,0.79723,2.0179,3.6848,4.3674,3.6481,1.8242,0.2989,1.79,2.1871,1.6619,1.0427,0.97551,0.79228,0.86625,1.5384,1.7943,1.5171,1.9047,3.0423,3.7053,3.4531,2.6547,2.1168,1.853,1.1218,0.1509,1.3681,0.93538
1.5124,2.8991,2.5845,2.3142,2.3732,2.6185,2.6046,2.1004,1.2719,0.85303,1.164,1.1734,0.71049,0.84423,1.6942,2.254,2.3175,2.0991,2.0312,2.1898,2.2367,2.0079,1.6424,1.3725,1.2495,1.2237,1.3656,1.6286,1.7825,1.6599,1.2427,0.62962,0.18216,0.70135,1.0751,1.129,0.83536,0.28876,0.32079,0.73181,0.77975,0.4403,0.20279,0.77676,1.1301,1.1281,0.89576,0.8974,1.2947,1.6839,1.8838,1.9168,1.8633,1.7578,1.5869,1.3712,1.2154,1.2268,1.3487,1.4246,1.3544,1.1255,0.78951,0.42381,0.088295
0.3406,2.2419,3.3007,2.9034,1.4106,0.63802,1.6987,2.1404,2.4198,2.7949,2.839,2.5678,2.6656,3.0382,2.8365,1.7688,0.23479,1.2565,2.0347,2.035,1.5363,1.1201,1.2757,1.6697,1.9549,2.0139,1.8103,1.3745,0.7936,0.18798,0.33237,0.63058,0.65515,0.49326,0.55157,0.82864,0.8888,0.77372,1.2463,2.1347,2.7485,2.7204,2.0637,1.3213,1.4971,2.0353,2.1077,1.5869,0.69129,0.45341,0.98037,0.93705,0.46396,0.87035,1.4704,1.5116,1.105,1.018,1.2828,1.1725,0.94853,1.3832,1.8088,1.7635,0.80117
0.5704,0.75297,0.37084,1.4048,2.1338,2.3223,2.1056,1.7178,1.2899,0.93209,0.67848,0.34009,0.7579,1.6309,2.1161,1.8533,1.1522,1.479,2.2331,2.2161,1.3979,0.98963,1.6821,1.7554,0.93216,1.2143,2.7476,3.7062,3.6971,2.9354,2.2814,2.4777,2.7397,2.433,1.9407,2.052,2.2649,1.7723,0.58776,0.95548,1.8838,1.9535,1.336,1.047,1.5322,1.7587,1.6444,1.6328,1.9332,2.387,2.7687,2.7358,2.0468,1.092,1.5768,2.4516,2.4772,1.5598,0.39917,1.3605,2.0184,1.8759,1.1813,0.43115,0.0088998
0.13501,1.1334,1.8225,2.1845,2.513,2.5647,1.8464,0.59112,1.5537,2.437,2.0136,0.47176,1.6178,2.8242,2.6076,1.2408,1.5558,2.8222,2.7648,1.3194,0.71295,2.2049,2.3426,1.0425,1.0523,2.9699,3.9535,3.8389,3.0907,2.4511,2.2193,2.1391,2.1827,2.3892,2.5105,2.3258,1.8198,1.1001,0.47366,0.95888,1.6786,2.0729,1.9866,1.5034,1.0513,1.1612,1.4665,1.6717,1.8966,2.1181,2.1054,1.7562,1.2095,0.68328,0.2402,0.2774,0.6309,0.66501,0.28604,0.76112,1.7076,2.3763,2.5105,2.1961,0.97305
1.6337,1.4427,1.7523,2.4281,2.0508,2.0225,2.4118,2.5566,0.84654,2.1734,1.8595,1.1686,1.5454,1.2118,1.4734,2.0386,1.6314,2.9901,4.0428,1.6557,1.8211,2.7898,2.6342,2.9591,2.9294,2.9643,2.0481,0.54093,2.7583,2.5447,1.831,2.0323,0.85437,1.9912,3.804,3.8222,1.7755,2.9403,3.4703,2.2694,1.1613,1.8287,2.8562,2.251,0.53642,0.36955,2.7974,5.1795,4.7641,2.1954,0.73565,1.5041,1.5938,2.1546,0.54351,2.3042,3.0934,2.0125,1.3107,1.7621,2.8521,2.2441,2.7492,2.9873,1.2011
0.46613,1.0982,1.0513,0.59631,0.80409,1.0719,0.56341,0.82695,1.8751,2.0258,0.98039,0.76904,2.242,2.6159,1.8716,1.5134,2.3394,2.4463,1.4103,0.70806,1.9039,2.2789,1.7436,1.5821,2.4773,3.0751,2.904,2.15,1.2663,0.77219,0.86957,1.1427,1.5002,2.0237,2.6985,3.2879,3.4088,2.7781,1.4892,0.93187,2.0997,2.6837,2.2865,1.2129,0.96483,1.9355,2.4795,2.4246,1.9864,1.4761,1.108,0.90508,0.83841,0.9556,1.1987,1.3834,1.3614,1.1458,1.0876,1.5136,2.0284,2.2279,1.9552,1.2943,0.38961
0.74961,2.148,3.0731,3.4794,3.1608,2.2092,1.0602,1.2521,2.2771,2.9031,2.938,2.4656,1.7543,1.2084,1.0951,1.098,1.0009,1.1257,1.6693,2.2745,2.6268,2.5778,2.1316,1.4401,0.86468,0.95472,1.3086,1.4414,1.2975,1.0525,1.1017,1.5598,2.1177,2.5679,2.8152,2.8225,2.5951,2.1789,1.6609,1.1652,0.83253,0.70903,0.64444,0.49934,0.26389,0.10946,0.3126,0.46883,0.5189,0.4848,0.42709,0.41943,0.50971,0.7094,1.0048,1.3503,1.6753,1.9062,1.9888,1.9029,1.667,1.3305,0.95983,0.63226,0.23969
0.33601,0.77104,0.8083,1.1126,1.8055,2.0475,1.3381,0.49226,1.8807,2.5582,1.9337,0.87735,2.1356,3.0569,2.5652,0.97612,1.4156,2.6853,2.7353,1.7694,1.1734,1.7177,1.6477,0.61785,0.98649,2.4214,3.2224,3.2205,2.571,1.6005,0.92814,1.6275,2.7822,3.7201,4.1183,3.8227,2.9153,1.7211,0.87604,1.0312,1.1808,0.96065,0.95055,1.4244,1.6873,1.4758,1.274,1.8012,2.4173,2.539,2.1666,1.6661,1.3307,1.016,0.71083,0.86316,1.0765,0.9145,0.84115,1.5821,2.3784,2.6917,2.335,1.3893,0.20757
0.0080281,0.67863,1.5394,2.3882,2.8475,2.636,1.7338,0.44186,0.97248,1.8144,1.9083,1.2519,0.47417,1.335,2.0425,2.0084,1.2984,0.69236,1.2736,1.6834,1.5149,0.91045,0.26325,1.054,2.0448,2.6941,2.6515,1.8665,0.69449,0.31124,0.67481,0.39055,0.22052,0.88028,1.7173,2.7668,3.5272,3.4179,2.3478,1.383,2.3219,3.2641,3.3383,2.6542,1.5664,0.40295,0.64825,1.4197,2.1249,2.849,3.1576,2.5468,1.2004,1.3777,2.2507,1.8214,0.49506,1.79,2.4955,1.656,1.8499,3.9495,4.7661,3.5688,0.99407
0.0070566,1.0916,1.6677,1.7108,1.7743,1.912,1.4413,0.13082,1.6043,2.8579,2.9394,1.7623,0.8851,2.3561,3.0248,2.3385,0.79058,1.43,2.6239,2.8638,2.3147,1.5234,1.0152,0.97672,1.1664,1.1733,0.75791,0.42558,1.0909,1.4481,1.1235,0.29413,0.9663,1.8287,2.2567,2.3901,2.4987,2.522,2.1392,1.2265,0.69595,1.8689,2.773,2.8478,1.9877,0.6159,1.6554,3.1217,3.7762,3.3914,2.1953,1.1605,1.722,2.2066,1.8227,0.83415,0.92535,1.8188,2.2419,2.3267,2.4584,2.6595,2.6535,2.3981,1.1112
1.5222,2.5002,1.1392,0.73513,1.9429,2.501,2.3454,1.7129,1.0579,1.1871,1.7092,1.9268,1.9275,2.1285,2.3983,2.2748,1.8079,1.6507,1.7933,1.4477,0.45131,0.83619,1.5753,1.3501,0.72003,2.1761,3.7778,4.4706,3.9146,2.3764,1.3217,2.5403,3.5563,3.8014,3.7988,4.0671,4.2142,3.6301,2.3327,1.2249,1.5084,1.6981,1.159,0.32939,0.55969,0.72291,0.43317,0.021933,0.51322,1.2144,2.0103,2.469,2.2691,1.5571,1.1514,1.3399,1.0793,0.17149,1.2617,2.297,2.5867,2.1344,1.5889,1.7354,0.98104
0.31564,0.65098,0.7042,0.77752,0.85692,0.93125,0.99279,1.0367,1.0608,1.0648,1.0505,1.0216,0.98308,0.94112,0.90214,0.8717,0.85314,0.84647,0.84839,0.85334,0.85496,0.84751,0.82663,0.78981,0.73661,0.66886,0.59121,0.51209,0.44534,0.41014,0.42212,0.47906,0.56414,0.66044,0.75633,0.84465,0.92131,0.98439,1.0336,1.0702,1.0962,1.1145,1.1281,1.1398,1.1516,1.1644,1.1781,1.1913,1.2023,1.2088,1.209,1.2016,1.1858,1.1621,1.1316,1.096,1.0577,1.0193,0.98322,0.95153,0.92553,0.9058,0.89224,0.88441,0.44093
0.087341,0.19529,0.25461,0.34752,0.46814,0.60944,0.76309,0.91979,1.0698,1.2035,1.3118,1.3871,1.4229,1.4153,1.3625,1.2651,1.127,0.95483,0.75988,0.56122,0.39925,0.35561,0.45758,0.6165,0.77088,0.89447,0.97381,1.0012,0.97289,0.88845,0.75077,0.5664,0.34823,0.15169,0.26419,0.53061,0.80551,1.0643,1.2924,1.4779,1.6114,1.6861,1.698,1.6465,1.5346,1.3695,1.1636,0.93792,0.73093,0.61389,0.65864,0.83275,1.0526,1.2655,1.4435,1.57,1.6352,1.6337,1.5641,1.4289,1.2341,0.9898,0.71106,0.42826,0.13168
0.72985,1.2685,0.72692,1.0013,2.1647,2.8744,2.5714,1.2644,0.4831,1.7686,1.9538,0.96898,0.92413,2.3653,2.9057,2.289,0.98093,0.94135,1.7309,1.8276,1.5554,1.4851,1.3873,0.80686,0.65571,1.8305,2.7668,3.0818,2.759,2.0901,1.5886,1.5491,1.6499,1.768,2.0822,2.4336,2.4058,1.772,0.8028,1.2687,2.3168,2.7511,2.3689,1.3587,0.21121,0.67131,0.90724,1.1863,2.2742,3.4836,4.1115,3.8176,2.6839,1.2347,1.0139,1.739,1.8533,1.368,0.973,1.4941,2.1106,2.3031,1.9944,1.3344,0.42919
2.6613,2.8265,2.1647,4.3334,2.5359,1.953,2.3389,1.2021,1.3333,1.4692,3.3581,4.3333,3.4369,1.6437,0.81765,0.67228,2.7049,4.3543,1.8968,2.9611,4.8707,4.3188,5.9533,4.7338,1.2755,1.188,0.96828,1.5026,2.813,2.2139,1.2882,1.8201,3.5165,4.3096,0.46781,4.2192,3.971,2.1153,3.4835,0.81895,4.8638,5.8243,3.2041,0.62276,0.43654,0.90681,1.4577,2.5473,2.9526,1.0893,2.5281,4.5751,3.4627,3.0168,2.5477,0.38905,1.2993,0.34232,0.71625,2.1174,3.8442,3.1542,1.033,1.0423,0.18475
0.0088034,1.1777,1.9807,2.2421,2.1009,1.9244,1.9756,2.1303,2.1474,1.8877,1.3339,0.89293,1.5402,2.4511,2.8136,2.2787,1.1368,1.6747,3.023,3.4285,2.6409,1.3283,1.3677,1.7842,1.1477,0.33699,1.7389,2.3363,1.8317,0.66514,0.75101,1.3685,1.8991,2.9518,3.9225,4.0207,3.0944,1.7879,1.4014,1.5708,1.2557,1.359,2.2577,2.8201,2.6604,1.914,0.87084,0.49038,1.6932,2.6811,2.984,2.3804,1.1512,0.90358,1.7235,1.8861,1.5674,1.3988,1.2696,0.9932,1.6906,2.6945,2.8703,1.8562,0.05391
0.15045,0.5004,0.86022,1.0421,0.81871,0.2605,0.47719,0.89842,1.0141,0.91387,0.63024,0.71125,1.5884,2.3048,2.3049,1.5953,1.1178,1.4528,1.2486,0.55751,1.5679,2.3608,1.9578,0.70999,1.9614,3.408,3.6549,2.6606,1.0297,0.57822,1.3238,1.2898,1.045,1.8559,3.1502,4.0496,4.0146,2.8834,0.98372,1.0192,2.3868,2.7407,2.1555,1.1621,0.95212,1.5522,1.9402,2.1208,2.1999,2.0834,1.7199,1.3483,1.1721,0.92196,0.8323,1.5168,2.0689,1.8851,1.0521,1.0692,1.9863,2.349,2.0734,1.5935,0.69089
1.135,2.5555,3.1053,3.3595,2.9784,2.1453,1.5958,1.5526,1.229,0.82961,1.6821,2.7604,3.4351,3.5726,3.1536,2.2115,0.99091,0.86978,1.6608,1.8263,1.3203,0.55565,0.11181,0.73798,1.7404,2.569,2.5291,1.4092,0.29368,1.4999,1.4856,0.61841,1.9918,3.2219,3.2308,2.4124,1.9554,1.7033,0.6569,0.96401,2.0936,2.1358,1.9479,2.9431,3.6849,3.1265,1.523,0.34933,1.1018,0.96128,0.95544,1.6176,1.9511,1.9403,1.9718,2.2881,2.803,2.9109,1.9235,0.88549,3.4926,5.6508,6.0281,4.4695,1.4536
0.2057,0.40609,1.1812,2.232,2.9229,2.8726,2.0217,0.70204,0.95161,1.8777,2.0246,1.345,0.43158,1.3519,2.1127,2.0645,1.2548,0.5145,1.3409,1.886,1.801,1.2449,0.48002,0.6997,1.6577,2.3264,2.3483,1.6777,0.71636,0.53921,0.71197,0.40943,0.43461,1.0011,1.7863,2.8248,3.5909,3.4792,2.3943,1.4338,2.4096,3.3933,3.5001,2.8322,1.7368,0.53015,0.66749,1.6201,2.478,3.1985,3.3612,2.5203,0.85508,1.4655,2.5631,2.1749,0.56748,1.5433,2.4257,1.8008,1.9354,3.8696,4.6641,3.5245,1.0154
0.17627,0.85061,1.1278,1.1275,1.5061,1.7699,1.212,0.18088,1.5805,2.2431,1.67,0.55827,1.8745,2.7407,2.2843,0.99422,1.6287,2.6661,2.5559,1.5285,1.0859,1.6598,1.4646,0.30944,1.306,2.6717,3.2933,3.0641,2.2585,1.4032,1.2065,1.7712,2.5949,3.4008,3.8963,3.835,3.1564,2.0348,0.89125,0.7201,1.0571,0.96217,0.88916,1.369,1.7358,1.6058,1.3697,1.8697,2.5934,2.834,2.4673,1.7711,1.1373,0.6982,0.39307,0.54373,0.80008,0.89663,1.1571,1.7358,2.2586,2.3968,2.0402,1.3038,0.36731
1.1046,2.5223,3.1217,3.4111,3.0391,2.1984,1.6457,1.597,1.2587,0.87377,1.7295,2.7735,3.398,3.5117,3.1209,2.2376,1.0512,0.81636,1.6179,1.8323,1.3663,0.61631,0.097001,0.67717,1.6882,2.5496,2.5548,1.4658,0.26159,1.4899,1.5162,0.63209,1.982,3.2582,3.2915,2.4252,1.8957,1.6795,0.68853,0.90486,2.0589,2.1334,1.9489,2.9551,3.7307,3.187,1.5516,0.31568,1.1561,0.99979,0.8955,1.6,1.9892,2.001,2.0134,2.2692,2.7426,2.874,1.9371,0.85071,3.4713,5.6837,6.0889,4.4879,1.4232
0.32767,1.7371,2.4534,2.3706,2.5274,2.9569,2.4777,0.80302,1.4307,2.9988,3.2467,2.3047,1.1056,1.0655,1.8044,2.6198,2.8322,1.7486,0.66614,3.2231,4.7734,4.3913,2.222,1.095,3.2425,3.878,2.8246,1.0339,1.4958,2.5201,2.7539,2.5126,2.1149,1.7598,1.746,1.9211,1.7586,1.0948,0.21666,0.71192,1.1469,1.2441,1.5002,2.2116,2.957,3.3063,3.0864,2.3688,1.3593,0.30906,0.66004,1.1606,1.1789,1.1201,1.5344,1.8821,1.656,1.235,1.7654,2.4521,2.3494,1.4238,1.134,2.2407,1.3804
0.22858,2.3479,4.1671,5.1921,5.2774,4.5462,3.416,2.654,2.8601,3.4099,3.5945,3.2224,2.4119,1.489,1.0539,1.3318,1.5724,1.4712,1.0603,0.52004,0.35012,0.64435,0.75079,0.58897,0.27,0.35614,0.68557,0.82419,0.69173,0.35847,0.42722,0.919,1.2891,1.3913,1.1946,0.76565,0.28744,0.42698,0.8011,1.0622,1.2597,1.464,1.6684,1.8184,1.9001,1.9648,2.0566,2.1292,2.0743,1.8217,1.4057,0.99061,0.82382,0.89028,0.93386,0.92626,1.0256,1.2495,1.4149,1.3881,1.212,1.1495,1.3999,1.7316,0.93644
0.089352,1.22,2.1943,2.7681,2.8494,2.4694,1.8258,1.4293,1.8139,2.5041,2.997,3.1148,2.8531,2.3417,1.8486,1.713,1.9455,2.2041,2.2536,2.0314,1.5859,1.051,0.69511,0.8035,1.0569,1.1615,1.0473,0.754,0.55369,0.94513,1.6212,2.3067,2.8798,3.2598,3.3969,3.2775,2.9252,2.3974,1.7761,1.1571,0.65557,0.45289,0.55835,0.68128,0.7253,0.69462,0.60942,0.48604,0.33697,0.19273,0.20647,0.41271,0.68268,0.9841,1.2937,1.5787,1.7995,1.9199,1.9168,1.7888,1.5572,1.2625,0.95733,0.7063,0.30044
1.5924,3.1383,2.9935,2.7384,2.3641,1.875,1.2953,0.67147,0.14792,0.5407,0.9579,1.2122,1.2801,1.1685,0.91164,0.56746,0.23407,0.25482,0.46833,0.57528,0.54105,0.37618,0.12086,0.18959,0.46387,0.65799,0.72456,0.63903,0.40283,0.05044,0.39818,0.85236,1.2618,1.5727,1.7504,1.7856,1.6982,1.5365,1.3684,1.2572,1.2216,1.2249,1.2191,1.1874,1.1518,1.1506,1.1966,1.255,1.2687,1.1919,1.0089,0.74398,0.49774,0.50804,0.75989,1.0133,1.1628,1.1702,1.0323,0.77375,0.44129,0.10446,0.2261,0.43006,0.25146
0.056654,1.3142,2.3609,2.9484,2.9857,2.5337,1.8736,1.65,2.1988,2.8889,3.276,3.2245,2.7841,2.1646,1.7342,1.7775,2.038,2.1414,1.9451,1.4752,0.86724,0.4404,0.66071,0.94726,1.0217,0.8784,0.5957,0.38697,0.61674,1.0698,1.5808,2.1035,2.5814,2.9371,3.0949,3.0072,2.6726,2.1422,1.5171,0.95587,0.71305,0.84674,1.0233,1.0839,1.0162,0.84902,0.61932,0.38315,0.32685,0.55647,0.8417,1.0741,1.21,1.2443,1.2145,1.1922,1.2375,1.3423,1.4446,1.488,1.4522,1.3526,1.2287,1.128,0.54469
0.40466,1.571,2.4727,2.8441,2.6119,2.0693,1.9693,2.6226,3.3221,3.5728,3.2481,2.493,1.7266,1.578,1.9259,2.109,1.9021,1.4056,0.98065,1.0765,1.39,1.5195,1.3911,1.0852,0.73668,0.4658,0.34817,0.42774,0.63375,0.8514,1.0269,1.2071,1.5006,1.9263,2.3654,2.6602,2.6952,2.4319,1.9138,1.2478,0.57218,0.14347,0.44909,0.6405,0.6644,0.56981,0.41381,0.2734,0.28722,0.42135,0.52994,0.57067,0.60488,0.76218,1.0545,1.3655,1.5816,1.6392,1.5425,1.3782,1.3039,1.4252,1.6626,1.8682,0.97341
0.40466,1.5089,2.3625,2.7314,2.5272,1.9835,1.7825,2.3656,3.0927,3.4427,3.2543,2.6149,1.8453,1.5119,1.7794,2.0474,1.9803,1.5824,1.0832,0.94109,1.2331,1.4955,1.5377,1.3755,1.1112,0.8609,0.68964,0.59637,0.58867,0.69795,0.90478,1.1744,1.5006,1.8732,2.2415,2.5199,2.6227,2.4982,2.1476,1.625,1.0218,0.4472,0.18584,0.4648,0.65687,0.72606,0.69695,0.59413,0.45443,0.39258,0.55032,0.83041,1.1094,1.3219,1.4349,1.4432,1.3697,1.2664,1.2074,1.254,1.4036,1.5992,1.7798,1.9033,0.97341
0.75697,1.5843,1.6892,1.6545,1.3975,0.95129,0.43527,0.081341,0.26144,0.26747,0.37154,0.81308,1.3073,1.645,1.6901,1.3962,0.83687,0.45596,1.0037,1.618,1.9962,2.0851,1.9335,1.6628,1.4291,1.353,1.4455,1.6463,1.9075,2.1957,2.472,2.6846,2.7709,2.6654,2.3203,1.7345,0.98508,0.39223,0.78699,1.2192,1.2983,0.97991,0.35849,0.51374,1.2544,1.7638,1.9063,1.6569,1.0935,0.37551,0.43185,1.0575,1.5393,1.8814,2.1117,2.2338,2.239,2.1562,2.0694,2.0444,2.0266,1.8725,1.4735,0.8274,0.083793
0.063451,1.1237,1.0934,0.63653,1.928,2.425,1.7288,0.70171,1.3869,2.3462,2.4889,1.5711,1.0729,2.0543,2.6508,3.3611,3.877,2.9435,0.64245,2.837,4.5016,3.7967,1.3547,2.0451,3.5179,3.4473,2.9987,3.1506,3.2779,3.0078,2.5874,2.1968,1.2875,0.58676,2.4097,2.9389,1.7556,1.4615,2.5536,2.4214,2.3102,2.5514,1.6255,0.22712,1.7633,2.3457,2.1459,1.2094,1.0958,2.3642,2.492,1.9711,2.0214,1.4543,0.75723,1.4873,0.70609,1.5764,3.2199,2.806,0.8759,2.492,3.9199,4.121,1.9999
2.6217,4.4116,1.1357,3.7391,2.3843,3.8844,2.3305,2.7822,0.97499,3.9906,2.9696,4.6411,3.875,4.0645,4.0395,1.5381,3.8084,3.4271,7.8652,1.4396,6.017,4.7231,5.51,1.5701,0.35229,2.7352,4.5256,4.0564,1.6207,4.3216,5.3502,4.0968,1.2188,4.1672,3.2897,4.2847,2.1221,1.3787,3.3774,3.6604,2.9231,1.2071,2.647,2.8156,1.2974,2.5377,5.3996,3.3498,3.0075,2.1182,2.9283,2.842,3.6783,1.1514,2.1863,0.97084,2.9905,4.7891,1.2981,1.2992,2.8479,6.6395,1.7576,5.1135,0.27734
2.7153,4.3423,2.8274,3.0417,1.8094,5.6847,0.64896,0.56906,1.6715,3.785,1.1395,1.3064,6.0815,2.4764,3.863,3.4975,2.0796,1.9323,4.3249,1.8106,2.7245,2.2507,2.9517,5.8853,3.3031,0.98075,2.2654,0.35546,2.5138,2.188,1.8154,4.0164,3.1288,6.6002,1.4467,5.1125,1.7581,1.5592,6.9635,3.1085,11.048,1.8467,1.5681,2.4147,2.4024,5.5412,3.4508,3.0517,3.9435,2.154,3.3993,2.9533,2.8168,3.3999,0.43278,3.1614,4.0885,2.2577,4.6861,1.8536,1.3641,1.9879,1.7354,3.1424,1.3193
1.3598,2.8723,3.0652,2.9237,2.3807,1.7068,1.3376,1.2835,1.1221,0.79948,0.69667,0.81408,0.69514,0.50144,1.1021,1.8835,2.3228,2.1969,1.5246,0.67896,1.0349,1.8499,2.3028,2.3027,1.9262,1.321,0.72744,0.76539,1.2749,1.6183,1.594,1.1758,0.49133,0.36541,0.92438,1.1384,0.91558,0.32621,0.47008,1.2259,1.7619,1.9617,1.8111,1.3865,0.82766,0.35374,0.44353,0.72686,0.89246,0.91838,0.78719,0.47954,0.23006,0.76126,1.3738,1.8159,1.9516,1.7475,1.3281,1.0679,1.3194,1.7507,2.0519,2.1805,1.1039
1.3928,2.9396,3.1431,3.025,2.503,1.7989,1.283,1.0663,0.83017,0.4491,0.30519,0.44348,0.37945,0.68258,1.4326,2.081,2.2747,1.8539,0.93826,0.69659,1.7092,2.3748,2.4059,1.8295,0.92364,0.68415,1.4058,1.8823,1.9363,1.6201,1.079,0.53694,0.45168,0.66742,0.66759,0.41574,0.43713,0.99039,1.4953,1.7367,1.6331,1.2178,0.62531,0.26719,0.68069,1.0132,1.1413,1.0909,0.91111,0.63569,0.303,0.35164,0.82819,1.2778,1.5321,1.4687,1.0653,0.65272,1.187,2.0516,2.6655,2.7903,2.351,1.4638,0.36983
0.7917,1.5632,1.3671,0.81203,0.07126,1.0273,1.7167,1.8949,1.5526,0.98924,0.79871,0.92889,0.86424,0.94748,1.5642,2.1705,2.3311,1.9079,1.0599,0.71401,1.5897,2.3835,2.821,2.8606,2.5043,1.7882,0.8542,0.52756,1.2444,1.6614,1.6008,1.1949,0.90518,1.133,1.3747,1.2494,0.71112,0.18334,1.0356,1.7564,2.1252,2.0643,1.6244,0.97065,0.37931,0.41364,0.61229,0.62551,0.5834,0.63185,0.74644,0.90381,1.1429,1.4205,1.6264,1.6976,1.6547,1.541,1.3416,1.0586,1.0322,1.6486,2.5009,3.1748,1.7138
1.0527,2.233,2.3214,1.9765,1.1774,0.77304,1.5842,2.1786,2.1404,1.5633,1.0636,1.3771,1.6981,1.4248,0.53005,0.74693,1.9446,2.6962,2.7676,2.1595,1.0839,0.18507,1.2262,1.9644,2.3418,2.4136,2.2203,1.7551,1.0293,0.18248,0.74978,1.3619,1.5677,1.3324,0.80944,0.59893,1.0809,1.4813,1.56,1.3344,0.9859,0.86222,1.0859,1.3383,1.4312,1.3357,1.1,0.81629,0.60852,0.56648,0.60486,0.59686,0.5297,0.53061,0.7264,1.016,1.2595,1.3774,1.3518,1.2309,1.1215,1.1273,1.2392,1.3593,0.70407
1.5193,2.9686,2.6754,2.0389,1.1342,0.7137,1.3513,1.7432,1.5778,1.0896,1.1423,1.7397,2.0306,1.714,0.86282,0.5061,1.4935,2.1338,2.1917,1.7113,0.96677,0.69891,1.2085,1.6094,1.6891,1.4363,0.88423,0.25315,0.92219,1.7255,2.2032,2.1781,1.6266,0.718,0.51028,1.3057,1.712,1.5936,1.048,0.44121,0.70803,1.1063,1.1443,0.82592,0.31154,0.35162,0.79346,1.0767,1.2032,1.2067,1.0853,0.82128,0.46774,0.36488,0.63206,0.77813,0.66755,0.4575,0.7486,1.3156,1.7437,1.8459,1.5579,0.9469,0.20455
1.4356,2.9056,2.8162,2.3198,1.4337,0.88413,1.4878,1.96,1.8542,1.4496,1.5732,2.1567,2.3893,1.9299,0.84133,0.54611,1.7905,2.5157,2.5443,1.9552,1.0949,0.85502,1.4419,1.8708,1.9209,1.5893,0.94462,0.46251,1.2305,2.0547,2.4817,2.3375,1.6352,0.58936,0.59714,1.4011,1.7126,1.4791,0.86178,0.33134,0.69303,0.93321,0.78798,0.35394,0.31539,0.79651,1.1082,1.2093,1.1527,0.99638,0.7566,0.45935,0.34078,0.57794,0.76739,0.73998,0.5133,0.46267,0.89549,1.3626,1.6439,1.6545,1.4,0.98987,0.36868
1.6144,3.1372,2.7787,2.0414,1.0317,0.68346,1.3776,1.6733,1.4014,1.0173,1.3391,1.8021,1.7335,1.0085,0.30973,1.4759,2.344,2.5659,2.1069,1.196,0.53574,1.1355,1.639,1.712,1.3809,0.76022,0.40203,1.1518,1.8559,2.1704,1.9425,1.2022,0.37706,1.1001,1.818,1.9947,1.5973,0.82472,0.35213,0.86605,1.0776,0.83571,0.28624,0.43437,0.94859,1.1926,1.1469,0.90233,0.59438,0.41637,0.6036,0.9486,1.2156,1.2685,1.0681,0.76156,0.77639,1.0986,1.2684,1.0847,0.57986,0.51651,1.259,1.8665,1.0467
1.1551,2.2952,2.1468,1.71,1.0191,0.64355,1.1422,1.5289,1.5026,1.2057,1.0842,1.2839,1.3473,1.025,0.59874,1.1202,1.9245,2.4068,2.3776,1.8468,1.0076,0.53333,1.1546,1.6869,1.8855,1.8038,1.5914,1.3911,1.2548,1.1636,1.0903,0.99078,0.85701,0.93356,1.4403,2.0746,2.4762,2.4032,1.7814,0.73469,0.44959,1.4136,1.8658,1.6901,1.015,0.48268,1.0502,1.4281,1.2384,0.51832,0.50268,1.4864,2.1415,2.3001,1.9763,1.3682,0.89298,1.012,1.3268,1.4634,1.3826,1.1437,0.81218,0.43514,0.068473
1.4654,3.1487,3.4007,3.1629,2.3664,1.359,0.63656,0.23591,0.64621,1.6524,2.4327,2.5017,1.7771,0.97454,1.481,1.9222,1.5702,0.91024,1.2561,1.6733,1.4251,1.1016,1.6821,2.2072,2.0371,1.2466,0.47689,0.99339,1.5713,1.9076,1.9936,1.734,1.1304,0.74249,1.6117,2.9702,4.4656,5.75,6.313,5.7313,3.9648,1.5278,1.1469,2.4607,2.3913,1.0424,0.85895,2.3261,2.7116,1.9726,0.74341,0.73775,1.0985,1.1369,1.6444,2.1979,2.263,2.1861,2.5943,3.0133,2.7455,1.8402,1.5511,2.4138,1.4328
1.0404,2.5047,2.9471,2.6296,1.5762,0.37513,0.57837,0.47849,0.65805,2.0255,3.075,3.2056,2.3577,1.381,1.8788,2.5064,2.295,1.4946,1.0058,1.042,0.68451,0.5094,1.3264,1.726,1.4114,0.60962,0.45075,0.94907,1.1826,1.5294,1.994,2.1613,1.8226,1.1637,1.1945,2.4261,4.0121,5.4664,6.2636,5.954,4.4397,2.1237,0.35434,1.7862,2.0202,1.1655,0.89487,1.832,2.0079,1.2707,0.16703,0.70198,0.87172,1.0159,1.6945,2.065,1.8028,1.8493,2.8503,3.5595,3.2534,2.2251,2.2106,3.397,1.9854
1.0255,2.5,2.9704,2.6588,1.5901,0.35247,0.59532,0.5079,0.62819,2.0112,3.0836,3.2319,2.3851,1.3726,1.8509,2.4975,2.3042,1.5125,1.0187,1.0554,0.71111,0.50462,1.2978,1.6977,1.3912,0.59475,0.42552,0.92529,1.1587,1.5061,1.9676,2.1316,1.794,1.1372,1.1646,2.3967,3.9893,5.4582,6.2726,5.9769,4.4692,2.1521,0.36236,1.7878,2.0334,1.1837,0.88265,1.8198,2.0089,1.2878,0.19633,0.67226,0.85887,1.0414,1.7207,2.079,1.811,1.8653,2.8661,3.5644,3.2408,2.1957,2.2044,3.4191,2.0003
1.2373,2.9722,3.5847,3.4457,2.5002,1.2318,0.43176,0.29696,0.35692,1.4084,2.2663,2.4096,1.7601,1.064,1.5292,1.8978,1.4883,0.76803,1.1403,1.5315,1.2231,0.92166,1.6528,2.2268,2.0828,1.3287,0.56085,0.89194,1.3834,1.6446,1.6734,1.3982,0.80457,0.35643,1.3289,2.7152,4.3122,5.736,6.4186,5.9072,4.1612,1.6929,0.91058,2.222,2.1398,0.78828,1.0798,2.4689,2.7282,1.8343,0.47816,1.0048,1.4527,1.3478,1.5575,1.9997,2.0713,2.0656,2.5089,2.857,2.458,1.4838,1.6879,2.8874,1.708
0.077482,1.4729,2.5399,2.9346,2.5718,1.6176,0.80987,1.6008,2.5114,2.8778,2.6367,2.0364,1.716,2.1409,2.7366,3.009,2.842,2.3438,1.7611,1.3799,1.2802,1.2415,1.1049,0.89899,0.74018,0.711,0.81382,1.0486,1.3947,1.7782,2.1206,2.3814,2.5646,2.6901,2.7578,2.739,2.6033,2.352,2.0324,1.7255,1.5085,1.4058,1.3817,1.386,1.3823,1.3406,1.2328,1.0435,0.78381,0.50249,0.32294,0.39195,0.54369,0.65081,0.70854,0.76174,0.86848,1.0557,1.307,1.5885,1.8674,2.1164,2.3125,2.4379,1.2405
0.62686,1.5968,2.0674,2.126,1.6335,0.74741,0.75461,1.7345,2.3838,2.4738,2.015,1.2733,1.0384,1.6365,2.1553,2.2608,1.9538,1.4094,0.92798,0.78847,0.80086,0.66242,0.35054,0.039391,0.28067,0.38395,0.53294,0.99248,1.6247,2.2147,2.5982,2.6901,2.5069,2.1703,1.8784,1.7924,1.8773,1.9765,1.9914,1.9065,1.7431,1.5248,1.2777,1.0598,0.97204,1.0536,1.1954,1.2648,1.1883,0.94977,0.57892,0.16675,0.37403,0.76086,1.0348,1.1584,1.1376,1.0373,1.0066,1.2009,1.5896,2.036,2.4292,2.6945,1.394
1.3266,2.7037,2.7445,2.5954,2.21,1.7311,1.4379,1.465,1.5622,1.4505,1.0153,0.34462,0.72876,1.5189,1.9694,1.893,1.3026,0.51353,0.78782,1.3351,1.378,0.88082,0.042538,0.82029,1.4048,1.5421,1.2468,0.71696,0.52617,0.96943,1.3596,1.4805,1.2548,0.7074,0.45214,1.1945,1.8135,1.9909,1.6514,0.92297,0.30265,0.82642,1.1793,1.1273,0.81843,0.62235,0.71074,0.70561,0.43205,0.28033,0.85924,1.4494,1.8595,1.9946,1.8167,1.3718,0.92093,1.1202,1.7966,2.4084,2.7728,2.8754,2.8017,2.6817,1.3136
1.0693,2.5442,3.1365,3.2612,2.8274,2.1462,1.6875,1.5256,1.2646,0.75251,0.21455,0.27075,0.41954,0.92221,1.7406,2.418,2.5712,2.0317,1.0013,1.0537,2.2213,2.9628,2.9927,2.3924,1.5586,1.2734,1.7183,2.1176,2.2045,1.9914,1.5561,1.0412,0.78543,0.95509,1.0458,0.76359,0.17138,0.76814,1.4984,1.8629,1.7241,1.1478,0.53013,0.85894,1.3352,1.4273,1.1278,0.61157,0.2306,0.38748,0.46298,0.48585,0.69453,0.93243,0.96588,0.69853,0.18641,0.54863,1.2038,1.6969,1.9498,1.9745,1.8558,1.7128,0.82542
1.2358,2.7947,3.255,3.258,2.7197,1.9652,1.4628,1.2282,0.83014,0.18626,0.53108,0.84778,0.61883,0.50497,1.4676,2.3265,2.597,2.1079,1.0959,1.0574,2.1347,2.7691,2.6652,1.9264,0.98018,0.93053,1.5772,1.9466,1.9321,1.6051,1.0759,0.55119,0.58506,0.87315,0.84815,0.42215,0.38935,1.1708,1.7493,1.9104,1.6218,1.0487,0.60424,0.75436,0.9974,1.0979,1.1412,1.1381,0.96318,0.54175,0.28792,0.88731,1.3762,1.5241,1.3005,0.9102,0.94619,1.4732,1.9584,2.195,2.162,1.9302,1.6131,1.3372,0.61247
1.3037,2.8687,3.244,3.2175,2.7018,1.9891,1.5126,1.3005,0.9533,0.36674,0.37892,0.72929,0.63742,0.57235,1.3387,2.122,2.412,2.0033,1.0297,0.79866,1.8973,2.6128,2.6355,2.0234,1.1311,0.89125,1.4993,1.9449,2.0303,1.7907,1.3121,0.76241,0.64559,0.98728,1.1127,0.81046,0.30121,0.94412,1.7271,2.1271,1.9794,1.3213,0.40405,0.69323,1.3796,1.6526,1.503,1.0722,0.56034,0.12089,0.26304,0.61416,0.93961,1.1232,1.0489,0.70203,0.4421,0.97811,1.649,2.1433,2.3711,2.3487,2.1717,1.9773,0.94703
1.5124,3.1449,3.2549,3.0054,2.3732,1.6832,1.3639,1.3487,1.2719,1.0655,0.73809,0.2305,0.71049,1.6531,2.4047,2.6652,2.3175,1.5156,0.91801,1.4801,2.2367,2.649,2.6018,2.0953,1.2495,0.58103,1.1307,1.6894,1.7825,1.425,0.82477,0.28028,0.18216,0.15405,0.14766,0.51243,0.83536,0.98997,0.92693,0.73077,0.77975,1.1997,1.5573,1.5577,1.1301,0.55806,0.833,1.3032,1.2947,0.74725,0.37387,1.238,1.8633,1.9847,1.652,1.2158,1.2154,1.5386,1.7259,1.6463,1.3544,0.96117,0.57695,0.29124,0.088295
0.23153,1.5481,2.2858,2.0283,1.1537,1.1272,1.6645,1.4927,0.74335,1.036,1.8105,1.9787,1.5624,1.0154,0.76279,0.49752,0.11643,0.9338,1.6488,1.9916,1.8446,1.2565,0.41585,0.47235,1.1017,1.3723,1.2077,0.55229,0.87537,2.6498,4.5469,5.9317,6.253,5.3282,3.4922,1.5558,0.96919,1.2348,0.80404,0.16132,0.76596,0.80498,0.38568,1.0959,1.915,2.113,1.5356,0.40845,0.93681,1.9257,2.3123,2.0061,1.1516,0.23374,0.92911,1.3289,1.09,0.41087,0.54012,0.91886,0.61205,0.45543,1.7839,2.9214,1.6825
0.16639,1.5373,2.3072,2.0738,1.2533,1.2421,1.7282,1.5217,0.79237,1.1578,1.9275,2.0587,1.5666,0.92479,0.67138,0.47336,0.12591,0.92602,1.6475,1.9956,1.8482,1.2556,0.41694,0.53998,1.1925,1.4725,1.2656,0.51814,0.99228,2.8272,4.7053,6.0077,6.2192,5.1993,3.3131,1.3908,0.97514,1.2638,0.80505,0.093687,0.75476,0.80786,0.4366,1.0826,1.8598,2.0557,1.5275,0.48232,0.7648,1.711,2.1315,1.9209,1.1863,0.40406,0.8982,1.2723,1.0281,0.39205,0.70411,1.0819,0.72169,0.39626,1.8643,3.1052,1.7942
2.8278,4.1891,0.77242,1.4473,1.2682,3.5005,2.0068,2.9541,1.8005,0.93966,2.3483,2.0093,1.5673,3.3114,2.4498,2.3599,1.6052,3.2927,3.5413,4.658,4.9743,3.6329,1.9142,1.3351,3.1965,4.1501,4.273,1.8774,1.9875,5.6184,7.7985,3.2378,4.6791,5.5318,2.1883,4.4508,2.02,3.1032,0.99609,2.2442,2.0561,2.7912,1.3898,1.1564,1.3736,1.6758,1.2019,0.79142,2.5496,4.0647,2.4493,1.8608,4.4117,3.533,1.1125,2.1015,2.7157,1.1567,3.5922,3.0711,0.63256,3.3616,4.389,4.6447,1.9363
2.493,4.2333,1.297,1.5029,0.64489,3.7029,2.0801,2.9554,1.985,1.132,2.3349,1.973,1.5156,3.3573,2.6081,2.5497,1.1605,3.9978,2.8494,4.7139,6.3296,3.6422,1.1826,2.1373,4.6114,3.5182,4.2098,3.0211,2.539,6.7901,8.1291,1.9418,4.645,4.2092,3.4547,3.4746,1.24,2.7853,1.2783,2.6498,1.4954,3.4079,2.5226,2.3271,2.9823,3.2017,1.524,2.1069,1.882,3.8979,2.9196,1.734,4.5922,4.073,1.4666,2.6649,2.0155,1.9575,3.4512,2.3951,0.76481,3.0791,4.9696,4.4741,1.668
2.773,4.1618,0.86098,1.3424,1.2344,3.3646,2.0811,2.8453,1.7441,0.88396,2.4266,2.0529,1.6144,3.3232,2.3758,2.2141,1.6739,3.2312,3.4397,4.7195,4.998,3.586,1.9545,1.3972,3.2505,4.0501,4.2088,1.9886,1.8582,5.5935,7.8732,3.3045,4.7422,5.6319,2.1373,4.5518,2.0921,3.2207,1.134,2.3079,2.0576,2.7125,1.4632,1.0591,1.382,1.7041,1.2834,0.75056,2.6888,4.0466,2.3213,1.8632,4.3502,3.5505,1.1574,2.2199,2.7597,1.1308,3.732,3.0601,0.76998,3.3915,4.3338,4.6891,1.9578
2.8209,4.1965,0.76591,1.4285,1.2366,3.4536,1.9901,2.9298,1.7493,0.97879,2.3563,2.0022,1.5345,3.3222,2.4393,2.3099,1.5899,3.2645,3.4887,4.6238,4.9841,3.6796,1.9553,1.3303,3.158,4.1051,4.2591,1.9118,1.9376,5.6179,7.8086,3.2112,4.7008,5.5396,2.2318,4.4959,2.0089,3.1364,1.0389,2.2214,2.0609,2.7769,1.3909,1.1441,1.4054,1.7073,1.1909,0.81406,2.5929,4.0756,2.4133,1.9122,4.4378,3.5112,1.0615,2.1285,2.721,1.1911,3.6378,3.0758,0.67432,3.4125,4.4109,4.6275,1.9098
3.5725,4.7591,0.93294,2.7576,2.4614,4.5839,0.65845,4.1322,1.7428,1.7081,2.0142,1.5838,0.98076,2.7908,2.3856,2.9788,1.7491,3.0495,4.9516,3.4117,4.1433,5.3227,3.2683,1.806,1.4005,5.0283,5.1463,1.0111,2.6537,5.2698,6.8334,3.1931,3.7121,5.7053,2.3539,3.903,1.7958,3.0206,1.1482,2.2852,2.0116,2.821,1.3946,1.3579,1.5558,1.7969,0.37352,1.7031,1.3509,4.7323,3.8251,2.9523,5.7963,3.2398,0.25003,0.9727,2.6561,2.0664,2.5833,3.7439,0.60524,4.122,5.4451,3.8263,1.2341
2.727,4.059,0.90939,1.3254,1.4185,3.5181,1.8094,3.0858,1.8516,1.1071,2.4543,1.8887,1.56,3.2577,2.3359,2.1727,1.6244,3.3889,3.3752,4.5347,5.0477,3.8279,2.0062,1.3322,3.0615,3.9842,4.3476,2.0673,1.841,5.557,7.8366,3.3321,4.5575,5.5334,2.3356,4.3517,1.8675,3.052,0.93296,2.2918,1.8832,2.7855,1.5632,0.96687,1.2653,1.5406,1.1629,0.76228,2.4586,4.1765,2.591,1.905,4.5738,3.6659,1.1419,2.2808,2.7449,1.0748,3.7828,3.1923,0.69812,3.563,4.4278,4.4945,1.8355
3.6566,4.9125,0.95118,2.802,2.3115,4.5026,0.80891,3.9797,1.5997,1.6013,1.9123,1.7326,0.97789,2.9005,2.542,3.146,1.8266,2.9825,5.0749,3.546,4.0225,5.1565,3.1386,1.6476,1.5137,5.1401,5.1009,0.87699,2.8073,5.3775,6.8243,3.0535,3.8621,5.7071,2.2064,4.0414,1.9474,3.11,1.2709,2.2296,2.1692,2.8237,1.2513,1.5208,1.7092,1.964,0.48594,1.7021,1.4653,4.5976,3.6574,2.8819,5.6646,3.0736,0.33756,0.80816,2.7326,2.2281,2.4161,3.674,0.59629,3.9605,5.4096,3.9567,1.3182
2.8112,4.1804,0.77606,1.4238,1.2514,3.4701,1.9755,2.9319,1.7688,0.97051,2.3745,2.0154,1.5538,3.3414,2.4577,2.3267,1.573,3.2603,3.508,4.6289,4.9723,3.66,1.9473,1.3259,3.1634,4.1247,4.2625,1.899,1.9568,5.6374,7.827,3.2245,4.7092,5.5582,2.2214,4.478,1.9899,3.1177,1.02,2.2188,2.0413,2.7815,1.4093,1.1252,1.3883,1.688,1.1789,0.81778,2.5733,4.0704,2.4256,1.8939,4.4308,3.5224,1.0794,2.1339,2.739,1.1861,3.6215,3.0755,0.66179,3.3947,4.4156,4.6463,1.9196
2.5984,3.8183,0.66649,1.4294,1.4195,3.4443,1.5673,2.9815,1.8279,1.0712,2.2863,1.6828,1.7903,3.5148,2.5069,2.1655,1.8618,3.6324,3.5223,4.5519,5.0822,3.8911,2.0486,1.5469,3.3122,4.1928,4.4838,2.2349,1.6433,5.3074,7.6626,3.2725,4.6767,5.6169,2.5915,4.5678,2.0862,2.9242,0.67575,2.4322,1.8933,2.5909,1.3743,1.1175,1.2438,1.2834,0.90799,0.92807,2.7154,4.4187,2.8393,1.7074,4.342,3.4293,0.88861,2.3799,2.868,0.87745,3.5314,2.938,0.95357,3.8136,4.643,4.6983,1.9641
3.3634,4.941,1.7918,2.2985,1.0331,3.7452,2.0643,1.631,0.90857,1.3922,2.6712,2.0556,1.6503,4.4641,3.4985,1.9213,1.7973,3.0633,2.9728,3.9969,3.9292,2.7785,1.5711,2.1155,3.7911,4.3546,4.4416,1.8359,3.082,5.9172,6.9362,2.55,5.4244,5.2618,3.0956,5.2633,1.0498,3.3813,1.5195,1.4935,1.1244,1.755,1.3327,0.99631,0.63413,2.4337,2.1031,1.9875,2.7452,4.1425,3.0447,0.92637,3.7449,3.554,2.0791,1.8736,1.8825,0.92936,2.9044,1.7227,2.1326,4.5138,5.0282,4.4829,1.3312
3.4083,5.0264,1.7833,2.21,1.1225,3.7957,2.0368,1.6047,0.95234,1.3055,2.6485,2.106,1.5663,4.3745,3.4095,1.8321,1.8009,3.1418,3.0416,3.9907,3.8994,2.7363,1.5108,2.0598,3.7096,4.2771,4.4375,1.9049,3.0802,5.922,6.9561,2.6037,5.4796,5.3374,3.0969,5.2007,1.0222,3.4692,1.6021,1.4353,1.1451,1.8397,1.4189,1.055,0.54645,2.3442,2.039,2.0632,2.7952,4.096,2.9627,1.0137,3.8212,3.6047,2.1189,1.9499,1.9551,0.85094,2.8262,1.6613,2.1367,4.4698,4.94,4.4013,1.2864
0.75025,1.7984,2.2585,2.3924,2.0431,1.3543,1.1038,1.894,2.7605,3.2286,3.1554,2.5831,1.727,1.0792,1.286,1.7586,1.9553,1.8137,1.4778,1.2203,1.2362,1.3714,1.4226,1.3734,1.3316,1.3677,1.402,1.3037,1.0287,0.73981,0.91704,1.4904,2.0763,2.5098,2.7272,2.7229,2.5289,2.1974,1.7871,1.3566,0.95939,0.63346,0.3809,0.16112,0.079101,0.3282,0.55507,0.6957,0.69892,0.55572,0.37384,0.51263,0.89772,1.2618,1.4928,1.5423,1.416,1.1785,0.96126,0.92689,1.0857,1.2954,1.4604,1.5553,0.79259
1.0703,2.2169,1.9739,1.1591,1.2378,2.0774,2.0808,1.1855,0.56803,1.014,0.87463,0.45712,0.61969,1.2197,1.6171,1.2661,0.52589,0.7747,0.9648,1.7222,2.3655,1.7106,0.27749,1.928,2.362,1.8488,3.0822,4.4284,4.0738,2.6951,1.9912,0.58821,2.5934,5.8772,7.2509,6.6042,5.4704,3.8846,1.1316,2.2728,3.3067,1.7883,0.76637,2.1522,1.897,2.2182,3.0236,2.8769,2.4055,1.8836,0.78779,0.32975,0.46501,1.2414,2.6854,2.636,0.66617,2.5117,4.0089,3.0464,1.4271,2.6423,2.8461,1.7957,0.55739
1.5639,3.4909,2.3431,0.76704,3.0461,2.705,1.5133,2.2398,1.0507,2.1374,3.9741,3.206,1.7265,2.2339,2.7674,2.1774,1.178,1.6535,5.2807,8.0826,5.9234,1.5952,4.474,3.2991,0.77096,1.1261,0.58537,1.5059,1.3043,1.6516,1.0462,0.96393,1.8243,1.3182,1.9631,2.8803,1.1785,1.9272,1.2191,1.8696,3.0057,1.1055,1.2483,1.383,1.0949,1.1929,2.8639,1.7277,1.585,2.5783,3.9978,5.5273,3.9171,2.1157,1.645,0.73358,1.1349,3.2152,2.498,1.0904,3.4279,2.5535,0.89024,0.96892,0.21637
0.16449,1.689,2.2582,1.7029,1.1196,1.2461,2.013,3.0807,3.3261,2.5205,2.1002,2.5555,2.2326,0.94675,1.1193,2.4769,2.8559,1.7235,0.9033,3.3942,4.5797,3.8156,2.242,1.9874,1.7037,0.34165,1.2092,1.4621,0.36979,1.1575,1.625,0.76378,1.2595,2.2591,2.0133,1.0915,0.96392,1.1493,2.0401,3.2788,3.6617,3.043,2.4563,2.4808,2.2154,1.5114,0.81615,1.0106,2.7295,4.245,4.2421,2.2603,1.0336,3.6805,4.4439,3.0312,1.23,2.5994,3.2087,2.1666,0.39454,1.5669,2.5111,2.7703,1.3886
1.4324,2.8709,2.8236,2.6114,2.2084,1.7288,1.3987,1.3626,1.4453,1.3909,1.0716,0.52556,0.59581,1.3754,1.9911,2.1786,1.8346,1.0391,0.29313,1.0564,1.6364,1.6979,1.2601,0.54834,0.4994,1.065,1.3462,1.2912,1.0068,0.71373,0.74958,1.0687,1.3389,1.3639,1.0553,0.45148,0.39406,1.0903,1.5237,1.5585,1.238,0.82188,0.76343,0.9387,0.9003,0.59174,0.49575,1.0001,1.4793,1.6982,1.6076,1.275,0.92029,0.97661,1.4251,1.8521,2.0423,1.9276,1.5922,1.3517,1.5919,2.1412,2.6554,2.9856,1.5481
1.0835,2.4522,2.9023,3.0267,2.7161,2.1519,1.6262,1.2744,0.96051,0.57218,0.19549,0.15663,0.48812,1.0672,1.7502,2.2463,2.2966,1.8166,1.0769,1.2028,2.0829,2.6871,2.7232,2.2033,1.3665,0.88236,1.4094,2.0102,2.2547,2.0671,1.5103,0.77546,0.42753,0.79212,0.91579,0.65181,0.37524,0.8888,1.4242,1.6345,1.4538,1.0073,0.67299,0.84342,1.0818,1.0943,0.88898,0.58417,0.30397,0.10835,0.19469,0.44539,0.68278,0.81263,0.77217,0.56675,0.40245,0.71586,1.2285,1.6807,1.9432,1.9415,1.6743,1.2573,0.5078
1.3158,2.9455,3.3631,3.2745,2.6347,1.8756,1.5294,1.3902,0.9426,0.28238,0.66101,0.95152,0.66661,0.63586,1.6127,2.406,2.5575,1.9731,1.0112,1.1565,2.087,2.5817,2.4638,1.872,1.1498,0.98027,1.5004,1.9794,2.1084,1.7926,1.0942,0.27868,0.6223,1.0029,0.88597,0.3526,0.59051,1.3445,1.8159,1.8632,1.5229,0.99028,0.63677,0.74272,0.90645,0.94729,0.95145,0.96005,0.85238,0.51804,0.31655,0.92882,1.5044,1.7476,1.553,1.045,0.85777,1.4252,1.9892,2.2242,2.1115,1.7902,1.4684,1.2941,0.62642
1.5035,3.1418,3.2799,3.0495,2.4159,1.7182,1.4064,1.3413,1.0809,0.65739,0.54498,0.63114,0.52956,0.86114,1.6289,2.2099,2.2521,1.6645,0.68314,0.85884,1.7975,2.3017,2.2534,1.7635,1.0959,0.79727,1.2283,1.7219,1.9346,1.7465,1.1744,0.38805,0.44787,0.93102,0.96988,0.5472,0.24272,1.0331,1.651,1.895,1.7122,1.1877,0.5516,0.53399,1.0015,1.281,1.3001,1.1002,0.74963,0.31411,0.30159,0.81179,1.2421,1.4364,1.2949,0.84161,0.53615,1.1228,1.7907,2.1825,2.2302,2.03,1.7844,1.6542,0.81413
1.6532,3.2306,2.9267,2.2873,1.3977,0.86843,1.3034,1.6271,1.4062,0.83489,0.97225,1.6869,2.0245,1.728,0.86331,0.29995,1.349,1.9745,2.001,1.4723,0.66067,0.66738,1.3985,1.8837,2.0107,1.7776,1.2137,0.39626,0.58202,1.4273,1.9419,1.9504,1.4259,0.51313,0.51703,1.3433,1.7251,1.5696,0.96422,0.14925,0.64638,1.1284,1.2099,0.9242,0.4214,0.16054,0.56592,0.81743,0.92436,0.92868,0.82313,0.57289,0.203,0.30536,0.6579,0.79679,0.63604,0.24732,0.55462,1.1876,1.6455,1.7645,1.4826,0.85213,0.070682
1.6163,2.984,2.2925,1.3206,0.34725,0.51399,0.82407,0.68272,0.52815,0.96278,1.3189,1.1855,0.51589,0.66123,1.7456,2.5111,2.7009,2.2938,1.4826,0.57898,0.15442,0.49129,0.49226,0.35951,0.56157,1.0129,1.4497,1.6969,1.598,1.0808,0.23253,0.79947,1.6585,2.1503,2.1819,1.8291,1.2827,0.73174,0.24739,0.22217,0.67106,1.0136,1.1263,0.9539,0.55085,0.15764,0.49695,0.81759,0.96979,0.98673,0.94159,0.91469,0.95192,1.0147,1.0166,0.93214,0.89848,1.1163,1.4922,1.7958,1.8813,1.7019,1.2891,0.72859,0.1442
1.0801,2.3435,2.5207,2.229,1.4318,0.60873,0.87801,1.1675,0.95322,0.85166,1.4314,1.8338,1.5754,0.70075,1.0596,2.3916,3.2821,3.4269,2.8663,1.9662,1.4037,1.5643,1.7954,1.7164,1.3196,0.67003,0.16443,1.0261,1.6914,1.8964,1.484,0.50263,0.80414,2.0169,2.771,2.8466,2.273,1.3433,0.74064,1.0578,1.2787,1.0894,0.66553,0.46965,0.63643,0.65474,0.42635,0.25737,0.64778,1.0993,1.4709,1.7144,1.7848,1.6586,1.3838,1.1232,1.082,1.2134,1.2925,1.2156,1.0294,0.88974,0.92532,1.0491,0.55443
1.5426,3.0128,2.7105,2.0547,1.1146,0.6781,1.3708,1.7868,1.6201,1.0914,1.0957,1.7172,2.0415,1.7491,0.90736,0.50247,1.4943,2.1594,2.2357,1.754,0.97322,0.65325,1.2101,1.6475,1.7345,1.459,0.86719,0.22029,0.96719,1.7655,2.2188,2.1644,1.5907,0.67378,0.52127,1.3059,1.6873,1.5502,1.005,0.45328,0.747,1.1118,1.1194,0.78292,0.26505,0.35105,0.77088,1.0326,1.1614,1.1924,1.1048,0.8619,0.51349,0.40103,0.66938,0.82441,0.70516,0.43986,0.70766,1.308,1.7669,1.8881,1.6042,0.98744,0.22785
1.1574,2.5928,2.9857,2.9672,2.4697,1.8199,1.4749,1.3682,1.0513,0.46132,0.38794,0.75175,0.66804,0.44166,1.1347,1.9017,2.1954,1.8228,0.984,1.0452,2.0562,2.6814,2.616,1.9202,0.97174,0.90888,1.6249,2.0618,2.0826,1.7477,1.1754,0.61228,0.74359,1.1813,1.2958,0.93075,0.16783,0.86858,1.7455,2.2192,2.1301,1.5128,0.58738,0.44765,1.1316,1.4168,1.2854,0.87411,0.37879,0.058667,0.40087,0.71966,1.0026,1.1371,1.0079,0.61272,0.48412,1.1645,1.8845,2.3857,2.57,2.4405,2.0898,1.693,0.75299
1.2503,2.7753,3.1697,3.1522,2.6339,1.9061,1.4143,1.2058,0.86559,0.27563,0.4301,0.79874,0.71797,0.6126,1.319,2.0875,2.3732,1.9661,1.011,0.86246,1.9578,2.6692,2.6879,2.0689,1.1539,0.84622,1.4427,1.8949,1.9909,1.7662,1.3083,0.79116,0.69134,1.008,1.1143,0.79442,0.25684,0.95157,1.7496,2.1594,2.0197,1.3677,0.43905,0.6189,1.2999,1.5665,1.4113,0.97876,0.47824,0.14938,0.35038,0.65008,0.9427,1.1122,1.0448,0.74877,0.61661,1.1182,1.7482,2.2058,2.3901,2.3121,2.0672,1.8058,0.84589
1.2736,2.8146,3.198,3.1742,2.6553,1.9348,1.4551,1.2519,0.91217,0.31981,0.38645,0.75214,0.67527,0.6169,1.3559,2.1305,2.418,2.0111,1.0511,0.8373,1.9174,2.6268,2.6443,2.0234,1.1081,0.84051,1.4686,1.9307,2.0324,1.8115,1.3548,0.82921,0.68554,0.97596,1.0749,0.75088,0.22917,0.97959,1.7803,2.189,2.0464,1.3891,0.44248,0.58891,1.2822,1.5577,1.4125,0.99293,0.51082,0.18816,0.31819,0.60395,0.89745,1.0703,1.004,0.70393,0.58063,1.109,1.749,2.2123,2.4027,2.3325,2.0978,1.8472,0.86919
1.2633,2.7963,3.1827,3.1597,2.6393,1.9147,1.4319,1.2309,0.89352,0.2982,0.39299,0.76464,0.69595,0.64574,1.3732,2.145,2.4338,2.0314,1.0825,0.85295,1.9084,2.6078,2.617,1.9871,1.0632,0.83534,1.5001,1.9753,2.0824,1.8598,1.3919,0.83498,0.63603,0.92436,1.036,0.72951,0.28403,1.0158,1.8047,2.2062,2.0587,1.3998,0.46862,0.61504,1.2987,1.5719,1.4234,0.99608,0.49473,0.1194,0.31729,0.6365,0.94292,1.1185,1.0467,0.72191,0.52196,1.0375,1.6889,2.1668,2.3763,2.3313,2.1276,1.9077,0.90655
1.0852,2.5789,3.1789,3.3118,2.8808,2.1857,1.6822,1.4683,1.1755,0.6497,0.19164,0.41242,0.53265,0.9349,1.7151,2.3895,2.5581,2.0554,1.1238,1.1911,2.2607,2.9452,2.923,2.2646,1.3724,1.1663,1.7618,2.2388,2.3631,2.1559,1.6941,1.107,0.71149,0.82638,0.93864,0.68145,0.075984,0.78232,1.5025,1.8568,1.711,1.1327,0.53172,0.88172,1.3569,1.4462,1.146,0.64031,0.3097,0.44388,0.48822,0.44199,0.58887,0.80551,0.83019,0.56439,0.17825,0.70973,1.3468,1.8121,2.0216,1.983,1.7822,1.5569,0.72852
1.7599,3.4258,3.1217,2.5899,1.9105,1.3374,1.2003,1.3291,1.303,0.98386,0.44107,0.40363,1.0473,1.5465,1.7206,1.469,0.79832,0.16806,1.1329,1.8411,2.0558,1.7059,0.93917,0.59395,1.3882,2.0377,2.2834,2.1393,1.7354,1.2815,1.1217,1.4239,1.8091,1.9272,1.6122,0.87014,0.19764,1.1622,1.8722,2.0984,1.8007,1.1022,0.26139,0.61427,1.1567,1.3712,1.2745,0.95263,0.52542,0.25295,0.47816,0.6538,0.58891,0.26802,0.23608,0.77136,1.173,1.3037,1.1029,0.60297,0.090217,0.82293,1.457,1.8806,1.0144
2.7675,4.0828,0.91229,1.3773,1.4592,3.5935,1.8852,3.1386,1.9305,1.0296,2.3941,1.8795,1.5859,3.1833,2.3215,2.2535,1.7004,3.4684,3.4558,4.6066,5.0553,3.7623,1.9269,1.3654,3.1415,4.0473,4.3761,2.0153,1.9177,5.5128,7.7665,3.362,4.485,5.4679,2.2561,4.2869,1.9426,3.0135,0.88536,2.3502,1.9177,2.8142,1.5197,1.0442,1.2374,1.5085,1.2112,0.71121,2.3986,4.1606,2.6498,1.8259,4.5264,3.6941,1.2205,2.2015,2.6922,0.9998,3.7111,3.1854,0.64007,3.4825,4.3652,4.4924,1.876
2.4528,4.1519,1.319,1.3998,0.80907,3.7767,1.7976,3.2035,2.0791,1.3313,2.3655,1.8602,1.5188,3.3267,2.5553,2.4833,1.1347,4.1693,2.7313,4.6035,6.4239,3.8336,1.0024,1.9812,4.5284,3.4817,4.2849,3.1366,2.4176,6.6711,8.0878,2.054,4.3974,4.2579,3.5584,3.2582,1.0744,2.6858,1.1721,2.7077,1.431,3.3672,2.6222,2.129,2.7351,2.9623,1.3179,1.9406,1.7246,4.0149,2.9951,1.7713,4.67,4.2167,1.6172,2.8751,2.1659,1.8078,3.6361,2.4766,0.65486,3.2099,4.9111,4.3741,1.6203
2.7032,4.0143,0.86377,1.3415,1.4152,3.5031,1.7642,3.0651,1.8445,1.096,2.422,1.8496,1.602,3.3053,2.3664,2.1691,1.6679,3.4338,3.4014,4.5368,5.0531,3.8384,2.0116,1.3709,3.1079,4.0224,4.372,2.097,1.8032,5.5107,7.8041,3.3196,4.5787,5.548,2.383,4.3914,1.9073,3.0271,0.88532,2.3163,1.8824,2.7487,1.5267,0.99146,1.2574,1.493,1.1156,0.78929,2.5061,4.2212,2.6368,1.8673,4.5307,3.6219,1.0949,2.2973,2.7663,1.0363,3.7361,3.1451,0.74534,3.6094,4.4673,4.5319,1.8593
2.7368,4.0748,0.89724,1.3281,1.4036,3.5012,1.8242,3.0832,1.8323,1.1136,2.4365,1.8748,1.5412,3.2383,2.3172,2.1556,1.6422,3.3938,3.3559,4.5302,5.0599,3.8475,2.0156,1.339,3.057,3.9646,4.3449,2.0801,1.8216,5.5375,7.8184,3.3194,4.5489,5.5146,2.3451,4.3698,1.8867,3.0703,0.95089,2.293,1.9027,2.7798,1.5445,0.98543,1.2815,1.5599,1.1726,0.75479,2.4781,4.1811,2.5789,1.9226,4.5805,3.6551,1.1253,2.2762,2.7273,1.082,3.7989,3.1933,0.71386,3.5808,4.4239,4.4759,1.8257
0.092158,1.3579,1.721,1.1225,0.68672,0.6565,1.544,2.9015,3.3326,2.596,2.0417,2.3431,1.9656,0.63722,1.0364,2.3118,2.5895,1.464,1.4628,3.8882,4.9634,3.9254,1.7599,1.5633,1.8959,0.97611,0.69612,0.86498,0.49543,1.4932,1.733,1.0925,1.9378,2.8528,2.4494,1.137,0.34526,0.59193,1.5062,2.6506,2.9598,2.3395,1.8252,1.8962,1.6488,1.2315,0.91697,0.71536,2.5091,4.267,4.5075,2.6977,0.4582,3.1824,4.176,3.1778,1.7809,2.3599,2.5799,1.4548,0.33511,1.7064,2.2726,2.2408,1.0711
0.75978,1.8394,1.8561,1.3815,1.3587,1.1475,1.2633,2.5318,3.0478,2.6087,2.8409,3.697,3.6375,2.5055,1.0974,1.0955,1.4647,0.96117,1.9996,3.8882,4.4696,3.2186,1.4967,1.8056,1.4922,0.42499,2.0585,2.439,1.4754,1.7005,2.4784,1.9366,0.52219,0.6707,1.1973,1.7157,2.1381,2.0512,2.4204,3.3321,3.4446,2.5456,1.882,2.0248,1.5618,0.43777,0.80938,1.1887,1.75,2.6692,2.5941,0.98484,1.9029,4.0131,4.3667,2.8024,1.0056,2.1913,2.5393,1.5574,0.97097,1.7026,1.7911,1.3025,0.47855
