0.0029603,0.041863,0.076727,0.10001,0.10825,0.10076,0.080295,0.05544,0.048292,0.070522,0.098841,0.11956,0.12813,0.12491,0.11486,0.10762,0.11316,0.13236,0.15826,0.18561,0.21424,0.24729,0.28751,0.33384,0.38081,0.42034,0.44414,0.44576,0.42208,0.37465,0.31147,0.25061,0.11163
0.068975,0.13725,0.13545,0.13342,0.13221,0.13256,0.13447,0.13704,0.13876,0.13794,0.13319,0.1237,0.10947,0.091716,0.073819,0.063234,0.069055,0.08986,0.11715,0.145,0.17,0.19002,0.20369,0.21021,0.20926,0.20097,0.18583,0.16459,0.13823,0.10783,0.074639,0.040558,0.0084685
0.12283,0.51988,0.31674,0.22971,0.39722,0.2884,0.18547,0.15725,0.32057,0.25027,0.27193,0.47242,0.46978,0.53305,0.76456,0.55612,0.19366,0.61644,0.51014,0.47593,0.53817,0.27256,0.11125,0.20652,0.34479,0.20396,0.26746,0.39092,0.59276,0.53757,0.4205,0.51249,0.42047
0.057173,0.11883,0.13135,0.14941,0.1696,0.1882,0.20192,0.2086,0.20799,0.20236,0.19662,0.197,0.20754,0.22701,0.25001,0.27044,0.28378,0.28773,0.28209,0.26826,0.24849,0.22506,0.1999,0.17483,0.15301,0.14067,0.14558,0.16938,0.20498,0.24304,0.27582,0.29776,0.15273
0.086229,0.16076,0.12876,0.091871,0.099309,0.16799,0.25848,0.35044,0.43246,0.49589,0.53416,0.54317,0.52162,0.47126,0.3967,0.305,0.20488,0.10605,0.024634,0.063409,0.11394,0.14211,0.14835,0.13721,0.11688,0.09947,0.097176,0.1102,0.12801,0.14261,0.1515,0.15552,0.078276
0.11253,0.22257,0.2131,0.19208,0.15532,0.10147,0.033276,0.044409,0.12013,0.18465,0.22767,0.24119,0.22088,0.16762,0.092431,0.073697,0.1719,0.28507,0.38622,0.4629,0.50768,0.51819,0.49723,0.45241,0.39494,0.33731,0.28932,0.25319,0.22252,0.18806,0.14492,0.09772,0.035767
0.097385,0.18951,0.17481,0.15378,0.13139,0.11344,0.10366,0.10008,0.096211,0.08578,0.065277,0.033971,0.0067435,0.053629,0.10279,0.14976,0.19025,0.22069,0.23857,0.24268,0.23322,0.21171,0.18073,0.14366,0.10423,0.066398,0.034946,0.021732,0.032401,0.044779,0.052795,0.056815,0.02899
0.22197,0.43694,0.41709,0.38711,0.34978,0.30644,0.25683,0.2005,0.13881,0.07681,0.031104,0.047952,0.074709,0.083482,0.073745,0.054601,0.050054,0.072326,0.099038,0.11774,0.1285,0.13957,0.1601,0.18992,0.21962,0.23852,0.2396,0.22094,0.18554,0.1398,0.091177,0.045415,0.0063927
0.27125,0.5486,0.52092,0.42851,0.37483,0.43208,0.44043,0.29296,0.054178,0.2688,0.42742,0.42386,0.34973,0.38131,0.45473,0.42332,0.28129,0.11577,0.0084273,0.10077,0.27603,0.44046,0.48374,0.35094,0.078102,0.22679,0.44332,0.50518,0.43713,0.34351,0.31735,0.32836,0.16626
0.17878,0.3768,0.40348,0.42521,0.47689,0.53738,0.54178,0.48084,0.41981,0.41742,0.44449,0.44573,0.38144,0.23539,0.072585,0.1874,0.3127,0.4001,0.46028,0.42414,0.25258,0.2144,0.41825,0.45208,0.24084,0.10041,0.3537,0.35722,0.11164,0.24559,0.46742,0.4741,0.20571
0.20117,0.38918,0.35181,0.29714,0.23976,0.20627,0.22196,0.27465,0.33333,0.37699,0.39457,0.38215,0.34258,0.28704,0.23843,0.22849,0.26477,0.31849,0.36177,0.38046,0.37198,0.34477,0.31889,0.3199,0.35681,0.41155,0.45793,0.47606,0.45458,0.39011,0.28643,0.15395,0.016632
0.11986,0.23312,0.21477,0.18936,0.16563,0.15601,0.16892,0.19972,0.23733,0.27294,0.30132,0.31975,0.32728,0.32421,0.31175,0.2917,0.26625,0.23778,0.20879,0.18178,0.15915,0.14306,0.13503,0.13556,0.14403,0.15913,0.17912,0.20198,0.22543,0.24702,0.26443,0.27573,0.13982
0.19095,0.32935,0.1984,0.1249,0.23898,0.32855,0.32786,0.24285,0.12315,0.10135,0.16498,0.17873,0.13811,0.10497,0.15443,0.23002,0.3027,0.38122,0.46239,0.51936,0.52209,0.45782,0.33837,0.19651,0.084789,0.091559,0.13994,0.18229,0.23365,0.29041,0.33623,0.36246,0.18521
0.093521,0.18604,0.18133,0.16917,0.14663,0.11519,0.087677,0.094994,0.14031,0.19583,0.24443,0.27655,0.28667,0.2727,0.23611,0.1819,0.11947,0.070533,0.08063,0.12567,0.16547,0.19019,0.19914,0.19613,0.18799,0.18224,0.18332,0.19016,0.19828,0.2038,0.20563,0.20516,0.10233
0.12193,0.10278,0.059583,0.21054,0.30597,0.34097,0.42762,0.21585,0.45326,0.4119,0.31655,0.59734,0.23656,0.31749,0.47428,0.56515,0.77795,1.2779,0.60457,0.15152,0.33537,0.38751,0.27671,0.18027,0.33004,0.55818,0.5462,0.17308,0.40301,0.24928,0.41004,0.35289,0.31707
0.07012,0.15306,0.18399,0.22034,0.25309,0.27664,0.28738,0.28309,0.26264,0.22606,0.17449,0.11026,0.036873,0.041839,0.12004,0.19292,0.25524,0.30253,0.33137,0.33983,0.32769,0.29646,0.24928,0.19062,0.126,0.063013,0.03312,0.073719,0.11796,0.15292,0.17731,0.19149,0.098058
0.22261,0.36066,0.17085,0.25023,0.41208,0.37012,0.15237,0.14703,0.22912,0.12743,0.11251,0.23389,0.16971,0.085875,0.24744,0.15885,0.35252,0.71272,0.67364,0.20071,0.4191,0.66559,0.48796,0.17335,0.075281,0.14127,0.30253,0.31314,0.18769,0.17605,0.20259,0.12991,0.011186
0.24596,0.42338,0.24998,0.1006,0.10538,0.02059,0.145,0.23591,0.23214,0.37692,0.50914,0.38798,0.26785,0.58399,0.71025,0.54899,0.54587,0.76376,0.75198,0.52708,0.4261,0.44316,0.31806,0.1367,0.14656,0.13417,0.04498,0.075386,0.10902,0.15194,0.25553,0.35849,0.20025
0.025536,0.069767,0.10951,0.15617,0.20275,0.24252,0.26873,0.27587,0.26099,0.2251,0.1752,0.13045,0.12821,0.17444,0.2329,0.2809,0.30869,0.31336,0.29744,0.26862,0.23929,0.22322,0.22653,0.24183,0.25603,0.25955,0.24853,0.22396,0.1902,0.15358,0.12094,0.098408,0.045174
0.060446,0.18767,0.30036,0.40194,0.47564,0.51386,0.51399,0.47749,0.40937,0.31744,0.21139,0.10168,0.0016232,0.089664,0.15589,0.19636,0.21005,0.19877,0.16697,0.12161,0.07467,0.057416,0.089428,0.13139,0.1661,0.1893,0.20058,0.20151,0.19495,0.18442,0.17355,0.16554,0.081298
0.060546,0.12737,0.1452,0.17187,0.20341,0.23509,0.26187,0.27911,0.28325,0.27267,0.24865,0.21687,0.1895,0.1838,0.20748,0.24848,0.28934,0.3173,0.32452,0.30727,0.26546,0.20268,0.12706,0.063498,0.090988,0.16209,0.22482,0.26844,0.28999,0.29131,0.27895,0.26356,0.12833
0.013531,0.059621,0.32222,0.52962,0.36211,0.12096,0.14733,0.13051,0.24592,0.61864,0.58631,0.2773,0.57803,0.22035,0.44568,0.24958,0.73933,1.4016,1.0196,0.37696,0.56081,0.31287,0.11224,0.25903,0.26852,0.20956,0.27735,0.42936,0.42955,0.26823,0.16618,0.27297,0.17867
0.053419,0.087609,0.21142,0.49996,0.21421,0.19269,0.51541,0.23217,0.79039,0.59715,0.43181,0.68642,0.64411,0.48467,0.47706,0.53238,0.85868,0.43522,0.969,0.5302,0.29497,0.61752,0.57941,0.50639,0.70506,0.49288,0.43553,0.64917,0.54977,0.9146,0.47621,0.39515,0.034539
0.11457,0.23171,0.23648,0.23698,0.22746,0.20601,0.17627,0.14888,0.13951,0.15377,0.17807,0.19624,0.19928,0.18581,0.16318,0.15042,0.16948,0.21738,0.27376,0.32222,0.35277,0.36024,0.3435,0.30491,0.24953,0.18416,0.1164,0.05445,0.024336,0.055629,0.084334,0.10148,0.053548
0.1006,0.031191,0.43844,0.77948,0.67872,0.2589,0.5958,1.0173,0.9604,0.54977,0.39705,0.36999,0.08324,0.38372,0.48723,0.38584,0.43906,0.39898,0.2816,0.28276,0.28664,0.087981,0.31548,0.33567,0.30066,0.42737,0.10097,0.52609,0.66133,0.47681,0.31221,0.20035,0.17203
0.057289,0.12323,0.14884,0.18772,0.23133,0.2687,0.28934,0.28566,0.25548,0.20627,0.16643,0.18747,0.26782,0.36283,0.44418,0.49618,0.51084,0.4873,0.43232,0.36144,0.30049,0.27941,0.3033,0.3438,0.37252,0.37502,0.34798,0.29571,0.22754,0.15537,0.091122,0.044071,0.011643
0.28214,0.47577,0.26584,0.13323,0.15032,0.067674,0.20568,0.30577,0.2253,0.30885,0.50322,0.44883,0.28251,0.51337,0.64876,0.50413,0.48975,0.72314,0.76257,0.59552,0.45564,0.38512,0.25861,0.18571,0.1907,0.10165,0.047174,0.14768,0.17007,0.20207,0.27123,0.3165,0.16408
0.07012,0.15076,0.17722,0.21021,0.24208,0.26737,0.28191,0.28252,0.26701,0.23439,0.18509,0.12108,0.045912,0.036532,0.11902,0.19643,0.26264,0.31245,0.34199,0.34917,0.3339,0.29816,0.24576,0.18195,0.11301,0.047105,0.031971,0.07972,0.12044,0.14946,0.16762,0.17709,0.089979
0.12193,0.33366,0.38689,0.33247,0.37925,0.48125,0.41852,0.19211,0.15533,0.24927,0.17146,0.28247,0.50332,0.52232,0.3033,0.18558,0.41757,0.47635,0.3314,0.11765,0.059712,0.13435,0.24176,0.30251,0.22827,0.12123,0.23642,0.2732,0.15984,0.24168,0.47692,0.62266,0.33231
0.069461,0.13165,0.113,0.09375,0.091836,0.11229,0.13888,0.15644,0.15641,0.13513,0.093566,0.044183,0.066904,0.14313,0.22244,0.29336,0.34894,0.38487,0.39964,0.39453,0.37336,0.34188,0.30678,0.27422,0.24815,0.22897,0.21406,0.19988,0.18407,0.16642,0.14897,0.13554,0.065195
0.20483,0.39465,0.35025,0.27845,0.18283,0.069694,0.063635,0.19279,0.31887,0.43129,0.52169,0.58362,0.61323,0.60978,0.57576,0.51661,0.44009,0.3553,0.27156,0.19737,0.13924,0.10057,0.080587,0.075509,0.082139,0.097331,0.11609,0.13299,0.14409,0.14792,0.14585,0.14159,0.06975
0.018852,0.040043,0.058095,0.099442,0.1575,0.22457,0.29334,0.35663,0.40769,0.44093,0.45256,0.4413,0.40894,0.3607,0.30555,0.25606,0.22541,0.21817,0.22383,0.22634,0.21469,0.18488,0.13891,0.085919,0.057732,0.092262,0.14195,0.18136,0.2039,0.20925,0.20186,0.19041,0.092487
0.0072328,0.023442,0.043871,0.071804,0.10454,0.13838,0.16909,0.19261,0.20558,0.20584,0.19276,0.16761,0.13412,0.10047,0.083754,0.099518,0.13497,0.1735,0.20789,0.23577,0.2572,0.2734,0.28574,0.29481,0.29984,0.29884,0.28921,0.26865,0.23575,0.19053,0.13453,0.071075,0.0087982
0.084663,0.15596,0.11935,0.07344,0.06466,0.11041,0.15791,0.1857,0.18548,0.15493,0.096681,0.018875,0.07554,0.16832,0.2528,0.32075,0.36702,0.38989,0.3909,0.37419,0.34557,0.31149,0.27808,0.25027,0.23083,0.2196,0.21362,0.20873,0.20143,0.19038,0.17702,0.16546,0.080397
0.13467,0.2427,0.17519,0.13624,0.20831,0.29178,0.3125,0.26538,0.23039,0.30107,0.38989,0.40322,0.3232,0.20555,0.19427,0.27532,0.31103,0.27173,0.17622,0.054937,0.080662,0.1991,0.28403,0.30904,0.2775,0.27282,0.38637,0.53916,0.63344,0.62171,0.49938,0.29839,0.069956
0.013962,0.024304,0.014529,0.0086416,0.023455,0.040436,0.053495,0.059412,0.056665,0.047972,0.048086,0.075152,0.12175,0.17702,0.23379,0.286,0.32831,0.35646,0.36778,0.36172,0.34019,0.30787,0.27223,0.24269,0.22736,0.22741,0.23569,0.2427,0.24202,0.23201,0.21571,0.20011,0.096782
0.010835,0.17103,0.38215,0.52262,0.48252,0.29633,0.18487,0.18661,0.086684,0.25181,0.43149,0.39771,0.16737,0.28046,0.52943,0.58653,0.47429,0.32258,0.24827,0.27455,0.34044,0.3472,0.27588,0.27145,0.35281,0.33696,0.24106,0.3861,0.64745,0.78427,0.72085,0.49306,0.15567
0.011656,0.31689,0.49434,0.38349,0.65996,0.15005,0.41221,0.83778,0.38896,0.091721,1.0594,0.56425,0.24608,0.50668,0.40007,0.41999,0.23104,0.19398,0.64213,0.54713,0.13023,0.34288,0.55347,0.9185,0.662,0.24044,0.83378,0.70569,0.239,0.2326,0.33418,0.23709,0.089955
0.10045,0.57476,0.52609,0.24981,0.24777,0.45899,0.33965,0.35917,0.16863,0.78151,0.6214,0.77265,0.30669,0.033969,0.60663,0.95896,0.416,0.93555,0.98285,0.65865,0.5112,0.28119,0.20809,0.13123,0.39938,0.29512,0.31039,0.35933,0.36659,0.30343,0.085438,0.34509,0.34608
0.01832,0.07396,0.12836,0.17174,0.19118,0.17767,0.13175,0.080304,0.10799,0.18347,0.24198,0.26511,0.25803,0.24769,0.26269,0.2937,0.30376,0.26506,0.17187,0.050175,0.12314,0.24251,0.30769,0.30327,0.25314,0.25123,0.36184,0.49968,0.58558,0.57861,0.4684,0.27605,0.055094
0.055839,0.10097,0.074084,0.062742,0.11129,0.18969,0.27458,0.35399,0.41836,0.4598,0.47253,0.45363,0.40351,0.32601,0.22815,0.11945,0.011365,0.086913,0.16344,0.2116,0.22731,0.21038,0.16451,0.096902,0.021729,0.071261,0.14726,0.20953,0.25324,0.27801,0.28764,0.28883,0.14413
0.010102,0.037429,0.068728,0.10527,0.14408,0.18119,0.21192,0.2317,0.23682,0.22505,0.19603,0.15143,0.095289,0.038839,0.053605,0.11344,0.16834,0.21079,0.23737,0.24687,0.24014,0.22002,0.19116,0.1597,0.13264,0.11555,0.10855,0.10552,0.099408,0.086181,0.065319,0.039793,0.011531
0.014182,0.03692,0.053192,0.068285,0.078864,0.083833,0.083658,0.080513,0.078417,0.082096,0.093776,0.11171,0.13268,0.15438,0.17616,0.19892,0.22464,0.25535,0.292,0.3338,0.37822,0.42153,0.4594,0.48751,0.50198,0.49975,0.47881,0.43847,0.37941,0.30378,0.21546,0.12197,0.030174
0.053037,0.12674,0.14117,0.076816,0.054336,0.12738,0.072175,0.070381,0.10641,0.055896,0.21361,0.24932,0.094881,0.18901,0.24967,0.090204,0.36583,0.65395,0.71709,0.57893,0.37373,0.21904,0.14862,0.13033,0.12856,0.11616,0.079096,0.092236,0.14212,0.098869,0.079801,0.27093,0.17899
0.13779,0.25569,0.20091,0.13127,0.11332,0.1871,0.27866,0.35118,0.38956,0.38715,0.3439,0.26556,0.16252,0.04899,0.066269,0.16197,0.2326,0.27195,0.27931,0.25902,0.21981,0.17386,0.13587,0.11939,0.12712,0.15187,0.1902,0.2416,0.30224,0.36412,0.41752,0.45361,0.23318
0.15781,0.31111,0.29752,0.2748,0.24344,0.20504,0.16282,0.12202,0.090294,0.075813,0.077958,0.087201,0.099609,0.11884,0.14864,0.18714,0.22791,0.26311,0.28563,0.29022,0.27432,0.23866,0.18782,0.13228,0.096057,0.10998,0.15271,0.19314,0.22011,0.23175,0.23149,0.22623,0.11169
0.089441,0.19165,0.22206,0.25617,0.28426,0.30211,0.30989,0.31104,0.31059,0.31282,0.31881,0.32569,0.32829,0.32144,0.30178,0.26858,0.22405,0.17383,0.12867,0.10671,0.11844,0.14628,0.17139,0.18548,0.18633,0.17528,0.15638,0.13603,0.12178,0.11849,0.12388,0.13095,0.066985
0.053267,0.11239,0.12736,0.14625,0.16448,0.17895,0.18793,0.19132,0.19115,0.19221,0.20145,0.22468,0.26249,0.31013,0.3605,0.40636,0.44128,0.46017,0.45962,0.43824,0.39675,0.33802,0.26673,0.18895,0.11154,0.041964,0.022445,0.060945,0.082676,0.085908,0.073633,0.053029,0.020278
0.04129,0.082756,0.08307,0.083077,0.082455,0.0811,0.07878,0.074618,0.067009,0.05444,0.03845,0.035496,0.064269,0.10887,0.1585,0.20652,0.24687,0.27409,0.28397,0.27441,0.24628,0.20461,0.16135,0.13955,0.15842,0.2029,0.24911,0.28408,0.30274,0.30553,0.29741,0.28667,0.14091
0.42485,0.42999,0.17656,0.36661,0.58849,0.048095,0.24461,0.26101,0.34261,0.99608,0.37442,0.61156,0.28707,0.36429,1.2147,0.36839,0.67427,1.4868,0.91797,0.31781,0.47022,0.84724,0.55864,0.99852,0.52338,0.078788,0.63536,0.38456,0.16763,0.075996,0.81625,0.4317,0.45757
0.12195,0.23769,0.21977,0.19246,0.16016,0.12947,0.10775,0.09856,0.098242,0.10142,0.1075,0.12096,0.14839,0.19465,0.25961,0.33694,0.4146,0.4769,0.50781,0.4949,0.43283,0.32553,0.18641,0.043453,0.11609,0.22679,0.29506,0.316,0.29647,0.25245,0.20459,0.17095,0.079775
0.10083,0.18326,0.13126,0.060107,0.072477,0.16773,0.26072,0.33431,0.379,0.39012,0.36789,0.31722,0.24707,0.16992,0.10342,0.07703,0.095056,0.11676,0.12675,0.12836,0.13164,0.144,0.16319,0.18154,0.19401,0.20209,0.21386,0.23884,0.27915,0.3274,0.37228,0.40368,0.20745
0.19339,0.37948,0.34319,0.26629,0.19038,0.19616,0.23851,0.24597,0.22887,0.22144,0.21525,0.19012,0.16058,0.12504,0.032791,0.16245,0.41581,0.65515,0.79103,0.7682,0.59412,0.33971,0.12635,0.11702,0.10838,0.025286,0.15632,0.27022,0.29572,0.22711,0.10708,0.038494,0.033977
0.16154,0.34491,0.36195,0.31603,0.21079,0.10235,0.052541,0.030271,0.11853,0.2406,0.31157,0.28857,0.22162,0.29267,0.45293,0.5473,0.52587,0.41909,0.31086,0.25936,0.22851,0.23,0.32294,0.42068,0.42381,0.31088,0.22243,0.39338,0.59598,0.67773,0.59592,0.37809,0.095282
0.064772,0.13436,0.14463,0.15257,0.15351,0.14928,0.14939,0.16602,0.20147,0.24612,0.28779,0.31678,0.32701,0.31644,0.28763,0.2485,0.21322,0.19929,0.21307,0.24112,0.26536,0.27388,0.26107,0.22602,0.17127,0.1018,0.024787,0.056697,0.13097,0.19481,0.24354,0.27399,0.14217
0.1305,0.29818,0.26516,0.24933,0.34028,0.23335,0.1641,0.44872,0.4853,0.25858,0.096493,0.16618,0.1929,0.27945,0.24774,0.35665,0.637,0.70847,0.49183,0.17213,0.11792,0.094932,0.23045,0.4896,0.61991,0.55049,0.34607,0.15851,0.16104,0.31409,0.46142,0.51159,0.25236
0.089287,0.16409,0.12693,0.095397,0.12255,0.19081,0.25868,0.30699,0.32676,0.31641,0.28258,0.24223,0.22259,0.24198,0.28553,0.32591,0.34483,0.33438,0.29513,0.23591,0.17641,0.1512,0.17734,0.22152,0.25353,0.26108,0.24202,0.20054,0.14523,0.087622,0.042849,0.032241,0.018551
0.25574,0.50297,0.47826,0.43965,0.39042,0.33424,0.27462,0.21479,0.1584,0.11205,0.089566,0.10015,0.12644,0.14972,0.16093,0.15621,0.13549,0.10365,0.076361,0.084133,0.12302,0.16467,0.19419,0.20426,0.19205,0.15933,0.1149,0.086032,0.11227,0.16867,0.22219,0.25876,0.13583
0.00035276,0.058755,0.099401,0.11233,0.10397,0.10198,0.13213,0.18475,0.24973,0.32677,0.40848,0.47411,0.498,0.4621,0.36496,0.2246,0.074483,0.046188,0.10513,0.092117,0.078719,0.19558,0.34182,0.45453,0.49902,0.46306,0.3583,0.21547,0.075205,0.04381,0.095643,0.10598,0.051041
0.080301,0.16335,0.065903,0.17895,0.28603,0.37189,0.3067,0.49845,0.49576,0.18965,0.36489,0.23742,0.060766,0.31099,0.53532,0.32084,0.64375,1.0701,0.71461,0.095873,0.45566,0.35069,0.22319,0.20256,0.4395,0.58256,0.40886,0.24131,0.20311,0.31653,0.34815,0.29735,0.19287
0.053298,0.099028,0.077786,0.049719,0.044452,0.082817,0.13382,0.1846,0.2298,0.26613,0.29176,0.30611,0.30972,0.30396,0.29075,0.27224,0.25054,0.22756,0.20502,0.18445,0.16717,0.1541,0.1455,0.14072,0.13851,0.13745,0.13651,0.13521,0.13357,0.13186,0.13042,0.12948,0.064579
0.14283,0.25671,0.17695,0.065637,0.051281,0.14851,0.2083,0.22498,0.20592,0.16857,0.13368,0.11403,0.10911,0.11905,0.14716,0.18512,0.21747,0.23276,0.22782,0.20757,0.18242,0.16441,0.16317,0.18164,0.21406,0.24917,0.27497,0.28275,0.26975,0.24003,0.20317,0.17206,0.079819
0.052821,0.11,0.12317,0.14524,0.17544,0.21113,0.24745,0.27781,0.29509,0.29314,0.2683,0.221,0.15832,0.10459,0.11676,0.18265,0.25054,0.30026,0.32398,0.3203,0.29325,0.25189,0.20943,0.18033,0.17138,0.17443,0.17575,0.16715,0.14719,0.11874,0.086772,0.057709,0.021914
0.28143,0.97219,0.79386,0.28762,0.23178,0.30472,0.29027,0.51684,0.61345,0.32298,0.6766,0.44408,0.50797,0.24877,0.58784,0.77913,0.69392,0.5752,0.38207,0.36016,0.5071,0.38845,0.24929,0.52447,0.38046,0.071493,0.15856,0.37058,0.42133,0.26446,0.35243,0.66833,0.4273
0.33407,0.51868,0.31334,0.36769,0.43048,0.50376,0.16702,0.43537,0.14816,0.18789,0.23124,0.43757,0.28733,0.27904,0.55558,0.3149,0.69004,0.60126,0.15056,0.31189,0.41639,0.78411,0.56502,0.39491,0.45834,0.29028,0.50317,0.28713,0.066876,0.14297,0.086765,0.080342,0.058194
0.13949,0.27672,0.26864,0.25163,0.22237,0.17908,0.12298,0.063292,0.059077,0.12475,0.19542,0.25634,0.30115,0.32646,0.3314,0.31757,0.28876,0.25029,0.20834,0.16885,0.13622,0.11178,0.093233,0.076603,0.059077,0.040548,0.024696,0.022026,0.032587,0.04412,0.052611,0.057507,0.029539
0.12149,0.23796,0.2259,0.21538,0.21729,0.23663,0.26747,0.29827,0.31841,0.32052,0.3008,0.25898,0.19816,0.12504,0.055887,0.064686,0.12578,0.17609,0.20488,0.2096,0.1936,0.16921,0.16208,0.1953,0.25929,0.33189,0.39787,0.44876,0.48118,0.49627,0.49891,0.49614,0.24717
0.18663,0.39408,0.44284,0.49335,0.52503,0.52661,0.49496,0.43365,0.35197,0.26448,0.19183,0.15776,0.16228,0.17382,0.16896,0.14149,0.099304,0.079842,0.12686,0.20016,0.27008,0.3243,0.35624,0.36313,0.3456,0.30714,0.25349,0.19196,0.13093,0.080328,0.053584,0.053582,0.028668
0.072172,0.14191,0.13738,0.13852,0.1536,0.18356,0.22151,0.25841,0.28619,0.29855,0.29141,0.26338,0.21641,0.15749,0.10585,0.10569,0.15708,0.21504,0.25887,0.2801,0.2758,0.24786,0.20402,0.16195,0.1527,0.19038,0.25027,0.30964,0.35812,0.39239,0.41329,0.42376,0.21341
0.27558,0.44785,0.20318,0.11121,0.20166,0.15676,0.17041,0.18711,0.12641,0.35786,0.5089,0.35294,0.14253,0.48873,0.56512,0.37961,0.55577,0.82545,0.7632,0.49179,0.46321,0.53356,0.39727,0.15415,0.073114,0.11879,0.15393,0.15532,0.06047,0.11252,0.23286,0.26634,0.12932
0.091394,0.20579,0.25375,0.29613,0.3156,0.30525,0.26568,0.20411,0.13594,0.095476,0.11775,0.16102,0.18939,0.19292,0.17309,0.14165,0.12432,0.14451,0.18634,0.22267,0.23752,0.22325,0.17822,0.10644,0.034965,0.11056,0.22071,0.32725,0.4213,0.4974,0.5526,0.5858,0.29843
0.083824,0.1792,0.21074,0.25495,0.30284,0.34489,0.37209,0.37736,0.35691,0.31161,0.24886,0.18702,0.1623,0.19571,0.25294,0.30056,0.32275,0.3133,0.27224,0.20445,0.11871,0.032048,0.074595,0.15167,0.20967,0.24301,0.25073,0.23536,0.20197,0.15682,0.1058,0.053073,0.0023577
0.014523,0.081024,0.1454,0.19528,0.22476,0.23287,0.22394,0.20878,0.20374,0.22131,0.25813,0.30049,0.33598,0.35702,0.36064,0.34757,0.32143,0.28767,0.25245,0.22152,0.19931,0.18822,0.18832,0.19741,0.21134,0.22478,0.23212,0.22854,0.21077,0.17783,0.13148,0.077634,0.020991
0.10727,0.2141,0.21146,0.20351,0.18738,0.16206,0.12926,0.093941,0.066607,0.065125,0.090939,0.13045,0.17965,0.23801,0.3026,0.36697,0.42224,0.45891,0.46863,0.44583,0.38878,0.30021,0.18723,0.060602,0.066607,0.18047,0.26837,0.32056,0.33173,0.30209,0.23845,0.15798,0.055023
0.039849,0.075342,0.062778,0.043904,0.025816,0.033331,0.061824,0.093605,0.12353,0.14892,0.16805,0.18012,0.18555,0.18641,0.18669,0.19199,0.20761,0.23559,0.27389,0.31804,0.36309,0.40446,0.43822,0.4612,0.47105,0.46634,0.44664,0.41265,0.36639,0.31161,0.25487,0.20784,0.094216
0.013852,0.062307,0.089036,0.075632,0.023617,0.047501,0.10972,0.13954,0.13082,0.10567,0.10787,0.12885,0.12322,0.074827,0.010544,0.085803,0.13595,0.14371,0.13962,0.18143,0.24339,0.26053,0.19669,0.066839,0.17411,0.37048,0.50933,0.54616,0.4717,0.31419,0.13024,0.017683,0.035393
0.21636,0.30871,0.046806,0.36397,0.58722,0.58612,0.37655,0.11039,0.24812,0.3771,0.38834,0.38483,0.41027,0.37726,0.24053,0.11143,0.22294,0.29631,0.24684,0.11287,0.040022,0.11609,0.11937,0.096927,0.1097,0.1076,0.058296,0.062432,0.13381,0.16549,0.14711,0.10188,0.036975
0.032055,0.069985,0.086499,0.11064,0.13805,0.16362,0.18213,0.18906,0.18119,0.15713,0.11753,0.06511,0.0095168,0.062537,0.12476,0.17942,0.22185,0.24904,0.25976,0.25465,0.23597,0.20722,0.17259,0.13635,0.10233,0.073423,0.051383,0.036599,0.028076,0.023862,0.022075,0.021486,0.010688
0.19551,0.38252,0.35622,0.31076,0.24672,0.17019,0.10197,0.098728,0.15144,0.19633,0.21085,0.18982,0.14305,0.11683,0.1754,0.27578,0.37191,0.44202,0.47453,0.46583,0.4199,0.34742,0.2643,0.18976,0.14176,0.12235,0.11102,0.090571,0.062151,0.049828,0.071626,0.096848,0.053389
0.0034073,0.075515,0.14285,0.19581,0.22942,0.24116,0.23123,0.20242,0.1597,0.10944,0.058653,0.014994,0.022861,0.042992,0.050348,0.049909,0.054149,0.073353,0.10283,0.1338,0.16012,0.1782,0.1867,0.18632,0.17945,0.16947,0.15982,0.15279,0.14891,0.1473,0.14676,0.14656,0.073249
0.17159,0.31787,0.2225,0.09246,0.23716,0.39445,0.40757,0.26227,0.080414,0.21655,0.31184,0.30746,0.2832,0.2653,0.26521,0.45199,0.75286,0.9716,0.98596,0.7841,0.46901,0.2365,0.21653,0.1654,0.045943,0.19188,0.29529,0.276,0.15966,0.045912,0.10035,0.12069,0.055774
0.10327,0.18888,0.14224,0.094783,0.11369,0.18391,0.2511,0.29555,0.31183,0.30388,0.28356,0.26728,0.26709,0.28126,0.29782,0.30575,0.30006,0.28168,0.25579,0.23028,0.21365,0.21095,0.21988,0.23226,0.23942,0.23591,0.22111,0.20006,0.18294,0.17959,0.18974,0.20287,0.10428
0.087937,0.21799,0.30563,0.39427,0.45904,0.48352,0.45936,0.38883,0.28603,0.17613,0.096872,0.081925,0.078875,0.049954,0.079815,0.18024,0.28594,0.36843,0.41038,0.4061,0.36178,0.29275,0.21758,0.15009,0.092309,0.037205,0.030787,0.093009,0.15093,0.19414,0.21897,0.22886,0.11546
0.46278,0.52416,0.40963,0.45629,0.86247,0.098584,0.25975,0.28395,0.39614,0.39447,0.28654,0.38743,0.58877,0.29071,0.28491,0.5748,0.23376,0.055365,0.44154,0.79628,0.22531,0.40214,0.32866,0.57703,0.77387,0.08775,0.75594,0.36998,0.17226,0.13131,0.34733,0.86015,0.16799
0.20224,0.40138,0.39185,0.37535,0.35172,0.32202,0.28973,0.26167,0.24698,0.25166,0.27216,0.29749,0.31622,0.32038,0.30627,0.27463,0.23073,0.18481,0.15185,0.14399,0.15466,0.16564,0.16487,0.14949,0.12563,0.11138,0.12901,0.17406,0.22748,0.27689,0.3156,0.33998,0.17414
0.11673,0.23023,0.22045,0.20399,0.1811,0.15316,0.12434,0.10449,0.10769,0.1347,0.17168,0.20661,0.23185,0.24267,0.23694,0.21575,0.18484,0.15736,0.15328,0.18047,0.22334,0.26359,0.28943,0.29442,0.27634,0.23702,0.18274,0.12702,0.099302,0.12268,0.16476,0.19706,0.10439
0.14039,0.27673,0.26415,0.24197,0.20916,0.16595,0.11682,0.082338,0.1062,0.17111,0.24339,0.30944,0.36191,0.39675,0.41319,0.41401,0.40518,0.39431,0.38774,0.38727,0.38945,0.38804,0.37762,0.3558,0.32398,0.28694,0.25182,0.22594,0.2134,0.21246,0.21736,0.22251,0.11229
0.13949,0.26848,0.23873,0.19486,0.14478,0.098669,0.068022,0.058138,0.059077,0.067132,0.093814,0.14216,0.20314,0.26574,0.31986,0.3571,0.37162,0.36082,0.3256,0.2702,0.20156,0.12861,0.062667,0.033601,0.059077,0.078753,0.081036,0.068073,0.046788,0.031699,0.03926,0.053295,0.029539
0.11919,0.23575,0.22757,0.21333,0.19321,0.16899,0.14464,0.12563,0.11548,0.11118,0.10444,0.087423,0.056277,0.019803,0.059416,0.12639,0.1951,0.25685,0.30411,0.33099,0.33403,0.31264,0.2693,0.20926,0.14009,0.072425,0.038308,0.072637,0.1094,0.13275,0.14351,0.14634,0.073249
0.004998,0.1586,0.23937,0.22802,0.21311,0.26266,0.27708,0.21632,0.23775,0.39611,0.51038,0.50877,0.41873,0.32429,0.27357,0.22765,0.17559,0.17763,0.25488,0.38784,0.5412,0.64157,0.62928,0.52156,0.43699,0.45502,0.45522,0.34762,0.20089,0.21506,0.26236,0.1851,0.021115
0.45726,0.78002,0.44265,0.064573,0.18462,0.21888,0.077384,0.1069,0.19197,0.11228,0.087702,0.2908,0.38732,0.34298,0.20989,0.077358,0,0.036182,0.047206,0.012504,0.056999,0.10038,0.051329,0.10463,0.30815,0.45796,0.47448,0.34961,0.1492,0.029936,0.11557,0.092482,0
0.041206,0.14274,0.24122,0.33109,0.3939,0.4155,0.38804,0.31355,0.2051,0.085924,0.040849,0.1093,0.14058,0.13974,0.1526,0.21854,0.30992,0.38894,0.43346,0.43618,0.40295,0.34867,0.29008,0.23649,0.18536,0.12885,0.064541,0.014973,0.066474,0.10874,0.1308,0.13714,0.068729
0.13404,0.27147,0.27842,0.28155,0.27347,0.24947,0.20838,0.15245,0.086708,0.019864,0.049921,0.10389,0.14214,0.16117,0.16053,0.14287,0.11451,0.087614,0.081825,0.10286,0.13337,0.16106,0.18203,0.19682,0.20822,0.21951,0.23271,0.24779,0.26315,0.2768,0.28722,0.29363,0.14789
0.17126,0.34851,0.3615,0.37046,0.365,0.33934,0.29384,0.23576,0.18159,0.15813,0.17739,0.21399,0.24184,0.24865,0.23101,0.19122,0.13572,0.074787,0.03357,0.058648,0.088871,0.099505,0.087649,0.057924,0.042259,0.089785,0.15801,0.22737,0.29025,0.34202,0.38001,0.40303,0.20536
0.19792,0.40991,0.44471,0.48454,0.515,0.52692,0.51645,0.48419,0.43418,0.37275,0.30736,0.24534,0.19275,0.1533,0.12763,0.11385,0.10922,0.11104,0.11599,0.12004,0.11946,0.11201,0.097853,0.080505,0.068275,0.07119,0.087839,0.10819,0.1254,0.13687,0.14279,0.14494,0.07268
0.16432,0.31749,0.28038,0.2131,0.12933,0.10949,0.18669,0.25274,0.26353,0.20861,0.10216,0.063964,0.18139,0.2638,0.27922,0.22307,0.11592,0.0767,0.19043,0.27932,0.30831,0.27305,0.18862,0.096345,0.11434,0.20367,0.27656,0.32066,0.33927,0.34005,0.33133,0.32127,0.15845
0.23492,0.45214,0.40249,0.33146,0.2582,0.21184,0.21431,0.24694,0.27663,0.28558,0.2693,0.23184,0.18356,0.14013,0.11815,0.11784,0.11986,0.10907,0.081784,0.044062,0.029977,0.062897,0.089567,0.094056,0.070375,0.022735,0.069767,0.16789,0.27454,0.37605,0.45962,0.51452,0.26683
0.35047,0.69124,0.66197,0.61304,0.5455,0.46263,0.37048,0.27787,0.19713,0.14886,0.15707,0.20978,0.27756,0.34086,0.3835,0.39071,0.35203,0.26482,0.13745,0.046814,0.1888,0.32513,0.41914,0.45595,0.43231,0.3567,0.24726,0.12906,0.051841,0.09969,0.15232,0.18055,0.094422
0.057125,0.094235,0.069667,0.10908,0.15215,0.14854,0.097212,0.085838,0.16948,0.23238,0.22931,0.15625,0.064394,0.13068,0.20973,0.21304,0.13211,0.074254,0.22854,0.37768,0.46407,0.47681,0.44107,0.40437,0.39345,0.38365,0.33804,0.24738,0.13569,0.087208,0.1526,0.21049,0.1154
0.07766,0.14967,0.13273,0.1047,0.066415,0.020553,0.034663,0.08772,0.13708,0.1768,0.20179,0.20826,0.1944,0.16089,0.11146,0.05668,0.051776,0.10929,0.16821,0.21523,0.24537,0.25688,0.25088,0.231,0.20285,0.173,0.14724,0.12825,0.11436,0.10164,0.087936,0.075342,0.034917
0.0079127,0.053586,0.10789,0.16576,0.21856,0.25488,0.26431,0.24118,0.18855,0.12896,0.13121,0.21019,0.29969,0.36742,0.39984,0.39419,0.35788,0.30845,0.27004,0.25852,0.26337,0.25922,0.22817,0.16557,0.0781,0.028667,0.11997,0.19237,0.2295,0.22424,0.17748,0.097814,6.9389e-18
0.039689,0.14034,0.23913,0.33317,0.41162,0.46789,0.4972,0.49676,0.46622,0.40809,0.32771,0.23295,0.13346,0.040786,0.044096,0.099633,0.12848,0.12805,0.10047,0.053562,0.038134,0.10118,0.16992,0.22889,0.27121,0.29348,0.29553,0.28019,0.25264,0.21952,0.18804,0.16521,0.078402
0.12124,0.23855,0.22671,0.20703,0.18007,0.14736,0.11199,0.079755,0.061706,0.06787,0.089392,0.1159,0.14565,0.17999,0.21914,0.26061,0.29958,0.3302,0.34701,0.34601,0.32549,0.28651,0.23318,0.17291,0.11802,0.089194,0.097434,0.11693,0.12576,0.11689,0.090513,0.051214,0.0086671
0.1472,0.28451,0.25631,0.21388,0.16335,0.11191,0.066757,0.033944,0.016518,0.012653,0.02583,0.052243,0.084241,0.11484,0.13758,0.14743,0.1417,0.12057,0.087186,0.047345,0.010282,0.024256,0.039258,0.037481,0.039092,0.084152,0.15987,0.25132,0.34736,0.43698,0.5098,0.55727,0.28687
0.26627,0.52835,0.51547,0.49308,0.46044,0.41769,0.36688,0.31305,0.26533,0.23602,0.23298,0.24984,0.27112,0.28386,0.28128,0.26232,0.23073,0.19435,0.16349,0.14629,0.14117,0.13815,0.12961,0.11793,0.11904,0.15004,0.20613,0.27267,0.33839,0.39571,0.43962,0.46703,0.23817
0.13652,0.45645,0.63867,0.62067,0.43784,0.28811,0.34384,0.38654,0.33688,0.30871,0.36949,0.41407,0.38835,0.31809,0.24718,0.20312,0.20189,0.22232,0.21605,0.16683,0.11172,0.11373,0.13846,0.14633,0.14938,0.15372,0.14662,0.12935,0.13291,0.18261,0.25633,0.31925,0.17193
0.12586,0.26752,0.30718,0.3543,0.3923,0.40768,0.39198,0.34377,0.2696,0.18384,0.10825,0.070106,0.063572,0.043446,0.031266,0.10992,0.21065,0.30829,0.38362,0.42212,0.4165,0.36775,0.28455,0.18123,0.075948,0.038852,0.10654,0.15407,0.17623,0.17848,0.16971,0.15944,0.077536
0.24782,0.49716,0.3566,0.077534,0.069164,0.082085,0.28727,0.25193,0.19428,0.44631,0.34715,0.24045,0.50907,0.32104,0.36035,0.9605,1.1279,0.80637,0.33677,0.25909,0.24515,0.13841,0.15546,0.087976,0.12765,0.21809,0.233,0.30319,0.43295,0.38913,0.12578,0.48467,0.352
0.012101,0.10724,0.19487,0.254,0.27379,0.24921,0.18198,0.082301,0.052997,0.17063,0.27399,0.34125,0.3604,0.3282,0.25099,0.14387,0.033808,0.085567,0.15856,0.18902,0.17298,0.1176,0.041765,0.055642,0.12081,0.15491,0.14791,0.10428,0.064377,0.11823,0.20053,0.26183,0.14208
0.07766,0.16015,0.17246,0.18725,0.19898,0.2029,0.19538,0.17421,0.1388,0.090373,0.032078,0.033214,0.097468,0.15643,0.20443,0.2371,0.2517,0.24759,0.22629,0.19136,0.14824,0.10431,0.070542,0.06163,0.07434,0.090167,0.10145,0.10824,0.11311,0.11831,0.12406,0.1288,0.065322
0.041206,0.15759,0.27477,0.38254,0.46278,0.50135,0.49018,0.43095,0.33629,0.22791,0.132,0.070684,0.041251,0.044181,0.111,0.20312,0.29144,0.35275,0.3717,0.34451,0.28019,0.19963,0.1347,0.11551,0.12237,0.1177,0.095306,0.07442,0.082462,0.1076,0.12697,0.13557,0.068729
0.080453,0.20073,0.26476,0.29686,0.28046,0.22294,0.15554,0.15089,0.22484,0.30111,0.33447,0.31462,0.28601,0.33426,0.43584,0.49267,0.45837,0.38585,0.42939,0.58141,0.68368,0.65916,0.53428,0.42383,0.40595,0.36999,0.21018,0.062098,0.3489,0.53548,0.53865,0.35639,0.07826
0.25035,0.49839,0.47772,0.41493,0.30336,0.16247,0.033686,0.06694,0.090836,0.068532,0.098751,0.17879,0.23134,0.22536,0.15983,0.058937,0.05136,0.12339,0.1571,0.1739,0.20745,0.2489,0.26068,0.22022,0.13468,0.06405,0.11778,0.16641,0.15932,0.10375,0.047401,0.077308,0.050324
0.12586,0.27236,0.32163,0.3755,0.41274,0.41818,0.38455,0.31428,0.21959,0.11984,0.036804,0.014133,0.025749,0.049602,0.12078,0.20881,0.2881,0.33927,0.35273,0.33162,0.29147,0.25348,0.22872,0.20646,0.16779,0.10591,0.050947,0.10564,0.18684,0.24978,0.28707,0.30302,0.15338
0.07766,0.16271,0.18055,0.20036,0.2156,0.22324,0.22341,0.21826,0.21054,0.20198,0.19233,0.17976,0.16251,0.14076,0.11839,0.10371,0.10475,0.11857,0.13387,0.14118,0.13534,0.11488,0.081737,0.043102,0.035028,0.073265,0.11227,0.14095,0.15582,0.15692,0.14791,0.13612,0.065322
0.20851,0.66833,0.16906,0.37923,0.40963,0.69252,0.45266,0.37153,1.05,1.1166,0.81875,0.31654,0.97485,0.25277,0.44369,0.63465,0.050962,0.1423,0.68059,0.69677,0.42623,0.22564,0.34377,1.2515,0.53595,0.67792,0.39892,0.20063,0.39677,0.43218,0.050629,0.19736,0.29641
0.089181,0.13339,0.025419,0.14247,0.26222,0.3144,0.33106,0.38333,0.43679,0.39863,0.25247,0.13425,0.21186,0.22977,0.17242,0.26752,0.42941,0.4946,0.43931,0.33508,0.28474,0.27017,0.19509,0.072607,0.22098,0.40613,0.49125,0.44235,0.30084,0.18229,0.16189,0.11929,0.022051
0.19347,0.15314,0.35896,0.62695,0.94488,0.14278,0.46261,0.90857,0.30939,0.13947,0.87306,0.51055,0.33615,0.45373,0.44354,0.68577,0.33497,0.11492,0.32476,0.32278,0.21527,0.21012,0.53132,0.96085,0.56239,0.41729,0.90218,0.64755,0.14926,0.49123,0.41601,0.048547,0.091864
0.22375,0.44875,0.4509,0.44997,0.44152,0.42235,0.39143,0.35002,0.30111,0.24843,0.1954,0.14418,0.095664,0.052423,0.038912,0.075334,0.12236,0.16692,0.2033,0.22718,0.23569,0.22792,0.20527,0.17171,0.13422,0.10391,0.094492,0.10712,0.12766,0.14569,0.1578,0.1642,0.083063
0.24968,0.47993,0.33408,0.1903,0.59774,0.93326,0.94521,0.62443,0.26541,0.4631,0.61046,0.51849,0.32603,0.17596,0.037333,0.2191,0.4107,0.44867,0.30653,0.1042,0.18466,0.24764,0.18171,0.054891,0.049839,0.088707,0.095694,0.184,0.34357,0.48478,0.52806,0.46068,0.19887
0.17347,0.35975,0.38979,0.41969,0.43429,0.42462,0.38803,0.32714,0.24882,0.16329,0.085688,0.055241,0.087271,0.11565,0.1224,0.10693,0.074845,0.044269,0.062968,0.11162,0.16033,0.20167,0.23357,0.2563,0.27098,0.27835,0.27807,0.26894,0.24994,0.22165,0.18786,0.15745,0.072224
0.19594,0.38671,0.37109,0.34486,0.30795,0.26073,0.20445,0.14202,0.081514,0.058523,0.10247,0.15901,0.20756,0.24158,0.2578,0.25525,0.23521,0.20132,0.15954,0.11833,0.088469,0.077388,0.077004,0.072474,0.058408,0.048835,0.076774,0.13213,0.19542,0.2559,0.30546,0.33788,0.17457
0.060851,0.15474,0.22402,0.29987,0.37,0.42715,0.46547,0.48011,0.46783,0.42763,0.36144,0.27438,0.17458,0.073222,0.031468,0.10165,0.14854,0.16264,0.14246,0.091345,0.017827,0.072174,0.16121,0.24007,0.29914,0.33234,0.33783,0.31798,0.27867,0.22807,0.17558,0.13247,0.057241
0.23443,0.45468,0.41455,0.35555,0.28879,0.22821,0.18681,0.16725,0.15692,0.1403,0.11007,0.068732,0.03834,0.065525,0.10732,0.13698,0.14718,0.13624,0.10677,0.06503,0.01999,0.019798,0.043898,0.050291,0.054658,0.096396,0.17672,0.27871,0.38823,0.49169,0.57638,0.63182,0.32556
0.050384,0.11145,0.13971,0.17557,0.20577,0.21737,0.20155,0.15706,0.09558,0.07181,0.12946,0.19241,0.22909,0.22964,0.19439,0.13314,0.072531,0.084767,0.14408,0.19156,0.21337,0.20666,0.17311,0.11666,0.044763,0.058317,0.15519,0.25763,0.35622,0.44303,0.51084,0.55396,0.28437
0.111,0.26395,0.3471,0.41988,0.45851,0.45564,0.41472,0.34728,0.26984,0.19891,0.14297,0.095386,0.042513,0.041846,0.12543,0.21531,0.29433,0.34909,0.3714,0.35999,0.32071,0.26481,0.2055,0.15288,0.10851,0.065242,0.015833,0.046943,0.11274,0.17661,0.22974,0.26481,0.13852
0.13112,0.26028,0.25319,0.23794,0.21126,0.17114,0.11796,0.057125,0.042324,0.10836,0.17867,0.24042,0.28794,0.31781,0.32876,0.32161,0.29907,0.26527,0.2251,0.18348,0.1446,0.11113,0.083813,0.061532,0.042324,0.024698,0.0087497,0.0088996,0.021071,0.030801,0.037431,0.041146,0.021162
0.023016,0.1991,0.42912,0.30227,0.31091,0.45317,0.28122,0.33158,0.14615,0.30998,0.39557,0.67264,0.48027,0.67562,0.36797,1.1536,0.97211,0.4667,0.55009,0.32232,0.4685,0.29077,0.36529,0.70272,0.48657,0.38511,0.95509,0.89114,0.52337,0.20539,0.25636,0.42294,0.1025
0.17363,0.35131,0.36119,0.37134,0.37537,0.36811,0.34675,0.31152,0.26634,0.22018,0.18828,0.18603,0.21082,0.244,0.26918,0.27687,0.26272,0.22625,0.17007,0.099285,0.022113,0.061037,0.13391,0.19443,0.23781,0.26162,0.26566,0.25178,0.22341,0.18511,0.14261,0.10459,0.043716
0.10327,0.23468,0.28841,0.32594,0.32716,0.29,0.22844,0.17625,0.17747,0.22065,0.25962,0.27209,0.25702,0.22878,0.21191,0.22233,0.24824,0.26758,0.26819,0.2509,0.22718,0.21342,0.21776,0.23162,0.24044,0.23584,0.21824,0.19555,0.17983,0.17937,0.19078,0.20337,0.10428
0.12124,0.25266,0.27786,0.30693,0.32967,0.33902,0.33106,0.30457,0.2607,0.20258,0.13493,0.063517,0.0085724,0.068213,0.11773,0.15252,0.17206,0.17823,0.17508,0.16784,0.16102,0.15606,0.15061,0.14054,0.12296,0.098861,0.077325,0.079038,0.10927,0.14921,0.18505,0.20929,0.10891
0.14256,0.27555,0.24771,0.20423,0.14939,0.089704,0.041915,0.059724,0.1057,0.14527,0.17435,0.19477,0.21158,0.23071,0.25542,0.28384,0.30999,0.32646,0.32682,0.30693,0.2656,0.20483,0.1297,0.049435,0.044275,0.11383,0.16893,0.20105,0.20665,0.18573,0.14196,0.083785,0.020955
0.032055,0.068103,0.07779,0.088561,0.096067,0.096748,0.087881,0.067877,0.037339,0.01988,0.064366,0.11965,0.17532,0.22568,0.26569,0.2913,0.29993,0.29079,0.26499,0.22542,0.17634,0.12289,0.070602,0.026725,0.024854,0.049071,0.064578,0.070084,0.067523,0.059848,0.05039,0.042543,0.019717
0.077154,0.15416,0.16168,0.18251,0.20222,0.20443,0.19041,0.18086,0.19349,0.21945,0.24535,0.27142,0.29654,0.30326,0.26754,0.18195,0.11611,0.22997,0.38656,0.49508,0.5172,0.44084,0.28073,0.08524,0.15811,0.31351,0.38565,0.35771,0.24828,0.14192,0.21335,0.32993,0.18823
0.23356,0.47227,0.48414,0.49431,0.49402,0.47737,0.4426,0.3919,0.33051,0.26522,0.20276,0.14823,0.10471,0.076341,0.073445,0.097453,0.13316,0.16785,0.19283,0.20185,0.19131,0.16102,0.11532,0.068504,0.066843,0.11379,0.16134,0.19283,0.20206,0.18799,0.15471,0.11387,0.046067
0.20564,0.41512,0.4243,0.43319,0.43567,0.42732,0.4064,0.37384,0.33254,0.28655,0.24011,0.19711,0.16147,0.13836,0.13367,0.14803,0.17388,0.20138,0.2224,0.23096,0.22325,0.19773,0.15535,0.099941,0.044445,0.06136,0.12706,0.19218,0.24889,0.29405,0.32635,0.34558,0.17597
0.12576,0.24544,0.22726,0.1973,0.15662,0.10776,0.056916,0.036139,0.07541,0.1192,0.15374,0.17687,0.19074,0.20098,0.21421,0.23359,0.25598,0.2738,0.27881,0.26494,0.22975,0.17566,0.11354,0.082126,0.12519,0.19034,0.24362,0.27259,0.27165,0.24003,0.18164,0.10641,0.026252
0.20145,0.34679,0.21508,0.1496,0.22075,0.24348,0.1838,0.17607,0.30615,0.41507,0.42757,0.3401,0.2064,0.15839,0.23611,0.30497,0.33761,0.34044,0.31053,0.24553,0.17222,0.15985,0.22985,0.35186,0.5189,0.69121,0.79656,0.77007,0.58932,0.29079,0.047866,0.29916,0.19778
0.041206,0.12537,0.21275,0.3123,0.40327,0.46512,0.48237,0.44955,0.37286,0.26825,0.15621,0.054894,0.031913,0.10222,0.17237,0.24476,0.30992,0.35289,0.36198,0.33403,0.27556,0.20038,0.12417,0.057941,0.01236,0.056272,0.11148,0.16286,0.19842,0.20806,0.18998,0.15639,0.068729
0.21218,0.42789,0.43516,0.43824,0.42876,0.40123,0.35463,0.29336,0.22884,0.18312,0.18219,0.22017,0.26722,0.30381,0.32157,0.31852,0.2967,0.26089,0.21763,0.17419,0.13748,0.11215,0.097924,0.089709,0.082133,0.072918,0.062665,0.053329,0.046607,0.042757,0.040796,0.039779,0.019717
0.10361,0.24464,0.3263,0.41124,0.47363,0.49638,0.47096,0.39993,0.29824,0.19324,0.12468,0.11251,0.10444,0.063603,0.052088,0.14906,0.25477,0.33773,0.38093,0.37912,0.33919,0.27734,0.21295,0.15904,0.11411,0.067706,0.026399,0.064159,0.11982,0.16278,0.18768,0.19755,0.099782
0.19523,0.38111,0.35372,0.31045,0.2555,0.1965,0.14786,0.13219,0.15469,0.1904,0.21896,0.23161,0.22668,0.20798,0.18467,0.16984,0.17255,0.1879,0.20233,0.20483,0.19089,0.16363,0.13706,0.13648,0.17077,0.21853,0.25863,0.27842,0.2713,0.23552,0.17372,0.092276,0.0027876
0.08822,0.19139,0.2247,0.25698,0.27496,0.272,0.24639,0.20027,0.13883,0.070355,0.029099,0.080546,0.134,0.17308,0.19517,0.20082,0.19283,0.17555,0.15404,0.1332,0.11702,0.10802,0.10708,0.11332,0.12427,0.13632,0.14554,0.14845,0.14283,0.12834,0.10732,0.086123,0.038176
0.015035,0.049628,0.083625,0.11863,0.15184,0.18202,0.20841,0.23047,0.24788,0.26053,0.26847,0.27199,0.27154,0.26774,0.26134,0.25324,0.24434,0.23554,0.22764,0.2212,0.21653,0.2136,0.21214,0.2117,0.2118,0.212,0.21201,0.21167,0.21102,0.21019,0.20937,0.20877,0.10428
0.23995,0.48699,0.50365,0.51915,0.52231,0.50538,0.46526,0.40349,0.32553,0.24002,0.159,0.10204,0.094899,0.11971,0.14172,0.15018,0.14523,0.13079,0.11194,0.093086,0.076936,0.06515,0.060949,0.06866,0.087147,0.11006,0.13097,0.14501,0.14936,0.14373,0.13089,0.11716,0.055531
0.099531,0.19708,0.20085,0.23112,0.29457,0.37606,0.4542,0.50999,0.52925,0.50412,0.43448,0.32857,0.20351,0.096044,0.10866,0.17845,0.2161,0.20755,0.1558,0.076484,0.05957,0.14945,0.23185,0.28705,0.30976,0.30278,0.27539,0.24078,0.21189,0.19589,0.19108,0.19129,0.095921
0.077664,0.15435,0.15064,0.14268,0.13118,0.12443,0.14002,0.1864,0.25186,0.31938,0.37374,0.4028,0.39902,0.36099,0.2946,0.21394,0.1444,0.12237,0.14257,0.15822,0.14753,0.10953,0.058651,0.056512,0.11114,0.16132,0.19522,0.21535,0.23117,0.25143,0.2761,0.29696,0.15256
0.047417,0.31738,0.39002,0.22769,0.2378,0.36133,0.25835,0.14949,0.3444,0.39841,0.32386,0.31853,0.3242,0.25519,0.3862,0.64602,0.7723,0.66516,0.35268,0.044281,0.38139,0.57266,0.60627,0.51345,0.3444,0.17496,0.085222,0.1161,0.22833,0.3214,0.3255,0.246,0.090965
0.17653,0.35008,0.33185,0.28133,0.19211,0.084941,0.098877,0.19745,0.25797,0.25961,0.20668,0.12876,0.10217,0.15124,0.18652,0.17979,0.14672,0.1402,0.18458,0.22938,0.23623,0.19417,0.11736,0.09062,0.1825,0.28217,0.35188,0.38122,0.37134,0.33117,0.27502,0.22255,0.099877
0.073125,0.1197,0.088239,0.093565,0.09565,0.16188,0.23488,0.22001,0.20339,0.38131,0.56842,0.6247,0.55122,0.44601,0.36892,0.2629,0.10378,0.1097,0.27799,0.46555,0.63654,0.69478,0.5938,0.44379,0.45667,0.52294,0.45616,0.28813,0.21439,0.25612,0.23151,0.14623,0.045034
0.048355,0.13582,0.19184,0.20848,0.16264,0.058945,0.073649,0.17871,0.21444,0.16305,0.045349,0.088138,0.1806,0.19787,0.15836,0.17522,0.29087,0.41026,0.48892,0.5171,0.4989,0.44472,0.37262,0.30916,0.28136,0.30173,0.36224,0.43974,0.50455,0.53367,0.52316,0.49282,0.23827
0.16903,0.32426,0.28561,0.2301,0.17029,0.12251,0.10132,0.1022,0.10916,0.12162,0.15032,0.19726,0.25209,0.30176,0.33586,0.34832,0.33798,0.30835,0.26658,0.22144,0.18029,0.14569,0.11451,0.081573,0.045216,0.020045,0.045488,0.074775,0.091195,0.090439,0.072268,0.040045,1.3878e-17
0.21776,0.42078,0.37795,0.31115,0.2276,0.139,0.073256,0.090468,0.13936,0.16906,0.16996,0.14642,0.12267,0.14639,0.21922,0.30451,0.37836,0.4268,0.44241,0.42384,0.37548,0.30657,0.22989,0.16026,0.11214,0.090451,0.080051,0.063539,0.036457,0.0066311,0.030923,0.053901,0.031142
0.20387,0.40757,0.4057,0.39884,0.3836,0.35818,0.3234,0.28274,0.24159,0.2053,0.17631,0.15211,0.12675,0.095465,0.06054,0.049678,0.088478,0.1408,0.18868,0.22413,0.24244,0.24177,0.2233,0.19127,0.15308,0.11978,0.10435,0.11001,0.1248,0.13763,0.14483,0.14744,0.073957
0.077823,0.20934,0.31417,0.39401,0.39423,0.3015,0.1557,0.041646,0.074768,0.14828,0.27339,0.38559,0.41186,0.34377,0.27345,0.29751,0.3087,0.20948,0.085446,0.26161,0.41682,0.46001,0.4211,0.3854,0.37595,0.32408,0.19572,0.070898,0.17912,0.269,0.28061,0.24181,0.10738
0.17491,0.3423,0.31866,0.27699,0.21699,0.14233,0.062178,0.030761,0.087879,0.12656,0.13737,0.12308,0.097544,0.088968,0.11125,0.13939,0.15271,0.14533,0.12342,0.1059,0.11344,0.13765,0.15589,0.15623,0.13889,0.11579,0.10828,0.12437,0.1458,0.15581,0.15019,0.13603,0.064135
0.32906,0.55305,0.27651,0.22218,0.57523,0.80628,0.81403,0.62826,0.42069,0.41233,0.46691,0.41652,0.29574,0.19412,0.1165,0.12436,0.26182,0.34678,0.30366,0.15123,0.1065,0.23199,0.26032,0.18754,0.099117,0.14998,0.24153,0.30353,0.32768,0.3427,0.40459,0.49572,0.26921
0.2489,0.46771,0.3837,0.2648,0.15041,0.13254,0.20151,0.25217,0.25674,0.22046,0.17819,0.19483,0.27257,0.35485,0.40708,0.41557,0.38192,0.32216,0.26624,0.2461,0.25973,0.2716,0.25358,0.19655,0.10634,0.019467,0.11432,0.19921,0.24574,0.24444,0.19545,0.1083,1.3878e-17
0.0090384,0.094539,0.18303,0.2606,0.31403,0.33018,0.3018,0.2332,0.14805,0.11589,0.17169,0.22588,0.23657,0.19591,0.11535,0.054181,0.13003,0.21063,0.25298,0.249,0.20433,0.13509,0.067784,0.059711,0.10138,0.14324,0.18742,0.23852,0.29133,0.33635,0.36733,0.38381,0.19436
0.074822,0.19177,0.28059,0.37523,0.45119,0.48933,0.47744,0.4142,0.31079,0.18962,0.084194,0.059517,0.081601,0.074957,0.0838,0.16081,0.25986,0.34433,0.39338,0.39865,0.36403,0.3031,0.23366,0.16974,0.11426,0.060068,0.01438,0.071558,0.13609,0.19046,0.22883,0.25039,0.12857
0.066992,0.14846,0.17874,0.20455,0.21336,0.19947,0.16214,0.10476,0.035674,0.050084,0.1235,0.18685,0.23184,0.25359,0.25031,0.22349,0.17807,0.12381,0.08344,0.096189,0.14391,0.19187,0.22819,0.24921,0.25475,0.24675,0.22847,0.20379,0.17666,0.15068,0.12901,0.11447,0.054653
0.1236,0.2486,0.23819,0.19145,0.10002,0.036646,0.1591,0.25632,0.29529,0.26586,0.18383,0.11335,0.1583,0.22913,0.25487,0.23459,0.21325,0.24649,0.30919,0.34161,0.31144,0.21484,0.071172,0.09962,0.24767,0.35497,0.4066,0.40337,0.35831,0.29105,0.22198,0.16916,0.074359
0.16357,0.31778,0.29132,0.25252,0.20867,0.16871,0.1408,0.12776,0.12492,0.12645,0.13148,0.14264,0.16051,0.18118,0.19877,0.20891,0.21096,0.20893,0.21053,0.22233,0.24364,0.26646,0.28092,0.27981,0.26121,0.23114,0.20711,0.2146,0.26051,0.32482,0.38536,0.42726,0.22107
0.12124,0.24435,0.248,0.2489,0.24229,0.22505,0.19641,0.15783,0.11251,0.064549,0.018273,0.025848,0.063424,0.097556,0.13058,0.16459,0.19975,0.23387,0.26328,0.28408,0.29326,0.28947,0.27337,0.24771,0.21711,0.18749,0.16474,0.15234,0.14924,0.15119,0.15421,0.1563,0.078502
0.26825,0.50538,0.39012,0.17907,0.12105,0.31848,0.37425,0.25873,0.080367,0.21535,0.32898,0.33889,0.30501,0.24795,0.14121,0.26522,0.56203,0.78401,0.82357,0.67571,0.44509,0.30158,0.26614,0.17793,0.046025,0.16753,0.24088,0.20597,0.14634,0.18841,0.22012,0.16176,0.040881
0.041206,0.13152,0.21811,0.30214,0.3658,0.39503,0.38245,0.3318,0.26077,0.20049,0.17722,0.17259,0.14633,0.081919,0.052651,0.16841,0.29144,0.38881,0.44305,0.44832,0.41058,0.34479,0.26932,0.19888,0.13977,0.094423,0.077845,0.10082,0.13383,0.15405,0.15531,0.14442,0.068729
0.031215,0.23201,0.39993,0.47984,0.45584,0.35205,0.26453,0.33212,0.46869,0.55377,0.54699,0.45359,0.31067,0.18671,0.17786,0.23627,0.26895,0.2562,0.20161,0.12412,0.10782,0.19905,0.29275,0.3451,0.34314,0.29583,0.2322,0.19241,0.19305,0.20726,0.21269,0.20938,0.10331
0.17076,0.32736,0.28771,0.23084,0.16982,0.12195,0.10248,0.10515,0.11235,0.12361,0.15083,0.19718,0.25222,0.30235,0.33676,0.34923,0.33859,0.30856,0.26656,0.22168,0.18135,0.14776,0.11715,0.083961,0.046538,0.02,0.046767,0.077334,0.094465,0.093738,0.074923,0.04152,0
0.15228,0.29429,0.26535,0.223,0.17488,0.1295,0.094542,0.075867,0.078204,0.10306,0.14568,0.19812,0.25158,0.2975,0.32881,0.34102,0.33292,0.30657,0.26677,0.21984,0.17219,0.12861,0.091118,0.059171,0.032393,0.020547,0.034653,0.051152,0.060184,0.058772,0.046625,0.025752,1.3878e-17
0.13775,0.2746,0.27118,0.26348,0.24945,0.22789,0.19969,0.16939,0.14677,0.14394,0.16234,0.18948,0.2119,0.22105,0.21299,0.18776,0.14919,0.10528,0.071169,0.068158,0.086709,0.1016,0.10418,0.097354,0.094707,0.11375,0.15432,0.20378,0.25202,0.29295,0.32335,0.34181,0.17399
0.079052,0.1521,0.13461,0.10716,0.072441,0.035331,0.021729,0.051689,0.080494,0.10029,0.1098,0.11131,0.11138,0.11912,0.13885,0.16573,0.19082,0.20621,0.20708,0.19315,0.17131,0.1595,0.17947,0.23022,0.29206,0.34721,0.38324,0.39214,0.37004,0.31748,0.24,0.15152,0.04938
0.10361,0.24113,0.316,0.39394,0.44982,0.46684,0.43672,0.36197,0.2568,0.14656,0.073823,0.07769,0.083095,0.068694,0.11117,0.21146,0.31714,0.39757,0.43426,0.42113,0.36469,0.28141,0.19278,0.11873,0.070041,0.04568,0.053202,0.090226,0.1336,0.16873,0.18958,0.19789,0.099782
0.34254,0.678,0.65563,0.61548,0.55571,0.47747,0.3866,0.29383,0.21299,0.15528,0.12008,0.10032,0.11062,0.1654,0.24107,0.30891,0.34622,0.33748,0.27668,0.1685,0.027537,0.12531,0.26586,0.37319,0.43296,0.44031,0.40064,0.32888,0.24858,0.19115,0.17976,0.19546,0.10235
0.090102,0.18302,0.19052,0.20025,0.20904,0.21373,0.21179,0.20188,0.1843,0.16155,0.13874,0.12319,0.12038,0.12771,0.1364,0.13834,0.12876,0.10619,0.07234,0.036152,0.044157,0.089883,0.13642,0.17567,0.20396,0.21972,0.22326,0.21656,0.20287,0.18615,0.17051,0.15949,0.077764
0.053583,0.16245,0.11152,0.22388,0.41381,0.36551,0.21962,0.35903,0.35255,0.10507,0.21355,0.31848,0.2648,0.24359,0.24333,0.45802,0.75143,0.8148,0.59072,0.29993,0.26145,0.24862,0.2373,0.38907,0.47801,0.39666,0.2058,0.059097,0.016188,0.16039,0.31203,0.36193,0.17545
0.11396,0.23611,0.25468,0.27125,0.27532,0.2612,0.22843,0.18185,0.13344,0.10742,0.12366,0.16019,0.19133,0.20584,0.19998,0.17432,0.13233,0.079621,0.026949,0.046613,0.099508,0.148,0.19022,0.22696,0.25958,0.28889,0.31468,0.336,0.35192,0.36223,0.36775,0.37005,0.1853
0.10995,0.21895,0.215,0.20539,0.18698,0.15738,0.1156,0.062352,0,0.067764,0.13635,0.20081,0.25639,0.29904,0.32585,0.33532,0.32749,0.30392,0.26742,0.22179,0.17132,0.12036,0.072881,0.03205,0,0.02231,0.035066,0.039421,0.037193,0.030466,0.021176,0.010756,0
0.04094,0.095369,0.10635,0.084126,0.026581,0.048415,0.11149,0.13892,0.12321,0.086372,0.087739,0.11905,0.12067,0.07528,0.0099327,0.089531,0.1443,0.15345,0.13913,0.164,0.22109,0.24237,0.18751,0.067831,0.1626,0.35024,0.48469,0.52164,0.45118,0.3,0.12259,0.01782,0.035393
0.15039,0.30444,0.2992,0.25759,0.16995,0.070858,0.13051,0.23422,0.28784,0.27387,0.20164,0.11252,0.10922,0.16778,0.1911,0.17002,0.15,0.19134,0.25668,0.28685,0.25511,0.16111,0.036587,0.13852,0.27102,0.36032,0.39323,0.37225,0.31201,0.23336,0.15705,0.099841,0.03854
0.10019,0.24207,0.33002,0.41853,0.48119,0.50115,0.47027,0.39127,0.27857,0.15771,0.073253,0.082354,0.096882,0.074104,0.073776,0.15902,0.26157,0.34441,0.38844,0.38707,0.34581,0.27929,0.2055,0.1381,0.07983,0.024523,0.037553,0.097656,0.15022,0.18641,0.20357,0.20698,0.1032
0.1547,0.30837,0.30489,0.29796,0.28621,0.26829,0.24339,0.21164,0.17472,0.13656,0.10475,0.090716,0.098525,0.11606,0.1308,0.13681,0.13283,0.12093,0.10596,0.094589,0.09163,0.095794,0.1025,0.11096,0.12696,0.15838,0.20717,0.26829,0.3338,0.39539,0.44555,0.47824,0.24479
0.22227,0.42869,0.38284,0.31201,0.2246,0.1336,0.06949,0.091382,0.13853,0.16444,0.1619,0.1377,0.12014,0.15327,0.22814,0.3108,0.3803,0.42422,0.43616,0.41538,0.36646,0.2984,0.22334,0.15515,0.1074,0.085364,0.075438,0.060622,0.036031,0.0056844,0.024339,0.04555,0.026627
0.32084,0.5336,0.2768,0.19456,0.36928,0.41154,0.30645,0.16703,0.12843,0.088839,0.067751,0.22995,0.34145,0.34494,0.29055,0.32908,0.4616,0.58108,0.65274,0.65998,0.56921,0.3662,0.14574,0.28774,0.46393,0.49651,0.39377,0.23182,0.11772,0.12101,0.16574,0.21641,0.12017
0.31267,0.54072,0.33752,0.24625,0.33951,0.28868,0.088765,0.22539,0.33217,0.27969,0.23758,0.27189,0.19485,0.15622,0.305,0.29467,0.50577,0.85324,0.82907,0.3807,0.28688,0.49499,0.30918,0.033985,0.14146,0.079117,0.24966,0.30009,0.18316,0.059334,0.078327,0.12802,0.078874
0.033534,0.057277,0.033024,0.037425,0.086448,0.14178,0.19135,0.22759,0.24544,0.24287,0.2214,0.18679,0.15051,0.13121,0.14279,0.17473,0.2092,0.23655,0.25373,0.26134,0.26153,0.25628,0.24629,0.23089,0.20927,0.18218,0.15407,0.1345,0.13427,0.15271,0.17738,0.19661,0.10186
0.089948,0.1896,0.21413,0.24422,0.27159,0.2903,0.29639,0.28764,0.26352,0.22514,0.17526,0.11801,0.059257,0.022102,0.059898,0.099899,0.12847,0.14434,0.14867,0.14416,0.13428,0.12208,0.10906,0.094808,0.078067,0.059142,0.04469,0.050737,0.076004,0.10578,0.13172,0.14912,0.07761
0.087937,0.1811,0.19447,0.20996,0.21996,0.21785,0.2003,0.16883,0.13164,0.10869,0.12647,0.17862,0.24168,0.29859,0.33464,0.33696,0.29863,0.22667,0.16466,0.2033,0.3105,0.40596,0.45237,0.43539,0.36033,0.25705,0.19696,0.24059,0.31206,0.34606,0.32918,0.28212,0.12733
0.1183,0.23329,0.22351,0.20775,0.18674,0.16151,0.13324,0.10323,0.072864,0.043477,0.01632,0.0075183,0.027162,0.041995,0.051684,0.056191,0.055768,0.050929,0.042416,0.031146,0.018149,0.0045063,0.0087232,0.020563,0.030181,0.036937,0.040416,0.040456,0.037146,0.030816,0.022014,0.011461,0
0.176,0.34819,0.33608,0.31405,0.28065,0.23572,0.1814,0.12322,0.074512,0.067421,0.099213,0.13211,0.15405,0.16486,0.17035,0.1795,0.19861,0.22603,0.25387,0.27323,0.27718,0.26181,0.22634,0.17292,0.10633,0.037157,0.056428,0.12691,0.19105,0.24336,0.28152,0.30458,0.15613
0.13112,0.25402,0.23072,0.1961,0.15563,0.11528,0.07997,0.053056,0.042324,0.06182,0.10425,0.15876,0.21793,0.2743,0.32047,0.35005,0.35867,0.34461,0.30907,0.25601,0.19162,0.12348,0.060089,0.019775,0.042324,0.062251,0.065911,0.05524,0.035377,0.016553,0.022854,0.03686,0.021162
0.26957,0.51754,0.45614,0.36529,0.26332,0.18263,0.16889,0.20976,0.24931,0.26104,0.23838,0.18423,0.10723,0.021888,0.070987,0.14521,0.1986,0.22637,0.22867,0.20991,0.17735,0.13854,0.097851,0.053831,0.0037344,0.069049,0.15499,0.25396,0.35756,0.45488,0.53456,0.5868,0.30249
0.13353,0.25758,0.23442,0.21319,0.21341,0.2389,0.27242,0.29388,0.29022,0.25592,0.19208,0.10535,0.012986,0.095362,0.18177,0.24461,0.27627,0.27391,0.23988,0.18133,0.10967,0.043627,0.047576,0.084232,0.097182,0.080843,0.044205,0.059113,0.13394,0.21437,0.28339,0.32967,0.17297
0.1197,0.23419,0.21937,0.19731,0.172,0.14871,0.13242,0.12433,0.11979,0.11118,0.092144,0.059349,0.013903,0.048196,0.11449,0.18242,0.24494,0.2953,0.3278,0.33857,0.32612,0.29164,0.23892,0.17394,0.10435,0.040168,0.030549,0.067818,0.089558,0.092012,0.077453,0.052851,0.018464
0.030416,0.11659,0.196,0.25714,0.28925,0.28893,0.25831,0.20429,0.13746,0.071291,0.031269,0.05006,0.070285,0.081092,0.096935,0.12833,0.16822,0.20295,0.22159,0.219,0.19787,0.17206,0.16715,0.19787,0.24753,0.29349,0.3221,0.32767,0.31048,0.27551,0.23174,0.1927,0.088123
0.35819,0.61393,0.3394,0.013527,0.22884,0.20634,0.066005,0.37473,0.50869,0.39188,0.16912,0.066715,0.08446,0.13817,0.1147,0.10646,0.19073,0.16806,0.10737,0.10883,0.23208,0.43433,0.45759,0.20128,0.26455,0.56326,0.57373,0.33545,0.069917,0.10031,0.049835,0.090154,0.077133
0.18122,0.31358,0.1755,0.014586,0.1294,0.099995,0.077978,0.23463,0.22602,0.060186,0.16375,0.17328,0.072116,0.21917,0.21015,0.092521,0.29921,0.41599,0.39864,0.37539,0.42862,0.48254,0.38168,0.11344,0.31091,0.46966,0.32838,0.06612,0.29536,0.32343,0.11673,0.15412,0.13612
0.27562,0.55753,0.57267,0.58688,0.5877,0.56408,0.50997,0.4267,0.32351,0.21636,0.12635,0.079711,0.081363,0.098912,0.12997,0.17806,0.22868,0.26145,0.26063,0.21939,0.14321,0.074034,0.13892,0.25102,0.34809,0.41301,0.43896,0.42619,0.3802,0.30954,0.22425,0.13771,0.044456
0.29242,0.55967,0.48676,0.37519,0.24505,0.14775,0.17191,0.24516,0.28154,0.2588,0.18172,0.093901,0.14251,0.25355,0.33014,0.34589,0.29595,0.19503,0.098228,0.15282,0.2576,0.32211,0.32689,0.2736,0.18506,0.1389,0.22428,0.35297,0.47173,0.56594,0.63202,0.67061,0.34162
0.21921,0.38222,0.24944,0.25286,0.39242,0.4016,0.27433,0.24891,0.3168,0.28403,0.20023,0.16175,0.15299,0.27535,0.35885,0.25455,0.47896,0.81354,0.74158,0.26765,0.30402,0.43853,0.1651,0.18962,0.2896,0.18821,0.26214,0.23353,0.03282,0.12921,0.09668,0.074653,0.078874
0.21799,0.38758,0.23639,0.012567,0.17614,0.17895,0.04705,0.32843,0.47196,0.37887,0.16987,0.065804,0.10614,0.18922,0.15422,0.057126,0.27603,0.35828,0.26766,0.12984,0.091861,0.16077,0.23138,0.20067,0.070621,0.15367,0.23862,0.15935,0.19653,0.46415,0.57432,0.40742,0.063059
0.23568,0.48177,0.50914,0.54292,0.56891,0.57333,0.54678,0.48714,0.40049,0.29983,0.20187,0.12288,0.074542,0.061012,0.077883,0.11323,0.15074,0.17383,0.1696,0.13194,0.062887,0.030692,0.13008,0.22324,0.29591,0.33908,0.34955,0.32955,0.28513,0.22392,0.15301,0.07769,0.0045147
0.26447,0.42652,0.15212,0.18674,0.41593,0.39311,0.13153,0.18896,0.32226,0.20716,0.061493,0.17417,0.15488,0.10446,0.13535,0.2623,0.36583,0.33853,0.24543,0.24505,0.40843,0.61801,0.64177,0.37667,0.10933,0.37892,0.38866,0.15575,0.15161,0.28203,0.23056,0.099342,0.016579
0.17101,0.29408,0.14381,0.082705,0.26869,0.27231,0.072891,0.24127,0.38286,0.29058,0.094311,0.089596,0.089545,0.126,0.095376,0.15078,0.36583,0.44569,0.35403,0.21902,0.18536,0.25287,0.31902,0.28555,0.16455,0.17797,0.25875,0.22066,0.27255,0.50528,0.60616,0.44721,0.11004
0.04441,0.54057,0.26798,0.34086,0.31525,0.13206,0.159,0.18012,0.18414,0.25785,0.44242,0.41698,0.3427,0.22925,0.11897,0.26062,0.081432,0.4956,0.52831,0.57512,0.38811,0.43685,0.20714,0.019871,0.22304,0.31321,0.51386,0.11575,0.9811,0.65604,0.34709,0.52983,0.37384
0.35371,0.69253,0.64582,0.56389,0.4478,0.3074,0.16126,0.033723,0.063396,0.11203,0.13216,0.16297,0.22446,0.29075,0.3282,0.31531,0.24718,0.14121,0.098768,0.21105,0.32722,0.40174,0.42168,0.38788,0.3106,0.20606,0.10494,0.12316,0.24096,0.36363,0.46709,0.5363,0.28034
0.23425,0.46435,0.45151,0.42915,0.39648,0.35367,0.30302,0.25056,0.20819,0.19226,0.20862,0.24265,0.27587,0.29681,0.30066,0.2879,0.2635,0.23598,0.21482,0.20514,0.2035,0.20127,0.19176,0.17477,0.15887,0.16033,0.18918,0.23749,0.29146,0.34092,0.37962,0.40401,0.20615
0.027396,0.073557,0.089099,0.069028,0.014179,0.060764,0.12151,0.14649,0.12933,0.095426,0.10346,0.13793,0.1418,0.09782,0.020461,0.068952,0.12697,0.14245,0.13848,0.17065,0.22642,0.24374,0.185,0.065269,0.17161,0.36111,0.49635,0.53336,0.46245,0.31058,0.13248,0.0093565,0.030878
0.21546,0.43311,0.43878,0.44551,0.45001,0.44888,0.43918,0.41883,0.38684,0.34346,0.29022,0.23005,0.16755,0.11068,0.077272,0.087382,0.11879,0.14738,0.1654,0.17119,0.16607,0.15367,0.13978,0.13146,0.13362,0.14522,0.16079,0.17502,0.18488,0.18969,0.19059,0.18972,0.094575
0.31606,0.60277,0.51951,0.39699,0.26303,0.17493,0.19721,0.2581,0.28463,0.25698,0.17964,0.084577,0.11183,0.21524,0.28879,0.30782,0.26617,0.1726,0.060108,0.11438,0.22615,0.29703,0.30905,0.26099,0.174,0.13739,0.24048,0.37724,0.49333,0.57273,0.61559,0.63235,0.31799
0.29488,0.57544,0.53343,0.46825,0.39147,0.32389,0.28748,0.28209,0.28285,0.27192,0.25761,0.26651,0.30539,0.3446,0.34896,0.29773,0.18818,0.036356,0.14005,0.29786,0.41077,0.45638,0.42609,0.32661,0.1783,0.019827,0.15037,0.26871,0.32949,0.32493,0.25968,0.15058,0.028366
0.17248,0.29958,0.17486,0.15942,0.2992,0.32613,0.2774,0.33889,0.40132,0.35306,0.27191,0.23518,0.16692,0.18978,0.26745,0.1611,0.41294,0.72949,0.64882,0.22904,0.37836,0.45273,0.13786,0.27655,0.38302,0.27928,0.33916,0.32333,0.12627,0.10475,0.12154,0.035041,0.032144
0.26594,0.47084,0.30703,0.19672,0.2992,0.31124,0.18221,0.1706,0.23902,0.19082,0.14516,0.18319,0.16692,0.24968,0.35416,0.32676,0.55295,0.85085,0.75793,0.29999,0.37836,0.51158,0.24851,0.10549,0.19622,0.16442,0.33001,0.32018,0.12627,0.039069,0.017774,0.1643,0.1256
0.028393,0.14973,0.23287,0.26573,0.23309,0.09351,0.17527,0.36404,0.36442,0.17394,0.12422,0.28055,0.35502,0.34829,0.20457,0.073805,0.2549,0.39315,0.56216,0.60144,0.36527,0.196,0.39648,0.30596,0.038745,0.30798,0.37609,0.37834,0.43035,0.37838,0.23373,0.12342,0.040715
0.25962,0.4868,0.37648,0.11654,0.75005,0.11467,0.50789,0.34656,0.68468,0.1113,0.51209,0.55709,0.66301,0.2389,0.65968,0.75331,0.049077,0.91158,0.73805,0.54702,0.49779,0.48187,0.34423,0.49684,0.12295,0.23876,0.44336,0.43711,0.15092,0.76082,0.75494,0.92357,0.38496
0.0066316,0.39907,0.051881,0.4077,0.12467,0.40406,0.30164,0.101,0.021178,0.39591,0.59853,0.51657,0.25028,0.062269,0.38352,0.78452,0.6566,0.77693,0.51263,0.48181,0.88937,0.55681,0.49658,0.62946,0.44217,0.45327,0.25715,0.1932,0.37483,0.61407,0.1595,0.68496,0.43456
0.80077,0.75809,0.35559,0.22424,0.1952,0.25566,0.44397,0.53438,0.57565,0.3255,0.078356,0.11942,0.15026,0.36896,0.67702,1.3307,1.1922,0.70978,0.54496,0.057766,0.44713,0.19599,0.48211,0.15758,0.24245,0.14016,0.25246,0.073429,0.25418,0.18878,0.54589,0.7819,0.28332
0.064328,0.17194,0.53576,0.42494,0.15077,0.26506,0.3393,0.47576,0.2425,0.33007,0.40525,0.18585,0.15298,0.28792,0.25813,0.14084,0.76848,1.3062,1.2601,0.70858,0.23521,0.08395,0.21473,0.43605,0.35375,0.04513,0.37236,0.46314,0.34408,0.27609,0.29059,0.26214,0.11667
0.31251,0.51525,0.25484,0.16523,0.33031,0.36752,0.28087,0.16343,0.12877,0.14057,0.10767,0.13646,0.26751,0.34829,0.35131,0.42059,0.59282,0.68419,0.61319,0.50911,0.53047,0.49992,0.25136,0.16497,0.52706,0.66747,0.54253,0.29014,0.15938,0.10547,0.10264,0.32646,0.21388
0.0011948,0.10851,0.46622,0.48334,0.18144,0.2455,0.40437,0.34389,0.25373,0.40065,0.70683,0.26037,0.52866,0.38188,0.29133,0.43111,0.60218,1.6638,1.2492,0.53722,0.47831,0.15658,0.17975,0.41366,0.44389,0.02651,0.41865,0.48852,0.33136,0.23901,0.25217,0.27571,0.13829
0.37488,0.61623,0.32632,0.11264,0.12136,0.33668,0.49454,0.41976,0.25447,0.2918,0.20365,0.13577,0.34091,0.27958,0.10405,0.44476,0.64648,0.58171,0.36473,0.30846,0.21983,0.2998,0.71024,0.84178,0.63581,0.35206,0.13654,0.063646,0.23648,0.51254,0.74537,0.59821,0.10917
0.2985,0.55254,0.4313,0.27376,0.18044,0.2411,0.31246,0.31436,0.24248,0.12646,0.038153,0.093696,0.11411,0.077961,0.057057,0.15117,0.27092,0.39744,0.52057,0.6169,0.65507,0.61261,0.49011,0.31481,0.13384,0.041373,0.093508,0.077393,0.0073432,0.12845,0.24883,0.33528,0.18325
0.059017,0.12375,0.13676,0.14937,0.15637,0.1561,0.14917,0.13629,0.11641,0.086769,0.046415,0.036656,0.10376,0.18813,0.27584,0.35671,0.42107,0.46105,0.47191,0.45284,0.4072,0.34191,0.26632,0.19067,0.12439,0.074512,0.043723,0.027968,0.022124,0.029363,0.043964,0.056302,0.030499
0.20607,0.37327,0.26996,0.13961,0.070843,0.13519,0.19032,0.21982,0.2363,0.25393,0.29754,0.38482,0.48983,0.55929,0.54727,0.4401,0.28455,0.25246,0.38448,0.47585,0.44358,0.28698,0.12077,0.2961,0.50237,0.60633,0.58709,0.46948,0.30943,0.17698,0.13021,0.13526,0.069288
0.097857,0.16326,0.15267,0.30318,0.1603,0.27514,0.46472,0.066396,0.4791,0.27101,0.36323,0.35788,0.34322,0.44023,0.33515,0.40506,0.72823,0.49637,1.061,0.42595,0.72371,0.68075,0.28786,0.26487,0.20184,0.12894,0.75165,1.1118,0.69095,0.17801,0.50053,0.2854,0.13099
0.078131,0.2409,0.18231,0.14473,0.28405,0.16333,0.14439,0.2942,0.19732,0.16526,0.24959,0.23274,0.3788,0.55261,0.53822,0.32527,0.28718,0.39863,0.3651,0.54066,0.66464,0.4276,0.10956,0.31996,0.2345,0.063119,0.32066,0.42803,0.3904,0.26034,0.33858,0.53063,0.30173
0.048475,0.14242,0.21835,0.28019,0.3138,0.31463,0.28433,0.22962,0.161,0.091394,0.038721,0.039646,0.06025,0.074076,0.093175,0.12684,0.16822,0.20443,0.22493,0.22452,0.20547,0.18031,0.17242,0.19761,0.24292,0.28651,0.31426,0.32009,0.30398,0.27068,0.22891,0.19181,0.088123
0.30548,0.52785,0.28866,0.18312,0.55424,0.83063,0.8665,0.66056,0.38715,0.38665,0.49953,0.47421,0.35196,0.2392,0.12902,0.080502,0.27026,0.38974,0.35655,0.20083,0.16188,0.28733,0.31372,0.22902,0.14147,0.19882,0.28988,0.33511,0.31716,0.28729,0.37262,0.51916,0.29278
0.18428,0.08974,0.45545,0.43112,0.19611,0.6064,0.29922,0.42191,0.38609,0.37362,0.77436,0.34865,0.41502,0.36391,0.33617,0.35002,0.61298,1.2166,1.1046,0.35803,0.15087,0.060936,0.27503,0.16449,0.28397,0.0028175,0.55113,0.72214,0.3933,0.11629,0.30374,0.39934,0.093708
0.15723,0.30865,0.28961,0.25396,0.19985,0.13082,0.066396,0.080762,0.14267,0.18873,0.202,0.17648,0.1149,0.048749,0.11868,0.23198,0.33511,0.41133,0.45081,0.45039,0.41374,0.35029,0.27315,0.19591,0.12861,0.074,0.032563,0.049803,0.10794,0.17137,0.22775,0.2666,0.14023
0.010451,0.047743,0.067248,0.11659,0.26174,0.3694,0.31836,0.11775,0.093314,0.16899,0.095118,0.20694,0.47763,0.6932,0.68005,0.41644,0.48422,0.79425,0.72625,0.25676,0.32282,0.61655,0.49875,0.15436,0.27952,0.4313,0.42609,0.34398,0.19578,0.11676,0.26172,0.34832,0.18335
0.23447,0.53663,0.48226,0.12405,0.37824,0.68704,0.63124,0.33864,0.084435,0.01424,0.079101,0.11418,0.11426,0.12846,0.11888,0.10011,0.44453,0.78753,0.823,0.46695,0.09535,0.52597,0.70102,0.57928,0.30845,0.28475,0.25005,0.16241,0.42835,0.55612,0.50399,0.3137,0.0090827
0.03389,0.45153,0.53858,0.32396,0.35759,0.39544,0.18978,0.1623,0.28462,0.28726,0.24482,0.27719,0.33697,0.29358,0.42695,0.69412,0.78241,0.63919,0.33989,0.038767,0.37543,0.57345,0.60366,0.51601,0.35286,0.17253,0.073996,0.11051,0.23448,0.33049,0.32656,0.24037,0.087663
0.019303,0.25544,0.27604,0.27469,0.39772,0.27985,0.093257,0.31752,0.31845,0.23036,0.1779,0.28759,0.52583,0.49838,0.15146,0.34572,0.62291,0.70015,0.64362,0.45351,0.40786,0.52153,0.36964,0.15541,0.42336,0.48015,0.33128,0.19026,0.11688,0.073067,0.045465,0.023051,0.030569
0.028361,0.25985,0.28501,0.29276,0.4145,0.29685,0.093149,0.30549,0.308,0.22736,0.17318,0.26961,0.50863,0.48263,0.13424,0.34849,0.62067,0.69032,0.62903,0.43964,0.40572,0.52499,0.37082,0.1373,0.41181,0.46877,0.3164,0.17226,0.10803,0.083597,0.063328,0.010863,0.021512
0.064624,0.29805,0.24407,0.10913,0.16382,0.129,0.51184,0.63138,0.46852,0.33406,0.44518,0.62898,0.51382,0.20759,0.49806,0.59226,0.46675,0.33834,0.25475,0.34524,0.3097,0.48902,0.70615,0.52833,0.12521,0.29128,0.3247,0.22122,0.14584,0.10179,0.08379,0.01903,0.012454
0.21462,0.55963,0.3821,0.13575,0.21796,0.66467,0.48158,0.50376,1.2593,0.93788,0.25603,0.48029,0.53419,0.97551,0.77708,0.21676,0.38655,0.35314,0.34066,0.37473,0.29205,0.10255,0.31823,0.3928,0.30398,0.26627,0.22517,0.1987,0.27869,0.37794,0.45346,0.452,0.20862
0.13327,0.26809,0.32236,0.50544,0.63708,0.5365,0.25092,0.17291,0.26616,0.22218,0.22108,0.24576,0.25347,0.31926,0.26633,0.082995,0.32306,0.4233,0.25388,0.099157,0.20919,0.13384,0.11926,0.22319,0.2483,0.30183,0.42409,0.46046,0.32547,0.44618,0.68862,0.55861,0.10734
0.16086,0.33632,0.32966,0.31601,0.31211,0.19396,0.22199,0.52809,0.65295,0.50396,0.35211,0.51846,0.59265,0.43777,0.17284,0.20167,0.43276,0.54944,0.47086,0.23999,0.028765,0.0086641,0.18212,0.38372,0.39509,0.14942,0.20773,0.41483,0.34296,0.16492,0.26693,0.23892,0.013878
0.010807,0.16694,0.18218,0.2959,0.58045,0.44749,0.37226,0.48478,0.46592,0.8074,0.28468,0.72633,0.41046,0.82745,0.86161,0.44061,0.70575,0.18113,0.2183,0.082958,0.31561,0.74855,0.61683,0.20559,0.19517,0.46875,0.67826,0.77309,0.81284,0.54946,0.19212,0.45203,0.077786
0.14597,0.28057,0.20923,0.49929,0.78062,0.48069,0.13315,0.45558,0.84607,0.77618,0.66765,0.35467,0.48991,0.54034,0.55791,0.14485,0.69097,0.34943,0.2442,0.3069,0.24493,0.47488,0.57487,0.26504,0.67294,0.38308,0.24913,0.33956,0.18093,0.42264,0.72604,0.19375,0.33311
0.25099,0.47912,0.41453,0.32111,0.2261,0.18611,0.23622,0.3171,0.38259,0.41595,0.41332,0.37846,0.32073,0.25365,0.19398,0.15848,0.15157,0.15847,0.1646,0.16675,0.16922,0.17679,0.18926,0.20199,0.21052,0.21427,0.21749,0.22714,0.24747,0.27588,0.30474,0.32588,0.16679
0.21308,0.352,0.1657,0.10881,0.21875,0.15898,0.058534,0.2854,0.34648,0.16763,0.17333,0.42998,0.43084,0.15384,0.28558,0.57613,0.58133,0.31009,0.067568,0.34903,0.43283,0.36622,0.28646,0.31095,0.43441,0.55221,0.55987,0.43488,0.2841,0.27823,0.31273,0.26607,0.10653
0.050572,0.13922,0.20484,0.25941,0.3004,0.34569,0.40692,0.46414,0.48078,0.43372,0.32972,0.20677,0.12582,0.11521,0.12311,0.15526,0.2143,0.25048,0.22505,0.13632,0.06318,0.15282,0.21814,0.20334,0.12269,0.13658,0.28767,0.42224,0.48965,0.47269,0.37725,0.23058,0.061826
0.19655,0.34525,0.20096,0.088932,0.24827,0.35014,0.42293,0.48973,0.4682,0.43246,0.52081,0.53747,0.30445,0.10031,0.38002,0.24985,0.27673,0.81865,0.93831,0.54126,0.06452,0.34103,0.2277,0.057333,0.19322,0.15682,0.23007,0.24892,0.12004,0.053069,0.12408,0.10982,0.040741
0.16779,0.32469,0.29266,0.24399,0.19091,0.14927,0.11972,0.083917,0.060872,0.13022,0.2284,0.30445,0.33187,0.30688,0.26096,0.25936,0.31665,0.36924,0.36831,0.30153,0.1882,0.10052,0.16137,0.2444,0.28359,0.27778,0.24654,0.21594,0.20044,0.19359,0.18409,0.17174,0.082833
0.19255,0.3442,0.24189,0.15142,0.17325,0.21613,0.19021,0.087013,0.068392,0.21435,0.30296,0.2944,0.18259,0.102,0.3185,0.55019,0.71204,0.76574,0.70437,0.55118,0.35118,0.15939,0.060015,0.10258,0.10936,0.079499,0.076198,0.11534,0.14219,0.13817,0.10636,0.057776,0.0064637
