0.10664,0.20579,0.18405,0.15027,0.10824,0.064475,0.03885,0.060305,0.094036,0.12079,0.13594,0.13821,0.12827,0.10851,0.083153,0.059532,0.050354,0.06131,0.079494,0.095173,0.10509,0.10884,0.10734,0.10242,0.09706,0.096739,0.10916,0.13917,0.18521,0.24241,0.30498,0.3667,0.42115,0.46222,0.48469,0.48489,0.46119,0.41426,0.34718,0.26525,0.17597,0.091212,0.054766,0.10296,0.15426,0.18754,0.19929,0.19005,0.16282,0.12252,0.075945,0.036901,0.045884,0.079725,0.10734,0.12342,0.12718,0.11974,0.10348,0.08155,0.057426,0.034517,0.015816,0.0036855,0.00051077
0.034246,0.07704,0.095626,0.11392,0.12592,0.12904,0.12322,0.1109,0.097573,0.091642,0.099234,0.11724,0.13771,0.15427,0.16316,0.16275,0.15307,0.13554,0.11265,0.087584,0.063827,0.044696,0.032892,0.030287,0.038087,0.056291,0.083381,0.1168,0.15328,0.18914,0.22064,0.24436,0.2575,0.25817,0.24555,0.21996,0.18277,0.13633,0.083659,0.028424,0.027387,0.077806,0.12149,0.15596,0.17971,0.19212,0.1934,0.18449,0.16702,0.14311,0.11536,0.087057,0.063063,0.051337,0.056836,0.071772,0.087715,0.10113,0.1109,0.11699,0.11994,0.12062,0.12004,0.11921,0.059419
0.0037197,0.036834,0.070006,0.098557,0.12039,0.13415,0.13919,0.13566,0.12451,0.10744,0.086886,0.066057,0.049221,0.041133,0.042177,0.046492,0.049249,0.049131,0.047267,0.046211,0.048255,0.05331,0.059044,0.062775,0.062585,0.057556,0.047738,0.034112,0.018989,0.011745,0.023048,0.03678,0.048072,0.056358,0.062529,0.068452,0.076125,0.086469,0.098792,0.11133,0.12209,0.12949,0.13263,0.13137,0.12636,0.11885,0.11036,0.10227,0.09523,0.088926,0.0823,0.074134,0.063606,0.050586,0.035774,0.0212,0.014076,0.022112,0.033701,0.043392,0.050063,0.053758,0.055174,0.055359,0.027644
0.052535,0.10635,0.11007,0.11593,0.12345,0.132,0.14088,0.14934,0.15667,0.16224,0.16556,0.16632,0.16443,0.16004,0.15355,0.14558,0.13692,0.12848,0.12112,0.11552,0.11205,0.11073,0.11137,0.11382,0.11807,0.12435,0.13295,0.14402,0.15739,0.1725,0.18845,0.20416,0.21845,0.23018,0.23836,0.24217,0.24105,0.23471,0.22319,0.20683,0.1863,0.16265,0.13739,0.11273,0.092059,0.080123,0.080592,0.091592,0.10766,0.1244,0.13929,0.15098,0.15878,0.16242,0.16187,0.15732,0.14908,0.13754,0.12317,0.10643,0.087821,0.067859,0.04718,0.027112,0.0075422
0.21983,0.43267,0.41204,0.37882,0.33478,0.2825,0.22573,0.17045,0.12803,0.11695,0.14141,0.18175,0.22251,0.25655,0.2804,0.29232,0.29168,0.27866,0.25416,0.21971,0.17734,0.12956,0.079414,0.03303,0.033668,0.073815,0.11118,0.14109,0.16209,0.17358,0.17569,0.16912,0.15512,0.13538,0.11189,0.086893,0.062779,0.042217,0.028653,0.025248,0.029169,0.035923,0.045599,0.060038,0.079908,0.10428,0.13135,0.15904,0.18523,0.20794,0.22547,0.23653,0.24024,0.2363,0.2249,0.20678,0.18314,0.15557,0.12592,0.096196,0.068368,0.044224,0.025138,0.011786,0.0027701
0.17685,0.35186,0.34626,0.3367,0.32291,0.30468,0.28194,0.25486,0.2239,0.18983,0.1537,0.11682,0.080632,0.046675,0.016861,0.012279,0.031698,0.046403,0.056017,0.061799,0.066081,0.071851,0.081484,0.09542,0.11223,0.12965,0.14537,0.15739,0.1641,0.16439,0.15766,0.14386,0.12359,0.098213,0.070607,0.04844,0.049384,0.07401,0.10552,0.13641,0.16361,0.18544,0.20087,0.20938,0.21084,0.20552,0.19394,0.17689,0.1553,0.13025,0.10303,0.075603,0.052472,0.045318,0.061578,0.089397,0.12048,0.1518,0.18182,0.20939,0.23354,0.25338,0.26815,0.27726,0.14017
0.058222,0.11659,0.11701,0.11763,0.11833,0.11895,0.11932,0.11926,0.11858,0.1171,0.11468,0.11119,0.10656,0.10074,0.093756,0.085665,0.076587,0.066693,0.05621,0.045425,0.034716,0.024645,0.016356,0.012593,0.015265,0.020716,0.026073,0.03035,0.033183,0.034439,0.034113,0.032308,0.029228,0.025194,0.020702,0.016541,0.013953,0.014083,0.01646,0.019534,0.022104,0.023452,0.023147,0.020989,0.017168,0.01312,0.013855,0.022697,0.03652,0.053426,0.072647,0.093671,0.11602,0.13922,0.16275,0.1861,0.20875,0.23017,0.24988,0.26741,0.28236,0.29437,0.30316,0.30852,0.15516
0.13481,0.34039,0.44434,0.47785,0.42204,0.31504,0.22513,0.17978,0.12954,0.083153,0.14026,0.2024,0.20943,0.18488,0.19107,0.22375,0.23532,0.22584,0.22562,0.23533,0.22703,0.19171,0.15072,0.13767,0.15217,0.16381,0.15893,0.14375,0.12934,0.11699,0.10553,0.1031,0.11231,0.13138,0.17032,0.22661,0.27965,0.31566,0.33253,0.3237,0.2733,0.17492,0.049504,0.078696,0.16256,0.21235,0.2521,0.28805,0.29933,0.27503,0.23039,0.18716,0.14745,0.10416,0.065802,0.045354,0.031461,0.023415,0.045756,0.089424,0.15191,0.21917,0.26988,0.29467,0.15032
0.08685,0.1533,0.12905,0.18181,0.27674,0.3494,0.37099,0.3395,0.27939,0.24076,0.25988,0.30409,0.32844,0.31618,0.27249,0.21789,0.18391,0.19045,0.21716,0.23569,0.23616,0.22508,0.21633,0.21481,0.20817,0.18016,0.12606,0.060588,0.050035,0.085476,0.085512,0.037343,0.059857,0.16896,0.26607,0.32014,0.31179,0.24008,0.13176,0.1092,0.21449,0.29833,0.32127,0.27813,0.1849,0.089451,0.12283,0.20916,0.26216,0.27051,0.24227,0.19709,0.16224,0.1603,0.18636,0.22137,0.25373,0.27689,0.28542,0.2753,0.24548,0.19841,0.13892,0.07283,0.0093044
0,0,0,0,0,0,0,0,0,0,0,0,0,0,0,0,0,0,0,0,0,0,0,0,0,0,0,0,0,0,0,0,0,0,0,0,0,0,0,0,0,0,0,0,0,0,0,0,0,0,0,0,0,0,0,0,0,0,0,0,0,0,0,0,0
0.066662,0.13334,0.13333,0.13319,0.13272,0.1317,0.1299,0.12709,0.12308,0.11771,0.11091,0.10266,0.093002,0.082089,0.070167,0.057648,0.045247,0.034398,0.028062,0.029633,0.037837,0.048821,0.060275,0.071077,0.080597,0.088419,0.094245,0.097865,0.099137,0.097986,0.094399,0.088423,0.080162,0.069775,0.05747,0.04351,0.028235,0.012372,0.0082125,0.024641,0.042359,0.060042,0.077282,0.093772,0.10925,0.1235,0.13634,0.14763,0.1573,0.1653,0.17163,0.17635,0.17954,0.18134,0.1819,0.18141,0.18009,0.17816,0.17585,0.1734,0.17103,0.16895,0.16732,0.16629,0.082968
0.17685,0.35186,0.34626,0.3367,0.32291,0.30468,0.28194,0.25486,0.2239,0.18983,0.1537,0.11682,0.080632,0.046675,0.016861,0.012279,0.031698,0.046403,0.056017,0.061799,0.066081,0.071851,0.081484,0.09542,0.11223,0.12965,0.14537,0.15739,0.1641,0.16439,0.15766,0.14386,0.12359,0.098213,0.070607,0.04844,0.049384,0.07401,0.10552,0.13641,0.16361,0.18544,0.20087,0.20938,0.21084,0.20552,0.19394,0.17689,0.1553,0.13025,0.10303,0.075603,0.052472,0.045318,0.061578,0.089397,0.12048,0.1518,0.18182,0.20939,0.23354,0.25338,0.26815,0.27726,0.14017
0.037433,0.072406,0.065185,0.053682,0.038758,0.02216,0.012639,0.02603,0.045083,0.063508,0.079693,0.092684,0.10184,0.10682,0.10752,0.10414,0.097076,0.086958,0.074546,0.06069,0.046267,0.032128,0.019119,0.0087545,0.0081668,0.015501,0.023116,0.030516,0.038135,0.04636,0.055303,0.064783,0.074404,0.083674,0.092105,0.099277,0.10488,0.10874,0.11082,0.11119,0.11001,0.10752,0.10399,0.09973,0.095077,0.090426,0.086253,0.083109,0.081548,0.081968,0.084423,0.088541,0.093593,0.098671,0.10284,0.10526,0.10523,0.10224,0.095986,0.086399,0.073618,0.057994,0.040066,0.020549,0.0011399
0.1422,0.28144,0.27262,0.25826,0.23884,0.21503,0.18765,0.15766,0.12612,0.094176,0.063013,0.033954,0.010572,0.01924,0.037056,0.050873,0.059916,0.064159,0.06391,0.059732,0.05239,0.04279,0.031914,0.0208,0.010896,0.007661,0.014411,0.02315,0.032542,0.042927,0.054576,0.067335,0.080586,0.093356,0.10446,0.11263,0.11668,0.11555,0.10848,0.095062,0.075351,0.050271,0.024792,0.031298,0.066737,0.10704,0.14786,0.18692,0.22233,0.25249,0.27607,0.29212,0.30009,0.29992,0.29195,0.27698,0.25614,0.23087,0.20276,0.17348,0.14474,0.11822,0.095829,0.080136,0.037163
0.063953,0.13167,0.14186,0.15599,0.17138,0.18583,0.19774,0.20604,0.21008,0.20954,0.20446,0.19511,0.18203,0.16596,0.14784,0.12878,0.11007,0.093161,0.079633,0.070846,0.067265,0.067971,0.071246,0.07563,0.080411,0.085584,0.091585,0.098969,0.10811,0.11901,0.13128,0.14424,0.15706,0.16889,0.1789,0.18643,0.19091,0.19198,0.18942,0.18323,0.17354,0.16066,0.14505,0.12728,0.10804,0.08811,0.068433,0.050283,0.035845,0.029064,0.032159,0.04058,0.04975,0.057774,0.064016,0.068341,0.070861,0.071828,0.071572,0.070469,0.068903,0.06724,0.065798,0.064827,0.032242
0.11061,0.199,0.13816,0.062692,0.082194,0.16458,0.22966,0.26369,0.26573,0.24235,0.20385,0.16032,0.11951,0.089065,0.079382,0.089519,0.10186,0.1038,0.095744,0.093051,0.11145,0.13952,0.15521,0.14434,0.10385,0.04936,0.06909,0.13506,0.18107,0.1912,0.16896,0.1522,0.20133,0.29822,0.39242,0.45269,0.46296,0.42039,0.33425,0.22351,0.11602,0.069479,0.10635,0.13332,0.13079,0.10651,0.075556,0.052443,0.038903,0.025653,0.031655,0.068172,0.10969,0.14277,0.15931,0.15643,0.13708,0.11009,0.089561,0.087291,0.097808,0.1081,0.11264,0.11271,0.056038
0.14405,0.28334,0.26934,0.24686,0.2172,0.18218,0.14437,0.10756,0.078587,0.068641,0.080733,0.10197,0.12203,0.13638,0.14306,0.14146,0.13187,0.1155,0.094795,0.074429,0.063277,0.070079,0.090429,0.11449,0.13622,0.15227,0.16067,0.16033,0.15091,0.1328,0.10715,0.076317,0.046172,0.038475,0.065452,0.10089,0.13451,0.16277,0.1837,0.19624,0.20015,0.1962,0.18628,0.17369,0.16319,0.16017,0.16805,0.18599,0.2098,0.23472,0.2568,0.27328,0.28243,0.28348,0.27647,0.26223,0.24224,0.21853,0.19356,0.16996,0.15015,0.13574,0.12694,0.12266,0.060727
0.12249,0.23986,0.22491,0.20134,0.17102,0.1363,0.099777,0.064031,0.031358,0.0035143,0.018502,0.034617,0.045763,0.053759,0.060807,0.068552,0.077296,0.086059,0.093286,0.097532,0.097842,0.093882,0.085909,0.074603,0.060811,0.04522,0.028057,0.0089632,0.01285,0.038197,0.067465,0.10031,0.13556,0.17135,0.20526,0.23469,0.25705,0.27014,0.27237,0.26295,0.24203,0.21072,0.171,0.12561,0.077775,0.030954,0.011503,0.046657,0.072273,0.087071,0.090935,0.085146,0.07284,0.060171,0.056904,0.067878,0.085954,0.10287,0.11371,0.11586,0.10828,0.091163,0.065838,0.034504,0
0.19415,0.38178,0.36254,0.33155,0.29042,0.24151,0.18817,0.13593,0.0965,0.091234,0.1206,0.16078,0.19845,0.22822,0.24753,0.25514,0.25073,0.23472,0.20824,0.17308,0.13172,0.088002,0.051081,0.049399,0.081906,0.11845,0.15004,0.17368,0.18799,0.19246,0.18729,0.1733,0.15185,0.12472,0.094007,0.061957,0.030815,0.0026935,0.020785,0.03826,0.049288,0.054442,0.055941,0.058265,0.067003,0.084673,0.10938,0.13774,0.16661,0.1934,0.216,0.2328,0.24272,0.24522,0.24032,0.22855,0.21093,0.18887,0.16405,0.13827,0.11338,0.091123,0.07315,0.061172,0.028449
0,0,0,0,0,0,0,0,0,0,0,0,0,0,0,0,0,0,0,0,0,0,0,0,0,0,0,0,0,0,0,0,0,0,0,0,0,0,0,0,0,0,0,0,0,0,0,0,0,0,0,0,0,0,0,0,0,0,0,0,0,0,0,0,0
0.1264,0.23758,0.19524,0.13664,0.087965,0.096706,0.14158,0.17763,0.19011,0.1763,0.13997,0.089327,0.035874,0.019855,0.048696,0.05858,0.045751,0.013538,0.032334,0.080201,0.12064,0.1446,0.14647,0.12594,0.09198,0.076757,0.11338,0.16945,0.21752,0.24555,0.24894,0.22966,0.1973,0.17052,0.1705,0.1972,0.22995,0.25131,0.25295,0.23346,0.19648,0.14908,0.10053,0.062176,0.047135,0.053037,0.064402,0.080059,0.10391,0.13447,0.16581,0.19152,0.20675,0.20894,0.19792,0.17567,0.1459,0.11368,0.085479,0.069158,0.068959,0.078566,0.089318,0.096801,0.049711
0.067536,0.13315,0.12777,0.12012,0.11218,0.10645,0.10521,0.10928,0.11752,0.12759,0.13716,0.14448,0.14858,0.1492,0.14671,0.14199,0.13618,0.13029,0.12478,0.11923,0.11243,0.10267,0.088257,0.067895,0.040987,0.0094237,0.033789,0.077702,0.12448,0.17153,0.21622,0.2559,0.28811,0.31076,0.32235,0.32209,0.31005,0.28724,0.25571,0.21865,0.18066,0.14806,0.12828,0.12518,0.13376,0.14451,0.15009,0.14649,0.13217,0.10745,0.074588,0.041194,0.041488,0.080144,0.12364,0.16299,0.19418,0.21459,0.22264,0.21785,0.20098,0.17428,0.1421,0.11261,0.049802
0.16412,0.32375,0.31051,0.2891,0.2605,0.22598,0.1871,0.14558,0.10324,0.061929,0.023379,0.010836,0.039399,0.061319,0.075982,0.08318,0.083125,0.076429,0.064073,0.04734,0.027741,0.0069211,0.013447,0.031767,0.046624,0.056878,0.061745,0.060854,0.0543,0.042699,0.027458,0.013684,0.021084,0.040105,0.058954,0.074802,0.085956,0.09119,0.089728,0.081285,0.066098,0.044932,0.01905,0.0098476,0.039719,0.068299,0.093237,0.11224,0.12325,0.12454,0.11487,0.093593,0.060697,0.016843,0.036647,0.097846,0.16431,0.23321,0.30147,0.36594,0.42358,0.47163,0.50775,0.53015,0.26887
0.14405,0.28357,0.27029,0.24912,0.22149,0.18955,0.15634,0.12628,0.10565,0.10031,0.10921,0.12461,0.13927,0.14887,0.1511,0.14495,0.13029,0.10769,0.078293,0.043804,0.0085089,0.034544,0.072264,0.10693,0.13635,0.1588,0.17303,0.17829,0.17447,0.16209,0.14239,0.11748,0.090758,0.068311,0.060037,0.069892,0.08787,0.10456,0.11523,0.11758,0.11062,0.094498,0.070931,0.04634,0.044695,0.077402,0.12186,0.16842,0.21301,0.2528,0.28561,0.30979,0.32429,0.32866,0.32307,0.30826,0.28545,0.25625,0.22247,0.18596,0.14843,0.11132,0.075767,0.04361,0.012786
0.089698,0.17814,0.17433,0.16795,0.15892,0.14727,0.13307,0.1166,0.098411,0.079576,0.062178,0.050291,0.049229,0.058905,0.07345,0.088079,0.10007,0.10776,0.11005,0.10624,0.095978,0.079297,0.05659,0.028749,0.007582,0.040451,0.077299,0.11417,0.14924,0.18086,0.20748,0.22782,0.24089,0.24608,0.24318,0.23241,0.21443,0.19026,0.1613,0.12917,0.09577,0.063188,0.034377,0.018568,0.028385,0.042413,0.051582,0.054552,0.051445,0.043262,0.032399,0.025174,0.031311,0.047261,0.065375,0.082129,0.095652,0.10479,0.10894,0.10804,0.10262,0.093886,0.083908,0.075646,0.036183
0.10562,0.2112,0.21097,0.21018,0.20833,0.20487,0.19937,0.19149,0.18112,0.16828,0.15316,0.13606,0.11734,0.09742,0.076858,0.056563,0.038737,0.0298,0.03698,0.053416,0.071773,0.089214,0.10434,0.11624,0.12427,0.12812,0.12785,0.12397,0.11758,0.11045,0.10487,0.10317,0.10659,0.11448,0.12476,0.13502,0.14318,0.1478,0.14803,0.14369,0.13523,0.12383,0.11149,0.10111,0.096053,0.098551,0.10804,0.12182,0.137,0.1515,0.16412,0.17442,0.18252,0.18898,0.19461,0.20028,0.20669,0.21417,0.22267,0.23174,0.24067,0.24867,0.25499,0.25904,0.13022
0.097668,0.19562,0.19645,0.19769,0.19918,0.20068,0.20189,0.20249,0.20217,0.20058,0.19742,0.19243,0.18539,0.17615,0.16465,0.15092,0.13506,0.11728,0.097855,0.07715,0.055589,0.033645,0.011821,0.0093663,0.029406,0.047815,0.064155,0.078048,0.089191,0.097369,0.10246,0.10444,0.10337,0.099432,0.092864,0.083991,0.073197,0.060909,0.047581,0.033675,0.019648,0.0059311,0.0070849,0.019059,0.029713,0.038834,0.046282,0.051986,0.055945,0.058217,0.058914,0.058192,0.056236,0.053253,0.049452,0.045042,0.040214,0.035136,0.029947,0.024751,0.019618,0.014583,0.0096508,0.0048023,0
0.10167,0.20181,0.19765,0.19176,0.1844,0.17459,0.16034,0.14006,0.11411,0.08664,0.068189,0.070997,0.088233,0.10439,0.11128,0.10646,0.091072,0.06879,0.04471,0.02417,0.012517,0.016194,0.031655,0.055073,0.082601,0.10866,0.12783,0.13715,0.13901,0.14378,0.16575,0.20864,0.26231,0.31309,0.34955,0.36418,0.35419,0.32211,0.27606,0.22939,0.19753,0.18752,0.18902,0.1852,0.16606,0.13089,0.088884,0.067417,0.090877,0.12663,0.15065,0.15545,0.14057,0.11018,0.072169,0.039961,0.037543,0.053476,0.063443,0.065403,0.06627,0.073929,0.087705,0.10019,0.052543
0.028111,0.054211,0.071857,0.1195,0.17177,0.20989,0.22367,0.20868,0.16632,0.10794,0.067409,0.083872,0.1075,0.10724,0.088395,0.080813,0.12072,0.19344,0.26716,0.30913,0.29313,0.21948,0.15109,0.19476,0.25837,0.24685,0.1512,0.081396,0.18356,0.22825,0.14447,0.062128,0.33272,0.57875,0.71703,0.70338,0.55225,0.34156,0.22823,0.28114,0.30976,0.25147,0.13759,0.036013,0.067955,0.087047,0.087066,0.1154,0.15206,0.16187,0.13658,0.09438,0.096035,0.15862,0.22382,0.26097,0.25741,0.2154,0.14972,0.080043,0.040472,0.086876,0.15123,0.20199,0.11068
0.09896,0.19194,0.17379,0.1434,0.10248,0.059989,0.055468,0.098998,0.14495,0.17667,0.18788,0.17884,0.15764,0.14058,0.1424,0.1573,0.16628,0.15614,0.12414,0.080411,0.066656,0.11263,0.17135,0.22282,0.2627,0.29045,0.30485,0.30249,0.28,0.23877,0.19138,0.16692,0.18674,0.22527,0.2473,0.23388,0.18007,0.092623,0.036983,0.14237,0.24323,0.31616,0.35159,0.34736,0.30814,0.24481,0.17617,0.13728,0.15991,0.21253,0.25809,0.28149,0.27943,0.25713,0.227,0.20368,0.19254,0.18358,0.16353,0.13166,0.11233,0.13976,0.19359,0.23823,0.12752
0.081029,0.16129,0.159,0.15526,0.15017,0.14388,0.13659,0.12858,0.12016,0.11174,0.10376,0.096714,0.091043,0.087076,0.084908,0.084338,0.084905,0.086,0.086986,0.087291,0.086456,0.084148,0.080164,0.074435,0.067027,0.058173,0.048343,0.038458,0.030437,0.027717,0.032455,0.042206,0.053858,0.065669,0.076688,0.086312,0.094133,0.099877,0.1034,0.10469,0.10389,0.1013,0.097463,0.093137,0.089347,0.087288,0.088074,0.092343,0.10002,0.11043,0.12265,0.13575,0.14896,0.16166,0.1734,0.18388,0.19291,0.20042,0.20644,0.21109,0.2145,0.21689,0.21843,0.21928,0.10978
0.11713,0.23374,0.23217,0.22953,0.22576,0.22079,0.21457,0.20706,0.19824,0.18813,0.17683,0.16453,0.15151,0.13822,0.12528,0.11355,0.1041,0.098022,0.096132,0.098486,0.10431,0.11235,0.12132,0.13013,0.13794,0.14416,0.14841,0.15048,0.15033,0.14807,0.14395,0.13834,0.13175,0.12475,0.11799,0.11205,0.10741,0.10428,0.10257,0.10191,0.10175,0.1015,0.10063,0.098809,0.09588,0.091947,0.087387,0.082887,0.079436,0.078197,0.080164,0.08574,0.094592,0.10591,0.11875,0.13226,0.14573,0.15861,0.17046,0.18094,0.18981,0.19687,0.202,0.20511,0.10308
0.12661,0.24923,0.23737,0.21813,0.19225,0.16079,0.12515,0.087346,0.051696,0.03568,0.05853,0.093057,0.12698,0.15725,0.18245,0.20178,0.21478,0.22131,0.22152,0.21583,0.20488,0.18951,0.17075,0.14973,0.1277,0.10598,0.085964,0.069111,0.056773,0.049606,0.046743,0.046022,0.045317,0.04334,0.039646,0.034439,0.028521,0.023461,0.021588,0.024125,0.029447,0.035307,0.040277,0.043573,0.044804,0.043885,0.041025,0.036797,0.032295,0.029314,0.029869,0.034479,0.041745,0.049927,0.057749,0.06437,0.069253,0.072111,0.072875,0.071706,0.068996,0.065376,0.061699,0.058928,0.028947
0.13565,0.26853,0.26023,0.24654,0.22772,0.20421,0.17676,0.14657,0.11565,0.087766,0.070202,0.071426,0.088435,0.11081,0.13188,0.14832,0.15836,0.16114,0.15644,0.14474,0.12726,0.10627,0.085886,0.073285,0.076123,0.092964,0.11568,0.13812,0.15678,0.16968,0.1757,0.17443,0.16599,0.15101,0.13054,0.10596,0.078976,0.051647,0.027351,0.01834,0.031558,0.046216,0.056329,0.060619,0.058773,0.050984,0.037862,0.020686,0.009406,0.029121,0.054644,0.081182,0.10754,0.13291,0.15672,0.17859,0.19831,0.21578,0.23098,0.24391,0.25457,0.26293,0.26896,0.27261,0.13691
0.044455,0.09543,0.10926,0.12074,0.12377,0.11663,0.10128,0.082706,0.06763,0.060453,0.057951,0.05282,0.040866,0.024187,0.024105,0.05001,0.081405,0.11347,0.14578,0.17884,0.21201,0.24226,0.26434,0.27208,0.26008,0.22526,0.1683,0.096895,0.058988,0.1273,0.21445,0.28971,0.34226,0.36618,0.35967,0.32495,0.26783,0.19682,0.1223,0.057994,0.04092,0.069107,0.088423,0.09139,0.081652,0.068202,0.064584,0.07739,0.098312,0.11908,0.13662,0.15078,0.16221,0.17102,0.17634,0.17691,0.17198,0.16224,0.15026,0.14017,0.13599,0.13882,0.1458,0.15236,0.077486
0.088097,0.1891,0.20781,0.20289,0.16299,0.096444,0.039308,0.071721,0.10675,0.10992,0.089818,0.079435,0.10328,0.13413,0.15102,0.1521,0.14321,0.12712,0.10005,0.060537,0.04079,0.085507,0.1324,0.15514,0.14542,0.10669,0.056417,0.048923,0.084244,0.10202,0.088532,0.051828,0.079053,0.18145,0.30161,0.41446,0.49593,0.52471,0.48889,0.39276,0.26473,0.18141,0.22586,0.30021,0.32464,0.28321,0.19095,0.096634,0.1179,0.18779,0.21813,0.19739,0.1359,0.054628,0.033559,0.095436,0.13397,0.14687,0.13811,0.11297,0.078164,0.048539,0.052793,0.074456,0.042029
0.18935,0.31726,0.20292,0.029503,0.24346,0.42207,0.34296,0.10836,0.19702,0.26481,0.20614,0.17109,0.25427,0.18678,0.084501,0.34717,0.38609,0.24003,0.27889,0.32949,0.20629,0.18466,0.33338,0.39547,0.34542,0.20406,0.13843,0.21281,0.23431,0.19634,0.042956,0.2141,0.37731,0.33786,0.21426,0.29861,0.41325,0.37434,0.22299,0.16915,0.14429,0.31888,0.4446,0.26602,0.09715,0.31581,0.2433,0.091201,0.12637,0.042772,0.088125,0.12248,0.12873,0.13835,0.10971,0.032803,0.10592,0.1384,0.096086,0.29743,0.33461,0.089785,0.22283,0.30402,0.10714
0.15918,0.30095,0.25742,0.21664,0.21244,0.22932,0.22011,0.16197,0.06385,0.046178,0.13339,0.17538,0.1653,0.11209,0.035972,0.051741,0.11637,0.15478,0.16644,0.1616,0.1516,0.14077,0.12847,0.112,0.086859,0.059038,0.059349,0.079837,0.10574,0.17701,0.28793,0.38172,0.40605,0.35182,0.29788,0.36035,0.46015,0.47617,0.37603,0.20884,0.14633,0.2366,0.26966,0.21973,0.13502,0.10282,0.14127,0.1789,0.19073,0.16251,0.10613,0.11751,0.19114,0.22791,0.22174,0.24611,0.32877,0.38752,0.35889,0.23695,0.074547,0.13095,0.24161,0.2906,0.15024
0.035194,0.096408,0.14064,0.17392,0.1855,0.17168,0.1335,0.076241,0.017452,0.069685,0.13296,0.1803,0.2047,0.20295,0.17564,0.12705,0.064753,0.016754,0.072884,0.12566,0.16146,0.17722,0.1735,0.15365,0.12264,0.085205,0.045131,0.026003,0.073503,0.14153,0.22096,0.30606,0.38873,0.45955,0.5094,0.53106,0.52046,0.47733,0.40539,0.31182,0.20635,0.10054,0.026706,0.088246,0.14581,0.17944,0.18937,0.17959,0.15663,0.12865,0.10445,0.090855,0.087857,0.088948,0.088107,0.082884,0.073399,0.060974,0.047394,0.034882,0.026696,0.025919,0.030245,0.034668,0.018201
0.12631,0.31155,0.39176,0.39602,0.30283,0.14656,0.114,0.25206,0.336,0.33777,0.27357,0.18268,0.1129,0.088567,0.073193,0.039653,0.0059007,0.04441,0.068627,0.078817,0.085299,0.10179,0.13561,0.18215,0.22827,0.25841,0.26102,0.23434,0.18964,0.14994,0.13331,0.12497,0.0975,0.050885,0.082172,0.17415,0.25894,0.31422,0.33139,0.31443,0.27574,0.22767,0.17503,0.11694,0.059665,0.054265,0.10242,0.14507,0.17263,0.18568,0.1842,0.16587,0.13112,0.090404,0.071104,0.086656,0.1056,0.1116,0.10715,0.099934,0.092741,0.08217,0.065533,0.045762,0.01743
0.20219,0.39894,0.3829,0.35717,0.32318,0.28284,0.23843,0.19266,0.14883,0.11168,0.088764,0.087611,0.10459,0.12947,0.15616,0.18231,0.20701,0.22969,0.24964,0.26596,0.27754,0.28326,0.28214,0.2735,0.25709,0.23313,0.20237,0.16606,0.12583,0.083669,0.041798,0.0065709,0.034849,0.0644,0.087109,0.10225,0.10997,0.11129,0.10829,0.10417,0.10283,0.1073,0.1179,0.1322,0.14683,0.15881,0.16593,0.16683,0.16088,0.14816,0.12939,0.10582,0.079193,0.051867,0.028212,0.02226,0.036489,0.051438,0.061534,0.065513,0.063292,0.055571,0.043894,0.031357,0.012479
0.022896,0.046491,0.048523,0.051721,0.055866,0.060735,0.066124,0.071859,0.077789,0.083784,0.08973,0.095527,0.10109,0.10634,0.11121,0.11566,0.11966,0.12321,0.1263,0.12898,0.1313,0.13333,0.13517,0.1369,0.13864,0.14049,0.14253,0.14482,0.1474,0.15025,0.15334,0.1566,0.15991,0.16315,0.16617,0.16884,0.171,0.17254,0.17333,0.17329,0.17235,0.17048,0.16769,0.16401,0.15953,0.15437,0.14868,0.14268,0.13662,0.13076,0.12541,0.12085,0.11735,0.1151,0.11415,0.11447,0.11588,0.11811,0.12086,0.1238,0.12665,0.12913,0.13106,0.13227,0.066342
0.063953,0.12783,0.12761,0.1272,0.12661,0.12588,0.12516,0.12471,0.12488,0.12606,0.12856,0.13255,0.13791,0.14429,0.1511,0.15766,0.16326,0.16726,0.16914,0.16855,0.16534,0.15959,0.15163,0.14207,0.13174,0.12174,0.11324,0.10726,0.10425,0.10385,0.10495,0.10609,0.10582,0.10297,0.096703,0.086522,0.072261,0.054058,0.032382,0.0090818,0.021,0.048934,0.077486,0.10531,0.13129,0.15442,0.17378,0.18863,0.19841,0.20278,0.20164,0.19515,0.18375,0.16812,0.14925,0.12843,0.10732,0.088142,0.073734,0.066817,0.06771,0.073379,0.079987,0.084868,0.043318
0.013698,0.030412,0.036779,0.04236,0.044549,0.042052,0.034514,0.022368,0.0070896,0.012285,0.030382,0.047176,0.060753,0.069717,0.073247,0.071273,0.064663,0.055539,0.047713,0.04599,0.05173,0.060939,0.068966,0.072808,0.070901,0.062784,0.04891,0.030547,0.01023,0.014486,0.034476,0.051442,0.063487,0.069898,0.071223,0.069675,0.069241,0.074124,0.085325,0.099826,0.11321,0.12154,0.12187,0.11237,0.092498,0.063469,0.032634,0.041451,0.085805,0.13459,0.18055,0.21949,0.24818,0.26431,0.26668,0.25526,0.23123,0.19684,0.15529,0.11039,0.066242,0.026911,0.0046783,0.024087,0.015439
0.16127,0.3179,0.30434,0.2829,0.2554,0.22454,0.19414,0.16927,0.15543,0.15547,0.16678,0.18324,0.199,0.20999,0.21372,0.20891,0.19518,0.17293,0.14316,0.10738,0.067524,0.025873,0.016605,0.055212,0.089506,0.11741,0.13751,0.14893,0.15135,0.14506,0.13096,0.11058,0.08615,0.061063,0.041699,0.038806,0.050679,0.064181,0.072648,0.073416,0.065379,0.048401,0.023524,0.014324,0.051109,0.0935,0.13751,0.18055,0.2202,0.25423,0.2808,0.29852,0.30654,0.30465,0.29324,0.27328,0.24626,0.21409,0.1789,0.14291,0.10816,0.076304,0.048285,0.024324,0.0044357
0.1465,0.29392,0.29639,0.29958,0.30222,0.30275,0.29951,0.29096,0.27585,0.25342,0.22354,0.18671,0.14413,0.097557,0.049225,0.0016255,0.042691,0.08134,0.11231,0.13412,0.14597,0.14775,0.14008,0.12419,0.10185,0.075113,0.046219,0.017338,0.0095792,0.032949,0.051652,0.065073,0.073095,0.07604,0.074573,0.069583,0.062056,0.052951,0.043101,0.033142,0.023481,0.014301,0.0055972,0.002756,0.01093,0.019059,0.027174,0.03515,0.042691,0.049337,0.05451,0.057584,0.057966,0.055189,0.048995,0.039396,0.026718,0.011594,0.0050658,0.022141,0.038402,0.052618,0.063676,0.070691,0.036548
0.03124,0.097641,0.14659,0.17608,0.1881,0.19694,0.21045,0.22127,0.21907,0.20234,0.17893,0.16018,0.15323,0.15474,0.1531,0.13814,0.11166,0.094239,0.10056,0.10337,0.079963,0.069706,0.13705,0.21347,0.25112,0.23397,0.1834,0.16777,0.21038,0.23723,0.2067,0.1391,0.14817,0.24541,0.32241,0.34424,0.31907,0.28008,0.25725,0.2448,0.21625,0.16028,0.092092,0.07694,0.13012,0.17276,0.18263,0.16581,0.15196,0.16731,0.189,0.18149,0.13335,0.061949,0.056227,0.10879,0.13369,0.13523,0.14226,0.16447,0.17862,0.16598,0.12615,0.070658,0.013984
0.035915,0.081181,0.10307,0.12859,0.15253,0.17213,0.18581,0.19271,0.19251,0.18535,0.17177,0.15263,0.12907,0.10242,0.074091,0.045588,0.018795,0.011114,0.031513,0.049714,0.063912,0.073914,0.079953,0.082584,0.082627,0.081089,0.079046,0.077456,0.076953,0.077702,0.07944,0.081675,0.083902,0.085759,0.087061,0.087778,0.087969,0.087707,0.087028,0.085896,0.084216,0.081877,0.078803,0.075007,0.07063,0.065953,0.06137,0.057318,0.054157,0.052021,0.050737,0.049873,0.048887,0.047291,0.044753,0.041133,0.036485,0.031031,0.025136,0.019277,0.014043,0.010126,0.0081071,0.0076765,0.0038581
0.099345,0.1972,0.19277,0.18549,0.1755,0.16303,0.14832,0.13169,0.11349,0.094126,0.074051,0.053814,0.034278,0.018119,0.017191,0.030922,0.046283,0.060449,0.072664,0.082552,0.089878,0.094499,0.096349,0.095439,0.091856,0.085768,0.077431,0.067215,0.055664,0.043678,0.033051,0.027552,0.031032,0.041229,0.053898,0.066772,0.078717,0.089028,0.097197,0.10283,0.10561,0.10533,0.10182,0.095035,0.085002,0.071869,0.055972,0.038141,0.021839,0.023147,0.043909,0.069869,0.097627,0.12609,0.15454,0.18237,0.20901,0.23392,0.25662,0.27665,0.29361,0.30717,0.31705,0.32305,0.16254
0.10635,0.21229,0.21107,0.20902,0.2061,0.20231,0.19759,0.19194,0.18532,0.17776,0.16926,0.15988,0.14971,0.13886,0.12751,0.11588,0.10423,0.092902,0.082296,0.072882,0.065172,0.059634,0.056538,0.055809,0.057025,0.059612,0.063068,0.067084,0.07156,0.076561,0.082246,0.088786,0.096293,0.10476,0.11405,0.12391,0.13395,0.14374,0.1528,0.16064,0.16679,0.17079,0.17226,0.17085,0.16633,0.15852,0.14735,0.13286,0.11518,0.094532,0.071259,0.045776,0.018589,0.0098575,0.038719,0.067515,0.095551,0.12217,0.14673,0.16863,0.18735,0.20242,0.21346,0.22019,0.11123
0.0060436,0.0036626,0.024048,0.060873,0.10019,0.13338,0.15401,0.16022,0.15661,0.15421,0.16373,0.18411,0.20367,0.21061,0.1984,0.16672,0.12117,0.07418,0.052779,0.071126,0.093103,0.10389,0.10579,0.10704,0.1129,0.11927,0.11757,0.10386,0.088256,0.10186,0.1535,0.21833,0.27649,0.31508,0.32624,0.30722,0.26052,0.19378,0.1212,0.077068,0.10485,0.15464,0.19196,0.20936,0.20695,0.18844,0.15972,0.128,0.10114,0.085474,0.08062,0.079095,0.074614,0.067953,0.069005,0.087983,0.12018,0.15451,0.1818,0.19533,0.19088,0.16712,0.126,0.073854,0.018402
0.25606,0.48086,0.39439,0.27383,0.15558,0.11096,0.1537,0.18825,0.18916,0.16591,0.14032,0.13152,0.13885,0.15353,0.17701,0.2119,0.24969,0.27503,0.27521,0.24527,0.1891,0.1186,0.056978,0.059844,0.096765,0.1199,0.12601,0.12102,0.11231,0.10468,0.099277,0.095348,0.091501,0.085412,0.074394,0.057462,0.037909,0.028943,0.043429,0.068571,0.099913,0.13835,0.18145,0.22241,0.25274,0.26536,0.25689,0.22849,0.18547,0.1361,0.091293,0.067716,0.076894,0.10037,0.12109,0.13246,0.13237,0.12235,0.10802,0.098256,0.099287,0.10825,0.11802,0.12441,0.063259
0.1465,0.28431,0.25901,0.21945,0.16928,0.11327,0.057681,0.024344,0.055036,0.088467,0.10996,0.11766,0.11197,0.094779,0.069162,0.039444,0.017047,0.032578,0.056133,0.073977,0.084044,0.086236,0.081697,0.07269,0.062741,0.056985,0.06074,0.075103,0.097325,0.12473,0.15534,0.1871,0.21754,0.2438,0.26295,0.27238,0.27011,0.25518,0.22773,0.18911,0.14179,0.089102,0.034928,0.016666,0.061851,0.09742,0.12109,0.13174,0.12946,0.11559,0.092542,0.063872,0.035545,0.026345,0.045744,0.067574,0.083857,0.092886,0.094647,0.0901,0.08084,0.068869,0.05651,0.046631,0.021345
0.11667,0.23435,0.23719,0.24141,0.24628,0.25091,0.25428,0.25538,0.25323,0.24698,0.23596,0.21975,0.19818,0.17144,0.14008,0.10514,0.068806,0.03871,0.042803,0.07603,0.11369,0.14979,0.18218,0.20958,0.23112,0.24632,0.25499,0.25726,0.25354,0.24452,0.23105,0.21419,0.19509,0.17494,0.15499,0.13645,0.12045,0.10794,0.099473,0.094995,0.09381,0.094823,0.096896,0.099082,0.10069,0.10126,0.10051,0.098326,0.094728,0.089858,0.083972,0.077423,0.070622,0.063985,0.057859,0.052436,0.047691,0.043385,0.039149,0.034604,0.029486,0.023717,0.017498,0.011595,0.004297
0.090265,0.18013,0.1789,0.17677,0.17362,0.16934,0.16381,0.15695,0.14876,0.13932,0.12884,0.11766,0.10635,0.095672,0.086658,0.080478,0.078104,0.079789,0.084862,0.092087,0.10018,0.10809,0.11506,0.12055,0.12427,0.12608,0.126,0.12419,0.12095,0.11669,0.11193,0.10723,0.10317,0.10021,0.098651,0.098514,0.099566,0.10139,0.10351,0.10548,0.10696,0.10775,0.10781,0.10726,0.10635,0.10544,0.10494,0.10525,0.10667,0.10931,0.1131,0.11779,0.12303,0.12843,0.13363,0.13832,0.14231,0.14547,0.1478,0.14935,0.15026,0.1507,0.15085,0.15087,0.075429
0.018348,0.037678,0.040403,0.044347,0.048921,0.053616,0.058032,0.061866,0.064882,0.066903,0.067793,0.067453,0.065819,0.062853,0.05855,0.052927,0.046028,0.037921,0.028693,0.018453,0.0073276,0.0045442,0.017006,0.029897,0.043044,0.056272,0.069404,0.082265,0.094683,0.10649,0.11754,0.12767,0.13677,0.14471,0.15141,0.15677,0.16074,0.16329,0.16439,0.16405,0.16228,0.15914,0.15469,0.14901,0.14219,0.13435,0.12562,0.11614,0.10605,0.095511,0.084695,0.07377,0.062913,0.05231,0.042162,0.032709,0.024277,0.017427,0.013202,0.01262,0.014723,0.017543,0.019968,0.021542,0.011042
0,0,0,0,0,0,0,0,0,0,0,0,0,0,0,0,0,0,0,0,0,0,0,0,0,0,0,0,0,0,0,0,0,0,0,0,0,0,0,0,0,0,0,0,0,0,0,0,0,0,0,0,0,0,0,0,0,0,0,0,0,0,0,0,0
0.074534,0.15032,0.15388,0.15931,0.16591,0.17294,0.17962,0.18524,0.18918,0.19093,0.19011,0.18649,0.18,0.17076,0.15904,0.14528,0.13012,0.1143,0.098745,0.084471,0.072564,0.064,0.059318,0.058328,0.060284,0.064473,0.070607,0.078778,0.089175,0.1018,0.11632,0.13213,0.14837,0.16412,0.17842,0.19038,0.19921,0.20428,0.20518,0.20168,0.19379,0.18176,0.16604,0.14733,0.12652,0.10474,0.0835,0.064892,0.052044,0.048195,0.05281,0.061456,0.070352,0.077558,0.082246,0.084176,0.083447,0.080371,0.075407,0.069112,0.062127,0.055177,0.049106,0.044863,0.021662
0.034124,0.088184,0.12545,0.1582,0.17794,0.18162,0.16949,0.1443,0.11069,0.074282,0.040863,0.01583,0.0074132,0.0097094,0.01173,0.023721,0.041871,0.059723,0.072737,0.078091,0.07506,0.065319,0.053086,0.044538,0.043386,0.045478,0.044315,0.036808,0.023614,0.011909,0.021313,0.036644,0.048072,0.054535,0.05863,0.065302,0.077664,0.093828,0.10929,0.12017,0.12466,0.12344,0.11938,0.11636,0.11674,0.1195,0.12121,0.11853,0.10991,0.095956,0.079013,0.062385,0.048936,0.039187,0.030769,0.021024,0.011409,0.015903,0.030151,0.043597,0.05315,0.057765,0.058091,0.05633,0.027644
0.15463,0.30742,0.30184,0.2923,0.27854,0.26031,0.23756,0.21045,0.17946,0.14538,0.10934,0.072792,0.037853,0.014141,0.032502,0.056506,0.075605,0.08857,0.095256,0.096255,0.092951,0.087634,0.083423,0.083426,0.08895,0.098554,0.10927,0.11816,0.12293,0.12203,0.11462,0.10053,0.08038,0.056136,0.034893,0.039472,0.068703,0.10374,0.13861,0.17073,0.19838,0.2203,0.23568,0.24406,0.24537,0.2399,0.22816,0.2109,0.18898,0.16331,0.1348,0.10439,0.073299,0.044258,0.029536,0.04677,0.07632,0.10739,0.13736,0.16494,0.18909,0.20893,0.22369,0.2328,0.11794
0.12631,0.304,0.37168,0.36442,0.26153,0.092957,0.10862,0.25407,0.32338,0.3068,0.2295,0.1449,0.11821,0.13,0.12027,0.088432,0.07124,0.087646,0.10498,0.11098,0.1149,0.1306,0.16325,0.204,0.23502,0.23795,0.20279,0.13379,0.050149,0.03708,0.089972,0.13032,0.18511,0.26325,0.34046,0.38705,0.38575,0.33688,0.25594,0.16565,0.086954,0.044906,0.072081,0.11868,0.1593,0.18395,0.18837,0.1748,0.14865,0.11324,0.068686,0.017522,0.041713,0.088511,0.1169,0.12087,0.10261,0.07208,0.045907,0.046406,0.071948,0.10829,0.14689,0.17688,0.094105
0.13993,0.27932,0.27768,0.27491,0.27094,0.26571,0.25913,0.25112,0.24165,0.23069,0.21827,0.20446,0.18943,0.17342,0.15677,0.13996,0.12362,0.10857,0.095813,0.086453,0.081346,0.080598,0.083354,0.088192,0.093706,0.098814,0.10281,0.10531,0.10622,0.10564,0.10391,0.10154,0.099179,0.097506,0.097129,0.0984,0.10132,0.10552,0.11041,0.1153,0.11954,0.12256,0.12394,0.1234,0.12083,0.11627,0.10993,0.10223,0.093787,0.085513,0.078602,0.074423,0.074109,0.077976,0.085359,0.09507,0.10593,0.11698,0.12753,0.13708,0.14526,0.15184,0.15665,0.15957,0.080275
0.0050946,0.0097626,0.008568,0.0069665,0.0060289,0.0074513,0.011175,0.016135,0.021728,0.027609,0.033514,0.039209,0.044471,0.049092,0.052876,0.055647,0.05725,0.057561,0.056489,0.053988,0.050069,0.044826,0.038499,0.031632,0.025509,0.022878,0.026595,0.035799,0.048046,0.061857,0.076455,0.09134,0.10613,0.12049,0.13413,0.14678,0.15818,0.16811,0.17638,0.18284,0.18736,0.18985,0.19028,0.18864,0.18499,0.1794,0.17202,0.16302,0.15262,0.14111,0.12879,0.11603,0.10328,0.091031,0.079885,0.070507,0.063558,0.059487,0.058258,0.059271,0.061602,0.064337,0.066761,0.068395,0.034484
0.10609,0.21015,0.20408,0.19388,0.17954,0.16115,0.13904,0.11386,0.08671,0.059504,0.036768,0.031013,0.045295,0.063523,0.078678,0.088477,0.091985,0.089014,0.080082,0.066709,0.052508,0.045799,0.055749,0.078512,0.10632,0.13499,0.16223,0.18654,0.20684,0.22234,0.23251,0.23703,0.23577,0.22883,0.2165,0.19928,0.1779,0.15334,0.12688,0.10019,0.075649,0.057121,0.049863,0.054744,0.065327,0.075837,0.083566,0.087492,0.087421,0.083639,0.076731,0.067464,0.056692,0.04527,0.033982,0.023486,0.014272,0.0066473,0.00074875,0.003534,0.0063156,0.0079155,0.0086805,0.0089583,0.0045084
0,0,0,0,0,0,0,0,0,0,0,0,0,0,0,0,0,0,0,0,0,0,0,0,0,0,0,0,0,0,0,0,0,0,0,0,0,0,0,0,0,0,0,0,0,0,0,0,0,0,0,0,0,0,0,0,0,0,0,0,0,0,0,0,0
0.10218,0.18943,0.14897,0.095618,0.053605,0.055867,0.071809,0.071324,0.055369,0.042374,0.05271,0.068211,0.071195,0.058916,0.03834,0.025322,0.02672,0.021987,0.015571,0.048536,0.092784,0.13053,0.14932,0.14198,0.10965,0.066628,0.057837,0.09135,0.11381,0.10554,0.064111,0.021097,0.093878,0.17206,0.2306,0.25798,0.25078,0.21408,0.16033,0.10762,0.077235,0.074441,0.075976,0.067708,0.050809,0.031958,0.018082,0.016468,0.02672,0.039274,0.045881,0.039037,0.01437,0.029572,0.084452,0.14117,0.18717,0.21117,0.20622,0.1718,0.11435,0.046077,0.018767,0.063947,0.040174
0.033525,0.064981,0.081312,0.13071,0.18787,0.22884,0.23902,0.21405,0.16033,0.095671,0.059793,0.081801,0.10309,0.10008,0.079529,0.073854,0.11114,0.16663,0.21996,0.26103,0.28179,0.27528,0.23925,0.18355,0.14365,0.16386,0.21011,0.22742,0.18917,0.090668,0.06221,0.23038,0.38808,0.50012,0.54195,0.50476,0.39816,0.24982,0.11503,0.12942,0.20611,0.23458,0.20558,0.13546,0.068751,0.099998,0.16044,0.19344,0.19259,0.16459,0.12289,0.088936,0.093365,0.13172,0.17539,0.20896,0.22512,0.2225,0.2057,0.18298,0.16098,0.13993,0.11624,0.091354,0.039446
0.13167,0.29517,0.34168,0.34006,0.27159,0.16268,0.12336,0.20886,0.27912,0.2926,0.25517,0.19383,0.14162,0.11705,0.11398,0.12446,0.13842,0.13433,0.094354,0.030297,0.10463,0.21183,0.29442,0.33242,0.32203,0.27644,0.22217,0.18744,0.17662,0.16434,0.12664,0.065974,0.1058,0.2392,0.37751,0.4818,0.52102,0.47874,0.36065,0.1976,0.070976,0.1403,0.18783,0.14919,0.039027,0.12441,0.26918,0.36062,0.37073,0.29883,0.17858,0.12922,0.22865,0.31913,0.34933,0.31597,0.23566,0.13507,0.05208,0.070995,0.11379,0.13051,0.12325,0.10421,0.046704
0.040151,0.077864,0.070692,0.05924,0.04443,0.028571,0.020774,0.033355,0.054712,0.077603,0.099826,0.12018,0.13779,0.15204,0.16249,0.16897,0.17147,0.17024,0.1657,0.15847,0.1493,0.13904,0.12859,0.11874,0.11014,0.1031,0.097554,0.093093,0.089122,0.085048,0.080439,0.075128,0.069255,0.063292,0.058026,0.05444,0.053382,0.055085,0.058993,0.064097,0.069379,0.074036,0.07752,0.079511,0.079877,0.07865,0.075998,0.072198,0.067616,0.062677,0.057827,0.053481,0.049954,0.047388,0.045719,0.044706,0.044026,0.04338,0.042556,0.041469,0.040154,0.038758,0.037498,0.036613,0.018147
0.15803,0.31235,0.30139,0.2836,0.25975,0.2309,0.19849,0.16446,0.13152,0.10384,0.087464,0.086889,0.098603,0.1146,0.12905,0.13882,0.14231,0.13887,0.12849,0.11174,0.089821,0.064913,0.042288,0.037024,0.055914,0.082234,0.10762,0.12892,0.14439,0.15293,0.15391,0.14719,0.13308,0.11236,0.086302,0.057002,0.030054,0.030106,0.057192,0.08672,0.11308,0.13412,0.14851,0.15543,0.15453,0.14596,0.13049,0.10976,0.087,0.069278,0.068694,0.088934,0.12024,0.15477,0.18862,0.21967,0.24666,0.26896,0.28636,0.29912,0.30779,0.31318,0.31618,0.31759,0.15899
0.14744,0.29308,0.28772,0.27887,0.26672,0.25161,0.23412,0.21511,0.19574,0.17748,0.16195,0.1505,0.14374,0.14111,0.14105,0.14167,0.14142,0.13949,0.13596,0.13182,0.12881,0.12887,0.13326,0.14175,0.1527,0.16369,0.1723,0.17642,0.17448,0.16544,0.14886,0.12486,0.094092,0.05776,0.018178,0.027365,0.070026,0.11136,0.14893,0.18081,0.20539,0.22144,0.22819,0.22533,0.21304,0.192,0.16331,0.12843,0.08915,0.047586,0.0099134,0.037932,0.075184,0.10788,0.13436,0.15354,0.16474,0.16769,0.16247,0.14957,0.12984,0.10449,0.075292,0.045592,0.014183
0.095822,0.18629,0.1712,0.14917,0.12438,0.10072,0.079145,0.057228,0.036859,0.04459,0.082262,0.12348,0.15464,0.16725,0.1583,0.13353,0.11284,0.12377,0.16006,0.19334,0.20553,0.18976,0.14967,0.10523,0.10316,0.14634,0.18361,0.18635,0.14337,0.067328,0.11428,0.2613,0.41006,0.52894,0.59539,0.59737,0.53591,0.42501,0.28833,0.15338,0.04746,0.048786,0.095696,0.13957,0.18815,0.22974,0.24482,0.22038,0.1562,0.065413,0.031578,0.10578,0.13985,0.12529,0.076426,0.080364,0.16012,0.22803,0.25276,0.22513,0.15619,0.094459,0.13029,0.19456,0.11031
0.032082,0.067704,0.073263,0.07227,0.060347,0.043588,0.052913,0.094621,0.14341,0.18527,0.21093,0.21442,0.19368,0.15097,0.092626,0.028734,0.037373,0.086889,0.11968,0.1337,0.1315,0.11806,0.098239,0.077567,0.074761,0.11605,0.19084,0.27996,0.36696,0.43558,0.47134,0.46426,0.41117,0.31688,0.19369,0.059429,0.065735,0.16279,0.21778,0.22431,0.18523,0.1148,0.065394,0.12649,0.20602,0.26124,0.28167,0.26776,0.22904,0.18366,0.15593,0.15876,0.17617,0.18746,0.18442,0.16821,0.14429,0.11829,0.093319,0.070233,0.051564,0.045554,0.054597,0.06635,0.035609
0,0,0,0,0,0,0,0,0,0,0,0,0,0,0,0,0,0,0,0,0,0,0,0,0,0,0,0,0,0,0,0,0,0,0,0,0,0,0,0,0,0,0,0,0,0,0,0,0,0,0,0,0,0,0,0,0,0,0,0,0,0,0,0,0
0.12661,0.25035,0.24185,0.22814,0.2099,0.18811,0.16401,0.13922,0.11584,0.096614,0.084698,0.081968,0.08688,0.095506,0.10428,0.11095,0.11432,0.11388,0.10961,0.10184,0.091162,0.078448,0.064826,0.051796,0.041411,0.03607,0.036615,0.040794,0.04557,0.04902,0.050237,0.048948,0.045317,0.039899,0.033718,0.028456,0.026345,0.028518,0.03352,0.039048,0.043421,0.045585,0.044902,0.041044,0.033984,0.024171,0.013906,0.015176,0.030397,0.049376,0.069523,0.089709,0.10907,0.12686,0.14248,0.15546,0.16552,0.1726,0.17684,0.17863,0.17851,0.17723,0.17555,0.17419,0.08684
0.15019,0.29564,0.28169,0.25935,0.23001,0.19565,0.15909,0.12446,0.098262,0.088698,0.097191,0.11467,0.1321,0.1445,0.14939,0.14571,0.13333,0.11276,0.085135,0.052011,0.015304,0.022855,0.060232,0.094657,0.12414,0.14702,0.16204,0.16852,0.16634,0.1561,0.13913,0.11769,0.095405,0.077976,0.072325,0.079824,0.09358,0.10629,0.11352,0.11284,0.1032,0.084685,0.059107,0.035226,0.045717,0.085756,0.13274,0.18035,0.22529,0.26498,0.29734,0.32081,0.33439,0.33768,0.33089,0.31482,0.29072,0.26023,0.22521,0.1875,0.14881,0.11045,0.07331,0.038074,0.0066413
0.12631,0.29575,0.36006,0.36883,0.29645,0.15878,0.078067,0.2145,0.3209,0.35027,0.30309,0.20743,0.11501,0.092799,0.10406,0.081508,0.025277,0.042376,0.094938,0.11991,0.12015,0.11206,0.11568,0.14236,0.18917,0.24034,0.27316,0.26899,0.22514,0.16415,0.1334,0.14164,0.13234,0.08215,0.081813,0.18892,0.29004,0.34512,0.34286,0.29648,0.23736,0.19434,0.16373,0.1194,0.050907,0.030068,0.10095,0.14458,0.15762,0.15419,0.15436,0.15979,0.15446,0.13021,0.099828,0.091514,0.10396,0.10775,0.095531,0.086903,0.099568,0.11299,0.10361,0.067929,0.01743
0,0,0,0,0,0,0,0,0,0,0,0,0,0,0,0,0,0,0,0,0,0,0,0,0,0,0,0,0,0,0,0,0,0,0,0,0,0,0,0,0,0,0,0,0,0,0,0,0,0,0,0,0,0,0,0,0,0,0,0,0,0,0,0,0
0.0046507,0.069495,0.12925,0.174,0.20095,0.21055,0.20457,0.18443,0.15143,0.10912,0.068515,0.059254,0.08722,0.11886,0.1436,0.16295,0.17958,0.19169,0.19328,0.17858,0.14574,0.097771,0.041845,0.02333,0.072611,0.11147,0.13059,0.12263,0.082248,0.023947,0.10857,0.23344,0.35987,0.46675,0.53599,0.55651,0.52699,0.4564,0.36208,0.26651,0.19295,0.15504,0.14113,0.12729,0.10317,0.075972,0.070339,0.09391,0.11866,0.12498,0.10565,0.06922,0.072251,0.13669,0.20494,0.25049,0.26046,0.23188,0.17179,0.09795,0.060337,0.10567,0.15676,0.18902,0.099868
0.17676,0.34431,0.31788,0.2778,0.23025,0.18452,0.15314,0.14588,0.15748,0.17254,0.17944,0.1728,0.15182,0.11948,0.0843,0.067861,0.089652,0.12783,0.163,0.18737,0.19784,0.19437,0.17994,0.16088,0.14688,0.14713,0.16225,0.18391,0.20306,0.21428,0.21637,0.21241,0.20941,0.21606,0.23705,0.26927,0.30458,0.33435,0.35168,0.35196,0.33303,0.29504,0.24043,0.17385,0.10345,0.055199,0.086123,0.14314,0.19169,0.2244,0.23882,0.23488,0.21453,0.18145,0.14114,0.10176,0.076809,0.07951,0.099674,0.12041,0.13473,0.14148,0.14243,0.14082,0.069916
0.14072,0.2783,0.26896,0.25373,0.23318,0.20813,0.1798,0.14995,0.12129,0.098052,0.086,0.08838,0.10098,0.11657,0.12998,0.13827,0.13985,0.13401,0.12075,0.10078,0.075697,0.049258,0.034643,0.050997,0.0814,0.11267,0.14053,0.16269,0.17758,0.18423,0.18216,0.17144,0.15268,0.12701,0.096206,0.063212,0.036242,0.040337,0.068867,0.099569,0.12655,0.14759,0.16147,0.16762,0.16593,0.15686,0.14134,0.12097,0.098404,0.078523,0.069983,0.079829,0.10359,0.13337,0.16463,0.19513,0.22367,0.24956,0.2724,0.29196,0.3081,0.32073,0.32978,0.33523,0.16853
0.17076,0.33564,0.31843,0.29117,0.25585,0.21506,0.17182,0.12937,0.091049,0.060397,0.041095,0.03423,0.033913,0.034895,0.038994,0.050536,0.069505,0.092467,0.11571,0.136,0.15069,0.15782,0.15621,0.14571,0.12745,0.10449,0.083684,0.07757,0.093788,0.12332,0.15533,0.18354,0.20429,0.21539,0.21572,0.20513,0.18438,0.15509,0.11975,0.082166,0.050178,0.044051,0.0662,0.092229,0.11263,0.12437,0.12642,0.11895,0.10343,0.083348,0.066737,0.067936,0.091205,0.12544,0.16217,0.19712,0.22789,0.25316,0.27238,0.28567,0.29378,0.29786,0.29933,0.29955,0.14975
0.10278,0.20515,0.20385,0.20147,0.19769,0.19219,0.18466,0.17487,0.16274,0.14832,0.13187,0.11381,0.094757,0.075527,0.057206,0.041374,0.030589,0.027681,0.031227,0.036529,0.040794,0.04321,0.044042,0.044272,0.045319,0.04847,0.054176,0.061897,0.070623,0.07941,0.087663,0.095241,0.10248,0.11009,0.11899,0.12987,0.14298,0.15788,0.17357,0.18865,0.20158,0.21085,0.21511,0.21328,0.20463,0.18884,0.16604,0.1368,0.10212,0.063484,0.023541,0.023105,0.062237,0.099209,0.13116,0.15636,0.17351,0.18176,0.18081,0.17088,0.15287,0.12846,0.10059,0.07499,0.03165
0.16127,0.3179,0.30434,0.2829,0.2554,0.22454,0.19414,0.16927,0.15543,0.15547,0.16678,0.18324,0.199,0.20999,0.21372,0.20891,0.19518,0.17293,0.14316,0.10738,0.067524,0.025873,0.016605,0.055212,0.089506,0.11741,0.13751,0.14893,0.15135,0.14506,0.13096,0.11058,0.08615,0.061063,0.041699,0.038806,0.050679,0.064181,0.072648,0.073416,0.065379,0.048401,0.023524,0.014324,0.051109,0.0935,0.13751,0.18055,0.2202,0.25423,0.2808,0.29852,0.30654,0.30465,0.29324,0.27328,0.24626,0.21409,0.1789,0.14291,0.10816,0.076304,0.048285,0.024324,0.0044357
0.19415,0.38178,0.36254,0.33155,0.29042,0.24151,0.18817,0.13593,0.0965,0.091234,0.1206,0.16078,0.19845,0.22822,0.24753,0.25514,0.25073,0.23472,0.20824,0.17308,0.13172,0.088002,0.051081,0.049399,0.081906,0.11845,0.15004,0.17368,0.18799,0.19246,0.18729,0.1733,0.15185,0.12472,0.094007,0.061957,0.030815,0.0026935,0.020785,0.03826,0.049288,0.054442,0.055941,0.058265,0.067003,0.084673,0.10938,0.13774,0.16661,0.1934,0.216,0.2328,0.24272,0.24522,0.24032,0.22855,0.21093,0.18887,0.16405,0.13827,0.11338,0.091123,0.07315,0.061172,0.028449
0.058222,0.11626,0.1157,0.11471,0.11322,0.11116,0.10849,0.10522,0.10139,0.097158,0.092728,0.088372,0.084388,0.081049,0.078534,0.076865,0.075879,0.07525,0.074556,0.073352,0.071242,0.06792,0.063204,0.057055,0.049619,0.041301,0.032987,0.026565,0.025171,0.030184,0.03914,0.049409,0.059497,0.068525,0.075905,0.081223,0.084203,0.084717,0.082809,0.078737,0.073067,0.066819,0.061656,0.059844,0.06338,0.072619,0.08629,0.10268,0.12036,0.13824,0.15549,0.17148,0.18574,0.19793,0.20785,0.21541,0.22066,0.22378,0.22507,0.22492,0.2238,0.22221,0.22065,0.21952,0.10956
0.0059264,0.011387,0.054741,0.11633,0.17697,0.22124,0.2414,0.24116,0.23525,0.23925,0.25338,0.26299,0.2542,0.22286,0.17421,0.11881,0.067309,0.027046,0.017935,0.039824,0.059192,0.074279,0.092645,0.1253,0.1711,0.21589,0.24257,0.23821,0.19844,0.12943,0.047035,0.027644,0.071982,0.070944,0.020408,0.075997,0.19389,0.30957,0.39613,0.43269,0.40933,0.32936,0.2084,0.070621,0.058499,0.15366,0.20128,0.1977,0.15181,0.089117,0.081786,0.14093,0.19245,0.2144,0.20317,0.16349,0.10493,0.039159,0.026936,0.079711,0.1196,0.14584,0.16079,0.16786,0.084925
0.16741,0.32992,0.31553,0.29266,0.26304,0.22924,0.19493,0.16528,0.14665,0.14369,0.15464,0.1726,0.19071,0.20433,0.21072,0.20849,0.19722,0.17725,0.14957,0.11568,0.077503,0.037496,0.010183,0.043647,0.077298,0.10516,0.12566,0.13787,0.1415,0.13683,0.12484,0.10716,0.086258,0.065934,0.052144,0.050794,0.059067,0.068589,0.073798,0.071956,0.061908,0.04376,0.020927,0.026574,0.063166,0.10568,0.1498,0.19276,0.2321,0.2656,0.29143,0.30822,0.31518,0.31212,0.29947,0.27827,0.25007,0.21683,0.18075,0.14415,0.1092,0.077742,0.051102,0.030573,0.01058
0.097685,0.19841,0.20317,0.20041,0.18243,0.14642,0.095491,0.041996,0.045427,0.089126,0.11825,0.12405,0.10715,0.076656,0.055783,0.067769,0.086418,0.087247,0.0641,0.030504,0.060917,0.11837,0.16227,0.17713,0.1545,0.093582,0.005516,0.10969,0.22163,0.31836,0.3867,0.41954,0.41673,0.38407,0.33074,0.26594,0.19627,0.12529,0.055575,0.011651,0.063304,0.097313,0.1061,0.087687,0.046218,0.01745,0.071541,0.11699,0.13933,0.13311,0.1019,0.066065,0.07653,0.12148,0.15652,0.16592,0.14712,0.10762,0.068204,0.066606,0.090811,0.10176,0.087687,0.050579,1.3878e-17
0.15019,0.29564,0.28169,0.25935,0.23001,0.19565,0.15909,0.12446,0.098262,0.088698,0.097191,0.11467,0.1321,0.1445,0.14939,0.14571,0.13333,0.11276,0.085135,0.052011,0.015304,0.022855,0.060232,0.094657,0.12414,0.14702,0.16204,0.16852,0.16634,0.1561,0.13913,0.11769,0.095405,0.077976,0.072325,0.079824,0.09358,0.10629,0.11352,0.11284,0.1032,0.084685,0.059107,0.035226,0.045717,0.085756,0.13274,0.18035,0.22529,0.26498,0.29734,0.32081,0.33439,0.33768,0.33089,0.31482,0.29072,0.26023,0.22521,0.1875,0.14881,0.11045,0.07331,0.038074,0.0066413
0.076601,0.16843,0.20294,0.23871,0.26382,0.27186,0.26015,0.22879,0.18008,0.11809,0.048076,0.025594,0.094973,0.15712,0.20827,0.24649,0.27153,0.28455,0.28771,0.28347,0.27383,0.25983,0.24143,0.21791,0.18864,0.1537,0.11447,0.074202,0.041357,0.039631,0.062743,0.084466,0.098581,0.10561,0.11,0.11884,0.13762,0.16582,0.19823,0.22866,0.25181,0.26386,0.26261,0.24756,0.21985,0.18203,0.13777,0.091478,0.04803,0.015989,0.024882,0.039687,0.04315,0.034867,0.017874,0.018665,0.048512,0.082271,0.11505,0.14417,0.16799,0.18586,0.19789,0.20469,0.10344
0.00076294,0.071718,0.13599,0.18636,0.21803,0.22852,0.21791,0.18881,0.14621,0.097707,0.057807,0.057827,0.088688,0.11893,0.14031,0.15205,0.15582,0.15408,0.14895,0.1415,0.13176,0.11924,0.10343,0.083944,0.06037,0.032325,0.012174,0.048518,0.097083,0.15126,0.20746,0.26108,0.30701,0.34045,0.3577,0.3568,0.33795,0.30356,0.25805,0.20758,0.16007,0.12562,0.11374,0.12281,0.14044,0.15643,0.16534,0.16419,0.15135,0.12683,0.093716,0.064154,0.069727,0.11003,0.15635,0.19565,0.22176,0.23174,0.22531,0.20457,0.17347,0.137,0.10055,0.070395,0.028635
0.10403,0.20688,0.2034,0.19765,0.18972,0.17975,0.16789,0.15433,0.13929,0.12302,0.1058,0.087927,0.069712,0.051481,0.033565,0.016297,0,0.015015,0.028458,0.040068,0.049622,0.056934,0.061869,0.064345,0.064336,0.061876,0.057059,0.050042,0.041039,0.030325,0.018238,0.0053379,0.0090294,0.022894,0.036609,0.049636,0.061514,0.071799,0.080082,0.085985,0.089183,0.089406,0.08645,0.080181,0.070543,0.057561,0.04134,0.022065,0,0.024519,0.05109,0.079253,0.1085,0.13828,0.16804,0.19718,0.22514,0.25135,0.27527,0.29643,0.31437,0.32873,0.33921,0.34559,0.17386
0.01382,0.037536,0.056305,0.074454,0.088171,0.095142,0.093875,0.083873,0.065999,0.043354,0.026558,0.037389,0.060682,0.080967,0.093684,0.0973,0.092162,0.080183,0.064451,0.048701,0.036685,0.031247,0.033065,0.040973,0.053027,0.066132,0.076158,0.078822,0.070827,0.051746,0.033594,0.057581,0.10892,0.16554,0.21795,0.2587,0.28186,0.28362,0.26281,0.22116,0.16312,0.095258,0.025738,0.039511,0.0906,0.12399,0.13704,0.13005,0.10612,0.070862,0.034473,0.033108,0.064021,0.091376,0.10968,0.1193,0.12277,0.12295,0.12126,0.11682,0.10731,0.090611,0.066134,0.035215,0.0026004
0.039633,0.061022,0.017721,0.071409,0.15435,0.23092,0.28799,0.3185,0.32215,0.30446,0.27377,0.23743,0.19887,0.1581,0.11515,0.073471,0.041906,0.032363,0.034359,0.032676,0.036293,0.053992,0.073256,0.081191,0.071015,0.042952,0.017014,0.050818,0.083476,0.093556,0.072906,0.029332,0.075777,0.171,0.26576,0.34058,0.38032,0.37632,0.32823,0.24435,0.14154,0.060925,0.10299,0.16761,0.20241,0.20308,0.17718,0.14227,0.12459,0.13727,0.16069,0.17384,0.1686,0.1456,0.11046,0.071337,0.037748,0.023402,0.029849,0.037419,0.044802,0.055727,0.068867,0.079453,0.041735
0.15551,0.30655,0.29333,0.27205,0.24385,0.21029,0.17331,0.13511,0.098027,0.064345,0.036194,0.016074,0.010235,0.013828,0.013859,0.0089472,0.0018777,0.012591,0.026821,0.042828,0.060314,0.078821,0.097342,0.11416,0.12696,0.13319,0.13054,0.11758,0.094644,0.06651,0.053563,0.081672,0.1298,0.17966,0.22276,0.25328,0.26701,0.26142,0.23588,0.19181,0.13253,0.063112,0.014983,0.08458,0.14861,0.19963,0.23393,0.24986,0.24792,0.23068,0.20249,0.16897,0.13627,0.11013,0.094581,0.091223,0.10072,0.12384,0.15959,0.20423,0.2523,0.29778,0.33501,0.35937,0.18392
0.00059742,0.035558,0.062234,0.072192,0.059432,0.021669,0.037355,0.098917,0.13685,0.1275,0.083824,0.11615,0.1965,0.22627,0.18923,0.15224,0.18064,0.18152,0.12178,0.20262,0.38659,0.51359,0.53177,0.45684,0.34357,0.23905,0.16317,0.13883,0.15508,0.16278,0.1623,0.16945,0.16146,0.12216,0.092287,0.12401,0.17753,0.22506,0.23418,0.16528,0.057412,0.20876,0.35415,0.38729,0.30331,0.18756,0.17788,0.20682,0.19871,0.21952,0.30313,0.4158,0.52545,0.56808,0.47361,0.23906,0.15574,0.38932,0.47072,0.34872,0.14737,0.24884,0.34443,0.25496,0.048996
0.00072491,0.0089298,0.020795,0.036722,0.05571,0.075824,0.094724,0.11002,0.11957,0.12177,0.11589,0.10254,0.084716,0.07058,0.074231,0.099223,0.13464,0.17133,0.20371,0.22801,0.24157,0.24285,0.2315,0.20857,0.17703,0.14293,0.11813,0.1188,0.14661,0.18679,0.22705,0.26051,0.28324,0.29313,0.28938,0.27238,0.24351,0.20498,0.15966,0.11093,0.063112,0.027875,0.042764,0.074607,0.1011,0.11959,0.12998,0.13325,0.13105,0.1254,0.11831,0.11128,0.10492,0.098824,0.092017,0.083503,0.072777,0.060123,0.046854,0.035776,0.031225,0.034622,0.041307,0.046745,0.024381
0.01916,0.037618,0.037521,0.042798,0.055832,0.074258,0.094454,0.11332,0.12843,0.13794,0.14069,0.1362,0.12466,0.10691,0.08436,0.059049,0.034572,0.023055,0.037343,0.058007,0.07639,0.090306,0.098763,0.10118,0.097246,0.086908,0.070639,0.050401,0.034784,0.045595,0.077892,0.1169,0.15719,0.1956,0.22951,0.25668,0.27528,0.28407,0.28246,0.27059,0.24933,0.22023,0.18545,0.14768,0.11029,0.078045,0.058822,0.059606,0.073168,0.088563,0.10111,0.10965,0.11438,0.11602,0.1154,0.11309,0.10936,0.10412,0.097102,0.08805,0.076927,0.064107,0.050662,0.039044,0.016999
0.14144,0.28225,0.28029,0.2768,0.27151,0.26412,0.25435,0.24199,0.22698,0.20941,0.18955,0.16787,0.14503,0.12187,0.09948,0.079194,0.062669,0.051648,0.046802,0.046341,0.046994,0.04609,0.04213,0.034547,0.023699,0.013314,0.019957,0.03967,0.063024,0.08787,0.113,0.13736,0.16002,0.18012,0.19691,0.20982,0.21842,0.22248,0.22192,0.21687,0.2076,0.19453,0.17819,0.15919,0.13817,0.11577,0.092586,0.069168,0.045989,0.023625,0.0072723,0.022624,0.042924,0.062913,0.082325,0.10107,0.11903,0.13601,0.15174,0.16589,0.17811,0.18805,0.1954,0.19992,0.10072
0.070084,0.14088,0.14292,0.14606,0.14994,0.15405,0.15784,0.16071,0.16207,0.16136,0.15814,0.15206,0.14296,0.13086,0.11598,0.098829,0.080217,0.061559,0.045597,0.037713,0.042272,0.05471,0.068863,0.081643,0.091586,0.097922,0.10027,0.098547,0.092916,0.083789,0.071841,0.058089,0.044192,0.033347,0.030873,0.038083,0.049593,0.061219,0.070976,0.077828,0.081174,0.080676,0.076198,0.067776,0.055601,0.040029,0.021757,0.0074697,0.025788,0.050467,0.076509,0.1031,0.12967,0.15569,0.18071,0.20434,0.22623,0.24609,0.26369,0.27884,0.2914,0.30127,0.30836,0.31263,0.15703
0.083982,0.16801,0.16805,0.16789,0.16718,0.16554,0.16259,0.15798,0.15145,0.14284,0.13209,0.11926,0.10454,0.088196,0.070601,0.052197,0.033485,0.015017,0.0032766,0.019411,0.03412,0.046649,0.056619,0.063746,0.067849,0.068852,0.066792,0.061821,0.054208,0.044347,0.032805,0.020598,0.011425,0.016038,0.028262,0.041005,0.052659,0.062468,0.069892,0.074511,0.076012,0.074191,0.068955,0.060338,0.048528,0.034011,0.018621,0.015409,0.033485,0.056921,0.082219,0.10841,0.13487,0.16104,0.18645,0.21066,0.23326,0.25391,0.27234,0.28829,0.30158,0.31206,0.31961,0.32417,0.16285
0.015112,0.059277,0.10058,0.13314,0.15181,0.15503,0.14407,0.12286,0.097789,0.077185,0.067663,0.066566,0.064694,0.05685,0.046309,0.047327,0.067225,0.093259,0.1141,0.12296,0.11622,0.094053,0.064398,0.059868,0.10184,0.15734,0.20796,0.24425,0.26007,0.25223,0.22082,0.16986,0.11054,0.079787,0.12217,0.19019,0.25247,0.29856,0.32392,0.32746,0.31087,0.27805,0.23441,0.18604,0.13877,0.097283,0.064224,0.039683,0.022985,0.021214,0.036938,0.058184,0.079497,0.097828,0.1111,0.11825,0.11937,0.11554,0.10863,0.10084,0.094169,0.089767,0.087634,0.086959,0.043428
0.070359,0.14046,0.13865,0.13304,0.12203,0.10652,0.09158,0.086287,0.09567,0.11293,0.1278,0.1336,0.12835,0.11592,0.10847,0.12181,0.15631,0.19812,0.23424,0.25558,0.2564,0.23418,0.18963,0.12658,0.052853,0.039604,0.11338,0.17919,0.22732,0.25304,0.25468,0.23374,0.19485,0.14615,0.10147,0.084512,0.1033,0.13118,0.15058,0.15621,0.14815,0.12924,0.10372,0.076325,0.053489,0.049743,0.075455,0.11987,0.17518,0.2363,0.29733,0.35146,0.39173,0.41199,0.40782,0.37721,0.32097,0.24287,0.14989,0.057431,0.07283,0.15765,0.22852,0.27441,0.14513
0,0,0,0,0,0,0,0,0,0,0,0,0,0,0,0,0,0,0,0,0,0,0,0,0,0,0,0,0,0,0,0,0,0,0,0,0,0,0,0,0,0,0,0,0,0,0,0,0,0,0,0,0,0,0,0,0,0,0,0,0,0,0,0,0
0.082378,0.16492,0.16531,0.16568,0.16563,0.16474,0.16256,0.1587,0.15286,0.14485,0.13458,0.12212,0.10763,0.091395,0.073785,0.05526,0.036349,0.017726,0.0042766,0.018471,0.03355,0.046599,0.057129,0.064818,0.069457,0.07095,0.069315,0.064684,0.057308,0.047553,0.035928,0.023238,0.011867,0.013013,0.025158,0.038316,0.050489,0.060879,0.068927,0.074197,0.076358,0.075188,0.070577,0.062537,0.051236,0.037118,0.021685,0.014928,0.030688,0.053738,0.079049,0.10545,0.13225,0.15889,0.18485,0.20966,0.23292,0.25425,0.27333,0.28989,0.30372,0.31465,0.32254,0.32731,0.16445
0.10724,0.21407,0.21205,0.20644,0.19495,0.17573,0.14801,0.11218,0.06974,0.023245,0.026819,0.074435,0.11941,0.15995,0.19519,0.22479,0.2487,0.26669,0.27823,0.28238,0.27808,0.26448,0.24136,0.20936,0.17015,0.1263,0.081041,0.03782,0.00028488,0.031174,0.054614,0.072826,0.090456,0.1125,0.14102,0.17412,0.20745,0.23603,0.25524,0.26152,0.25269,0.22824,0.18933,0.13887,0.082178,0.037196,0.064656,0.11757,0.1651,0.20209,0.22702,0.24044,0.24455,0.24274,0.23868,0.23505,0.23245,0.22923,0.22242,0.20908,0.18739,0.15728,0.12109,0.085519,0.033985
0.14744,0.29308,0.28772,0.27887,0.26672,0.25161,0.23412,0.21511,0.19574,0.17748,0.16195,0.1505,0.14374,0.14111,0.14105,0.14167,0.14142,0.13949,0.13596,0.13182,0.12881,0.12887,0.13326,0.14175,0.1527,0.16369,0.1723,0.17642,0.17448,0.16544,0.14886,0.12486,0.094092,0.05776,0.018178,0.027365,0.070026,0.11136,0.14893,0.18081,0.20539,0.22144,0.22819,0.22533,0.21304,0.192,0.16331,0.12843,0.08915,0.047586,0.0099134,0.037932,0.075184,0.10788,0.13436,0.15354,0.16474,0.16769,0.16247,0.14957,0.12984,0.10449,0.075292,0.045592,0.014183
0.10909,0.21408,0.20205,0.18278,0.15739,0.12743,0.094832,0.062139,0.034283,0.027318,0.044249,0.062878,0.076598,0.083913,0.084705,0.079755,0.070776,0.060637,0.05345,0.05288,0.058322,0.065333,0.06956,0.068108,0.059425,0.043526,0.025607,0.033899,0.069353,0.11302,0.15963,0.20594,0.24903,0.2862,0.3151,0.33388,0.34131,0.33689,0.32084,0.29415,0.25847,0.21599,0.16933,0.12133,0.074982,0.034101,0.017892,0.04066,0.061132,0.074273,0.080588,0.081982,0.081338,0.081845,0.085605,0.092404,0.10009,0.10596,0.10781,0.10421,0.094652,0.079537,0.060326,0.040521,0.015042
0.0067053,0.019516,0.031091,0.043437,0.055334,0.066255,0.075864,0.083911,0.090215,0.094663,0.09722,0.097932,0.096936,0.094456,0.090804,0.086363,0.081564,0.076847,0.072607,0.069131,0.066562,0.064898,0.064062,0.063998,0.064767,0.066576,0.069735,0.074522,0.081049,0.089173,0.09851,0.10851,0.11853,0.12792,0.13605,0.1424,0.14651,0.14806,0.14687,0.14292,0.13631,0.12731,0.11634,0.10394,0.090761,0.077615,0.065423,0.055231,0.04805,0.04443,0.043955,0.045392,0.047446,0.049258,0.050454,0.05103,0.051211,0.051329,0.051688,0.052456,0.053612,0.054959,0.056214,0.0571,0.028709
0.11181,0.22294,0.22087,0.21721,0.21174,0.20419,0.19434,0.18204,0.16733,0.15035,0.13145,0.11118,0.090223,0.069493,0.050193,0.034221,0.025061,0.025544,0.031265,0.036915,0.040516,0.041816,0.041493,0.040951,0.042017,0.04606,0.053098,0.062037,0.071541,0.080552,0.088452,0.095124,0.10096,0.1068,0.11374,0.12275,0.13425,0.14792,0.16278,0.17739,0.19017,0.19957,0.20423,0.20308,0.19539,0.18085,0.15957,0.1321,0.099414,0.062914,0.025,0.019549,0.056222,0.091211,0.12148,0.14537,0.16163,0.16946,0.16854,0.15908,0.14189,0.11848,0.091493,0.066187,0.027135
0.062574,0.12565,0.12712,0.12935,0.13209,0.13495,0.13749,0.13924,0.13969,0.13837,0.13486,0.12879,0.11991,0.1081,0.093389,0.075953,0.056207,0.035026,0.016177,0.021513,0.043579,0.06698,0.08936,0.10964,0.12701,0.14078,0.1504,0.15549,0.15586,0.15151,0.14267,0.12983,0.11382,0.095917,0.078295,0.064682,0.060355,0.067743,0.083032,0.10118,0.11897,0.13454,0.14674,0.15489,0.15859,0.15775,0.15254,0.14343,0.13124,0.11729,0.10361,0.093218,0.089719,0.095382,0.10928,0.12847,0.15013,0.17221,0.1933,0.21244,0.22889,0.24216,0.25188,0.25781,0.1299
0.12842,0.2601,0.26932,0.28308,0.29942,0.3162,0.3314,0.34317,0.34999,0.35069,0.34453,0.33123,0.311,0.28458,0.25315,0.21833,0.18212,0.14682,0.11506,0.089632,0.07294,0.065076,0.062564,0.060784,0.056837,0.050066,0.041902,0.036244,0.03823,0.048026,0.061078,0.07362,0.083418,0.089181,0.09026,0.086535,0.078347,0.066431,0.051864,0.036056,0.021154,0.013089,0.018963,0.028371,0.035784,0.040122,0.04136,0.040025,0.037112,0.034019,0.032267,0.032752,0.035088,0.038036,0.040396,0.041417,0.040826,0.038751,0.035645,0.032187,0.029127,0.027029,0.026005,0.025708,0.012838
0.10702,0.21319,0.21064,0.2064,0.20047,0.19292,0.18383,0.17338,0.16185,0.14963,0.13723,0.12532,0.11466,0.10606,0.10013,0.097126,0.09673,0.098176,0.1005,0.10279,0.10442,0.10502,0.10459,0.10345,0.10225,0.10188,0.10329,0.10726,0.11408,0.12353,0.13493,0.14742,0.16015,0.17233,0.18331,0.19261,0.19987,0.20492,0.20768,0.20822,0.20669,0.2033,0.19833,0.19203,0.18467,0.17643,0.16747,0.15785,0.14758,0.13665,0.12502,0.11269,0.09968,0.086115,0.072191,0.058225,0.044687,0.03234,0.022641,0.018297,0.020459,0.025526,0.030326,0.033538,0.017327
0.078539,0.1068,0.13339,0.30209,0.41541,0.41162,0.30113,0.14957,0.059212,0.080406,0.13819,0.25278,0.36379,0.40813,0.36017,0.24032,0.13629,0.19081,0.2724,0.29179,0.2519,0.19157,0.15627,0.1584,0.18456,0.2161,0.22154,0.18809,0.16446,0.20144,0.22429,0.17446,0.1316,0.25137,0.36739,0.37537,0.26252,0.11289,0.17747,0.26163,0.2374,0.15688,0.18595,0.26269,0.25736,0.17349,0.15776,0.26318,0.32525,0.29498,0.19698,0.13077,0.19285,0.26222,0.28236,0.25307,0.19362,0.15151,0.18805,0.26168,0.31034,0.30768,0.25127,0.15875,0.046415
0.062428,0.13691,0.16371,0.19012,0.20632,0.20752,0.19259,0.16318,0.1232,0.07816,0.035207,0.016379,0.036045,0.046248,0.040838,0.023685,0.031069,0.072625,0.12087,0.16673,0.20349,0.22575,0.22973,0.21379,0.17861,0.12742,0.067485,0.03813,0.092239,0.15376,0.20475,0.23958,0.25542,0.25172,0.22998,0.19352,0.14695,0.095687,0.045298,0.0051799,0.035362,0.05841,0.069211,0.069808,0.065871,0.067231,0.081568,0.10615,0.13393,0.15958,0.17978,0.19278,0.19804,0.19594,0.18752,0.1742,0.15745,0.13866,0.11891,0.098973,0.079338,0.060317,0.042279,0.026426,0.0092063
0.058385,0.1183,0.1233,0.13271,0.14727,0.16688,0.19035,0.21558,0.2399,0.26038,0.27418,0.27881,0.2725,0.25451,0.22541,0.18736,0.14452,0.10406,0.078475,0.078928,0.094051,0.10598,0.10621,0.092363,0.066325,0.038853,0.048989,0.090417,0.1333,0.16795,0.1892,0.19424,0.18259,0.15628,0.12021,0.083695,0.065027,0.077268,0.10024,0.11599,0.11788,0.10437,0.077013,0.04009,0.015872,0.052324,0.089783,0.11778,0.13284,0.13366,0.12105,0.097679,0.067939,0.038498,0.024774,0.036857,0.050165,0.055725,0.053524,0.047508,0.044973,0.051134,0.06224,0.071633,0.037599
0.21983,0.43267,0.41204,0.37882,0.33478,0.2825,0.22573,0.17045,0.12803,0.11695,0.14141,0.18175,0.22251,0.25655,0.2804,0.29232,0.29168,0.27866,0.25416,0.21971,0.17734,0.12956,0.079414,0.03303,0.033668,0.073815,0.11118,0.14109,0.16209,0.17358,0.17569,0.16912,0.15512,0.13538,0.11189,0.086893,0.062779,0.042217,0.028653,0.025248,0.029169,0.035923,0.045599,0.060038,0.079908,0.10428,0.13135,0.15904,0.18523,0.20794,0.22547,0.23653,0.24024,0.2363,0.2249,0.20678,0.18314,0.15557,0.12592,0.096196,0.068368,0.044224,0.025138,0.011786,0.0027701
0.037451,0.07497,0.075155,0.075394,0.075597,0.075652,0.075437,0.074839,0.073756,0.07211,0.069854,0.066976,0.063506,0.059527,0.055182,0.050686,0.046351,0.04259,0.039899,0.038748,0.039397,0.041747,0.0454,0.049841,0.054582,0.059218,0.063431,0.066972,0.06965,0.071324,0.071897,0.071313,0.069558,0.066662,0.062707,0.057837,0.052281,0.046394,0.040734,0.036159,0.033804,0.034637,0.038715,0.045217,0.053146,0.061728,0.070426,0.078863,0.086765,0.09393,0.10021,0.1055,0.10973,0.11289,0.11501,0.11612,0.11635,0.11582,0.11472,0.11323,0.11158,0.10999,0.10868,0.10782,0.053757
0.0064366,0.013327,0.014668,0.016834,0.019741,0.02328,0.027325,0.031733,0.036341,0.040978,0.045462,0.049609,0.053236,0.05617,0.058251,0.059341,0.05933,0.058148,0.055775,0.052268,0.047798,0.042729,0.03777,0.034188,0.033753,0.037726,0.045801,0.05678,0.069577,0.083427,0.097777,0.1122,0.12631,0.1398,0.15237,0.16373,0.17364,0.18189,0.1883,0.19271,0.19502,0.19516,0.1931,0.18887,0.18253,0.17419,0.16402,0.15223,0.13909,0.12492,0.11012,0.095208,0.080848,0.06797,0.057862,0.052038,0.051423,0.055353,0.062007,0.06962,0.076964,0.083266,0.088049,0.091022,0.046015
0.074489,0.1366,0.10667,0.089685,0.12397,0.18493,0.2414,0.27834,0.28887,0.27228,0.23333,0.18141,0.12967,0.093718,0.082364,0.083584,0.083983,0.086442,0.10092,0.12603,0.14947,0.15915,0.14728,0.11104,0.052709,0.02278,0.10245,0.17789,0.2383,0.27605,0.28783,0.27578,0.24822,0.21954,0.20589,0.21279,0.22903,0.23906,0.23313,0.20855,0.16804,0.11817,0.068206,0.034214,0.040801,0.058954,0.071442,0.083415,0.1029,0.13087,0.16146,0.18757,0.20382,0.20726,0.19745,0.17606,0.14641,0.11281,0.080331,0.055414,0.046016,0.051707,0.061565,0.068862,0.035723
0,0,0,0,0,0,0,0,0,0,0,0,0,0,0,0,0,0,0,0,0,0,0,0,0,0,0,0,0,0,0,0,0,0,0,0,0,0,0,0,0,0,0,0,0,0,0,0,0,0,0,0,0,0,0,0,0,0,0,0,0,0,0,0,0
0.16018,0.31543,0.30099,0.27801,0.24805,0.21315,0.17568,0.13826,0.10371,0.075086,0.055749,0.047892,0.048929,0.053757,0.060155,0.068589,0.079888,0.093733,0.10855,0.12214,0.13228,0.13707,0.13514,0.12591,0.10974,0.088489,0.067264,0.058306,0.073042,0.10257,0.13536,0.16545,0.18936,0.2048,0.21034,0.20536,0.1901,0.16562,0.13394,0.098321,0.064983,0.049301,0.064295,0.090952,0.11492,0.13114,0.13759,0.13379,0.12078,0.10179,0.084337,0.082098,0.10304,0.1385,0.17826,0.21625,0.24887,0.27389,0.29029,0.29811,0.29852,0.29371,0.28668,0.28068,0.13917
0.073572,0.14515,0.13928,0.12991,0.11762,0.10317,0.087453,0.071434,0.056088,0.042335,0.030968,0.022564,0.017369,0.015297,0.016274,0.020308,0.027002,0.035521,0.044839,0.053862,0.061488,0.066672,0.068485,0.066177,0.059233,0.047427,0.030918,0.011253,0.017948,0.04532,0.07526,0.10593,0.13589,0.16369,0.18801,0.20764,0.22157,0.22908,0.22974,0.22346,0.21051,0.19148,0.16726,0.13903,0.10813,0.076044,0.044322,0.014624,0.013019,0.035196,0.052361,0.063714,0.068965,0.068191,0.061804,0.050534,0.035369,0.017508,0.0018782,0.021021,0.038942,0.054312,0.06609,0.073486,0.038004
0.1465,0.28015,0.24278,0.18446,0.11162,0.04414,0.081406,0.16046,0.23244,0.28891,0.32548,0.34008,0.33279,0.30563,0.26227,0.20762,0.14732,0.087472,0.036384,0.030364,0.059815,0.080996,0.090197,0.088579,0.079017,0.06564,0.053575,0.047657,0.048592,0.052353,0.055451,0.057376,0.059856,0.064946,0.072901,0.081771,0.088732,0.091298,0.087859,0.077825,0.061615,0.040524,0.016501,0.0081279,0.030987,0.049971,0.063532,0.07092,0.072344,0.069073,0.063441,0.058528,0.056941,0.058908,0.062154,0.063906,0.062355,0.057002,0.048646,0.039448,0.032998,0.032507,0.036584,0.040942,0.021345
0.033814,0.068166,0.069659,0.071772,0.074049,0.076002,0.077176,0.077182,0.075711,0.07254,0.067525,0.060603,0.051783,0.041144,0.028827,0.015031,0,0.015979,0.03259,0.049494,0.066341,0.08278,0.098467,0.11308,0.12631,0.13789,0.14761,0.15528,0.16077,0.16402,0.16499,0.16373,0.16032,0.1549,0.14765,0.13879,0.12857,0.11726,0.10516,0.092573,0.079791,0.067106,0.054789,0.04309,0.032223,0.022367,0.01366,0.0061899,0,0.0049198,0.0086322,0.011255,0.012961,0.013981,0.014591,0.015092,0.015752,0.016735,0.018058,0.019613,0.021221,0.022694,0.02387,0.024624,0.012442
0.087897,0.17157,0.1594,0.14081,0.11852,0.096832,0.081986,0.079739,0.088907,0.10241,0.11425,0.12117,0.12193,0.11664,0.10645,0.093421,0.080366,0.070409,0.065734,0.065926,0.068402,0.070773,0.072311,0.07409,0.078274,0.086562,0.098762,0.1129,0.12632,0.13658,0.14185,0.14119,0.13481,0.12433,0.11314,0.10634,0.10863,0.12034,0.13713,0.15351,0.16501,0.16858,0.16247,0.1462,0.12073,0.089283,0.061289,0.061127,0.093677,0.13598,0.17689,0.21156,0.23723,0.25239,0.25674,0.2511,0.23752,0.21915,0.20003,0.18446,0.17558,0.17377,0.17651,0.1801,0.090823
0.16741,0.32992,0.31553,0.29266,0.26304,0.22924,0.19493,0.16528,0.14665,0.14369,0.15464,0.1726,0.19071,0.20433,0.21072,0.20849,0.19722,0.17725,0.14957,0.11568,0.077503,0.037496,0.010183,0.043647,0.077298,0.10516,0.12566,0.13787,0.1415,0.13683,0.12484,0.10716,0.086258,0.065934,0.052144,0.050794,0.059067,0.068589,0.073798,0.071956,0.061908,0.04376,0.020927,0.026574,0.063166,0.10568,0.1498,0.19276,0.2321,0.2656,0.29143,0.30822,0.31518,0.31212,0.29947,0.27827,0.25007,0.21683,0.18075,0.14415,0.1092,0.077742,0.051102,0.030573,0.01058
0.13403,0.26644,0.26138,0.25245,0.23904,0.22066,0.19711,0.16876,0.13696,0.10495,0.080303,0.076543,0.096947,0.12831,0.16043,0.18816,0.20858,0.21982,0.22083,0.21128,0.19153,0.16272,0.12688,0.087841,0.055893,0.05811,0.092554,0.13345,0.17155,0.20325,0.22656,0.24033,0.24409,0.23803,0.22293,0.2001,0.17139,0.13922,0.1068,0.079175,0.064534,0.068797,0.084942,0.10334,0.11936,0.13142,0.13938,0.14395,0.14631,0.14786,0.14978,0.15274,0.15667,0.16084,0.16409,0.16517,0.163,0.15675,0.14597,0.13054,0.11068,0.086934,0.06011,0.031408,0.0040355
0.10144,0.20169,0.19812,0.19226,0.18424,0.17422,0.16243,0.14911,0.13456,0.11911,0.10311,0.086958,0.071106,0.0561,0.042708,0.032182,0.026461,0.026705,0.030977,0.0364,0.041299,0.044917,0.046936,0.047257,0.045924,0.0431,0.039076,0.034324,0.029602,0.026103,0.025297,0.027897,0.033133,0.039674,0.046457,0.052746,0.058016,0.061865,0.063981,0.064119,0.062105,0.057839,0.051316,0.042684,0.032453,0.02243,0.019256,0.029402,0.046745,0.067153,0.089292,0.1125,0.13626,0.16014,0.1837,0.20652,0.22819,0.24834,0.26659,0.28263,0.29617,0.30697,0.31482,0.31959,0.16059
0.024141,0.072282,0.11219,0.1453,0.16467,0.16813,0.15659,0.13371,0.10561,0.080461,0.066238,0.063044,0.061608,0.05496,0.044779,0.044218,0.062579,0.088159,0.10942,0.11947,0.11474,0.095497,0.069852,0.066175,0.10365,0.156,0.20485,0.2404,0.25644,0.24976,0.22048,0.17276,0.11798,0.089128,0.12403,0.18617,0.24455,0.2879,0.31143,0.31399,0.29725,0.2651,0.22292,0.17675,0.13236,0.094331,0.064992,0.043808,0.02914,0.025021,0.037065,0.056969,0.077738,0.09566,0.10847,0.11512,0.11574,0.11155,0.10455,0.097071,0.091142,0.087767,0.086653,0.086702,0.043428
0.11215,0.21742,0.19733,0.16573,0.12536,0.08042,0.04049,0.042606,0.078631,0.1135,0.14012,0.15626,0.16135,0.15599,0.14184,0.12164,0.099323,0.080505,0.072001,0.076542,0.088888,0.10248,0.11372,0.1214,0.12567,0.12742,0.12775,0.12758,0.12735,0.12699,0.12613,0.12438,0.12167,0.11828,0.11487,0.11219,0.11079,0.1107,0.11137,0.11186,0.11113,0.10831,0.10281,0.094386,0.083047,0.069047,0.052796,0.03481,0.015664,0.0041134,0.023746,0.042761,0.060531,0.076494,0.090147,0.10108,0.10902,0.11386,0.11572,0.11493,0.11212,0.10816,0.10411,0.10108,0.049978
0.030148,0.060927,0.062701,0.065293,0.068268,0.071173,0.073596,0.075199,0.07573,0.075029,0.073028,0.069757,0.065337,0.059978,0.053966,0.047642,0.04137,0.035482,0.030215,0.025653,0.021771,0.018684,0.017195,0.019009,0.025178,0.035171,0.048115,0.063317,0.080165,0.098029,0.11623,0.13406,0.15079,0.16569,0.17808,0.18738,0.1931,0.19485,0.19244,0.18581,0.17506,0.16047,0.14246,0.12158,0.098485,0.073914,0.04865,0.023502,0.0016284,0.023571,0.043999,0.061648,0.076078,0.086984,0.094193,0.097663,0.097468,0.093794,0.086922,0.077211,0.065091,0.051064,0.035755,0.020291,0.0052668
0.1211,0.23106,0.2002,0.15665,0.11002,0.069945,0.044528,0.043055,0.066133,0.10178,0.13902,0.16764,0.17974,0.17253,0.15101,0.12982,0.12792,0.14639,0.16745,0.17736,0.17193,0.15321,0.12567,0.094123,0.066698,0.062691,0.085041,0.10649,0.10631,0.07247,0.0094373,0.10601,0.23067,0.35511,0.45729,0.51839,0.52718,0.4827,0.3943,0.27915,0.15782,0.050418,0.042239,0.097025,0.12895,0.1428,0.14261,0.12875,0.10095,0.062342,0.021301,0.016113,0.032305,0.028321,0.023373,0.057571,0.10019,0.13037,0.1361,0.11346,0.071166,0.053841,0.09737,0.14028,0.078323
0.10854,0.21587,0.21225,0.20628,0.19805,0.1877,0.17537,0.16127,0.14563,0.12871,0.11077,0.092141,0.073128,0.054068,0.035301,0.017168,0,0.015883,0.030184,0.042634,0.053,0.061091,0.066764,0.06993,0.070556,0.068671,0.064363,0.057782,0.049139,0.038699,0.026781,0.013748,0,0.014032,0.027901,0.041148,0.05332,0.063976,0.072702,0.07912,0.082899,0.083764,0.081504,0.07598,0.06713,0.05497,0.039597,0.021188,0,0.023641,0.049341,0.076647,0.10506,0.13405,0.16304,0.19147,0.21877,0.24438,0.26778,0.28847,0.30603,0.32009,0.33036,0.3366,0.16935
0.20219,0.39894,0.3829,0.35717,0.32318,0.28284,0.23843,0.19266,0.14883,0.11168,0.088764,0.087611,0.10459,0.12947,0.15616,0.18231,0.20701,0.22969,0.24964,0.26596,0.27754,0.28326,0.28214,0.2735,0.25709,0.23313,0.20237,0.16606,0.12583,0.083669,0.041798,0.0065709,0.034849,0.0644,0.087109,0.10225,0.10997,0.11129,0.10829,0.10417,0.10283,0.1073,0.1179,0.1322,0.14683,0.15881,0.16593,0.16683,0.16088,0.14816,0.12939,0.10582,0.079193,0.051867,0.028212,0.02226,0.036489,0.051438,0.061534,0.065513,0.063292,0.055571,0.043894,0.031357,0.012479
0.02199,0.074702,0.12592,0.17578,0.21911,0.25334,0.27684,0.28873,0.28882,0.27754,0.25593,0.22556,0.18839,0.14676,0.10336,0.061877,0.032713,0.042471,0.070474,0.096582,0.11734,0.13219,0.14159,0.14651,0.1483,0.14841,0.14811,0.14823,0.14901,0.15019,0.15118,0.15143,0.15062,0.14878,0.14629,0.14373,0.14171,0.14061,0.14035,0.14044,0.14003,0.13821,0.13414,0.12728,0.11742,0.10473,0.089794,0.073673,0.058123,0.046075,0.041516,0.045743,0.054965,0.065066,0.073811,0.080198,0.083888,0.084945,0.083706,0.080704,0.07661,0.072185,0.068224,0.065472,0.032242
0.17942,0.35423,0.34059,0.31853,0.2891,0.25389,0.21516,0.17627,0.14227,0.12032,0.11653,0.12846,0.14691,0.16396,0.17503,0.1778,0.17154,0.15679,0.1355,0.11157,0.09227,0.088014,0.10263,0.12781,0.15434,0.17659,0.19134,0.19683,0.19235,0.17814,0.15526,0.1256,0.092079,0.059949,0.04271,0.055453,0.080884,0.10476,0.12262,0.13284,0.13501,0.1296,0.11771,0.10104,0.081692,0.062095,0.044851,0.032377,0.025465,0.021762,0.019449,0.023769,0.040375,0.066948,0.10074,0.13973,0.18197,0.22544,0.26813,0.30808,0.34348,0.37276,0.39463,0.40814,0.20636
0.095797,0.18633,0.17097,0.14675,0.11564,0.080197,0.043518,0.011967,0.027151,0.051308,0.067744,0.074938,0.072853,0.063023,0.049941,0.044668,0.058268,0.083836,0.11157,0.13596,0.15356,0.16199,0.15988,0.14685,0.1237,0.093038,0.06224,0.054559,0.084846,0.12889,0.17334,0.2129,0.24445,0.26597,0.27634,0.27525,0.26322,0.24145,0.21176,0.17638,0.13781,0.098715,0.061999,0.03237,0.024778,0.039823,0.05536,0.066322,0.072509,0.074835,0.074638,0.073297,0.071871,0.070813,0.069929,0.06862,0.066228,0.062294,0.056655,0.049422,0.0409,0.03149,0.021619,0.011865,0.0027524
0.02089,0.059081,0.087356,0.10781,0.11462,0.10709,0.088091,0.064168,0.048681,0.057237,0.080063,0.10226,0.11685,0.12008,0.1107,0.092576,0.081534,0.10058,0.14291,0.1869,0.21778,0.22672,0.21044,0.17232,0.1256,0.10169,0.12654,0.16953,0.20206,0.21509,0.21098,0.20045,0.19732,0.20726,0.22205,0.22854,0.21799,0.18859,0.14492,0.097167,0.062762,0.06027,0.07193,0.074157,0.061356,0.035948,0.0054133,0.031408,0.061433,0.08504,0.10157,0.11168,0.11596,0.11428,0.10656,0.094782,0.085259,0.087003,0.10151,0.12015,0.13408,0.13893,0.13523,0.12799,0.062178
0.34281,0.30955,0.51565,0.38313,0.22373,0.44294,0.49604,0.64082,0.48762,0.086196,0.37329,0.16399,0.49736,0.23461,0.37258,0.40029,0.23335,0.34629,0.36045,0.44338,0.42921,0.29254,0.29749,0.46282,0.70786,0.33242,0.126,0.090625,0.20969,0.87372,0.2415,0.19884,0.67844,0.25602,0.4764,0.51543,0.12769,0.32983,0.14036,0.30258,0.14935,0.38351,0.29069,0.41977,0.33172,0.31104,0.40069,0.23653,0.1452,0.092786,0.22216,0.17277,0.60384,0.042178,0.10961,0.11026,0.58546,0.15315,0.31461,0.18803,0.34776,0.61833,0.61533,0.63298,0.42772
0.028961,0.070373,0.080545,0.073667,0.089972,0.14864,0.20948,0.25066,0.27655,0.30281,0.32936,0.33565,0.30333,0.23251,0.14193,0.064046,0.055394,0.082567,0.090957,0.072682,0.024737,0.049998,0.13194,0.19567,0.21817,0.19578,0.15832,0.15852,0.18398,0.17818,0.12391,0.067389,0.1104,0.14811,0.11551,0.047337,0.1812,0.34703,0.46567,0.49943,0.43944,0.30601,0.13959,0.01915,0.12369,0.17002,0.16534,0.14154,0.13506,0.14388,0.14026,0.1208,0.11963,0.15799,0.19796,0.20508,0.16881,0.10652,0.093328,0.15631,0.20968,0.22252,0.1924,0.13546,0.049311
0.005689,0.011765,0.047315,0.10115,0.15712,0.20077,0.22035,0.20941,0.16832,0.10451,0.036715,0.061088,0.12166,0.16639,0.1938,0.21005,0.2217,0.22846,0.22226,0.19353,0.13882,0.073297,0.088448,0.17382,0.24874,0.28738,0.27644,0.21231,0.10163,0.041598,0.19217,0.32857,0.42848,0.4765,0.46646,0.40265,0.29975,0.1851,0.12203,0.17201,0.24549,0.29348,0.30825,0.29455,0.26268,0.22436,0.1891,0.16166,0.14193,0.12778,0.11788,0.11239,0.11227,0.11796,0.12756,0.13612,0.13711,0.1249,0.09721,0.059013,0.044596,0.086298,0.13485,0.16954,0.091001
0.056394,0.13124,0.14321,0.10486,0.05456,0.152,0.25878,0.30786,0.28735,0.22545,0.16364,0.10485,0.028638,0.090893,0.17106,0.18503,0.12315,0.056069,0.12998,0.18751,0.19569,0.18468,0.17477,0.1697,0.21974,0.32528,0.40828,0.41396,0.33885,0.22584,0.14223,0.13245,0.15904,0.18179,0.17892,0.15085,0.13306,0.13448,0.11533,0.1183,0.21674,0.32429,0.38201,0.38802,0.37783,0.37791,0.38312,0.38818,0.39176,0.37981,0.35457,0.35674,0.3887,0.37739,0.26903,0.10206,0.19556,0.34735,0.38315,0.2938,0.13712,0.08211,0.15136,0.15404,0.06678
0.099427,0.19716,0.19211,0.18383,0.1725,0.15836,0.14175,0.12303,0.10264,0.081084,0.058965,0.037268,0.019302,0.020084,0.037119,0.055915,0.073701,0.089724,0.10361,0.11513,0.12416,0.13068,0.13473,0.13645,0.13607,0.13388,0.13027,0.12568,0.12064,0.11568,0.11136,0.10813,0.10633,0.10605,0.10714,0.10927,0.112,0.11486,0.11739,0.11924,0.12013,0.11987,0.11834,0.11551,0.11139,0.10608,0.099682,0.092362,0.0843,0.075698,0.066769,0.057731,0.048809,0.040234,0.032263,0.025208,0.019508,0.015773,0.014501,0.015335,0.017203,0.019205,0.02085,0.021905,0.011133
0.078552,0.16635,0.18782,0.20967,0.22261,0.22136,0.20403,0.17145,0.12662,0.074584,0.027678,0.047836,0.09293,0.13029,0.15587,0.16869,0.1694,0.1599,0.14286,0.1213,0.098139,0.075801,0.056083,0.040289,0.02998,0.02776,0.03445,0.047429,0.064565,0.084652,0.10646,0.12838,0.14846,0.16463,0.17506,0.17853,0.17473,0.16452,0.14999,0.13421,0.12041,0.11046,0.10341,0.095893,0.084232,0.066271,0.042864,0.025667,0.044515,0.078827,0.11268,0.14076,0.15974,0.16761,0.16369,0.14878,0.12523,0.097432,0.07352,0.066762,0.081362,0.10439,0.12533,0.13933,0.072107
0.13689,0.31657,0.37702,0.37486,0.28693,0.13778,0.092954,0.23171,0.32188,0.33489,0.28212,0.19849,0.13088,0.10693,0.093705,0.06038,0.015401,0.044242,0.080141,0.098745,0.10495,0.10973,0.12629,0.16202,0.20899,0.24901,0.26468,0.24858,0.20927,0.171,0.1544,0.14486,0.11429,0.069045,0.10296,0.19527,0.27689,0.32396,0.33041,0.30362,0.25819,0.20691,0.15417,0.098257,0.041361,0.036199,0.08447,0.12438,0.15187,0.16866,0.17506,0.16826,0.14594,0.11154,0.078736,0.070437,0.085042,0.099013,0.10536,0.10806,0.10915,0.10321,0.08325,0.048144,0.006849
0.0647,0.12236,0.10673,0.099569,0.11666,0.14869,0.17694,0.18907,0.17961,0.14979,0.11061,0.093146,0.12524,0.17761,0.22283,0.24921,0.25286,0.23542,0.20305,0.16488,0.13036,0.10459,0.084981,0.0676,0.063039,0.090165,0.13767,0.18727,0.22646,0.24651,0.2423,0.21277,0.16105,0.09566,0.051798,0.10327,0.18046,0.2529,0.31316,0.35672,0.37978,0.37908,0.35255,0.30023,0.22529,0.13452,0.040855,0.06353,0.13936,0.19159,0.21303,0.20278,0.1662,0.117,0.086634,0.1083,0.14978,0.1795,0.18735,0.17278,0.14098,0.1007,0.062132,0.034621,0.01234
0.098137,0.22496,0.26894,0.2777,0.23915,0.17875,0.15923,0.19988,0.23848,0.242,0.2143,0.17971,0.16122,0.15354,0.1358,0.10121,0.058721,0.022136,0.027572,0.074825,0.13923,0.20698,0.25949,0.28195,0.26929,0.22753,0.17066,0.11452,0.06951,0.033646,0.014385,0.073975,0.16212,0.26963,0.37844,0.46271,0.49642,0.463,0.36397,0.22597,0.12573,0.16794,0.22059,0.20325,0.1145,0.063268,0.19696,0.30831,0.35192,0.31716,0.22328,0.13429,0.15975,0.22463,0.24077,0.1977,0.13073,0.13687,0.21254,0.27,0.28089,0.2462,0.1813,0.10736,0.031506
0.0061588,0.014431,0.019363,0.025361,0.031624,0.037805,0.043735,0.049324,0.054522,0.059307,0.063675,0.067631,0.071191,0.074375,0.077209,0.07973,0.081988,0.084049,0.086,0.08794,0.089979,0.092221,0.094747,0.097595,0.10075,0.10411,0.10755,0.11085,0.11378,0.11609,0.11752,0.11786,0.11691,0.11455,0.11071,0.10538,0.098643,0.090653,0.081647,0.071949,0.061988,0.052322,0.043686,0.03701,0.033232,0.032674,0.034568,0.037583,0.040596,0.042914,0.044187,0.044316,0.043394,0.041674,0.039556,0.037558,0.036236,0.036029,0.037072,0.039134,0.041743,0.044378,0.046589,0.048046,0.024277
0.0062357,0.014568,0.019478,0.025466,0.031724,0.037907,0.043841,0.049434,0.054637,0.059428,0.0638,0.067761,0.071325,0.074512,0.077348,0.079871,0.082131,0.084193,0.086144,0.088083,0.090122,0.092363,0.094887,0.097733,0.10088,0.10425,0.10768,0.11098,0.11391,0.11621,0.11764,0.11798,0.11703,0.11467,0.11083,0.1055,0.098759,0.090767,0.081757,0.072055,0.062086,0.052409,0.043753,0.037048,0.03323,0.032631,0.034493,0.037489,0.040494,0.042808,0.044082,0.044217,0.043304,0.041599,0.039501,0.037531,0.036243,0.036073,0.037151,0.03924,0.041869,0.044518,0.046737,0.048198,0.024354
0.026608,0.053484,0.054244,0.05538,0.056747,0.058208,0.059677,0.061131,0.062613,0.064206,0.065996,0.068027,0.07026,0.072557,0.074679,0.076311,0.077099,0.076685,0.074737,0.070981,0.065216,0.057329,0.047308,0.035245,0.021357,0.0063623,0.01173,0.029154,0.047138,0.065025,0.082284,0.098408,0.11293,0.12542,0.13554,0.14302,0.14769,0.14945,0.14833,0.14446,0.13803,0.12934,0.11874,0.10664,0.093485,0.079718,0.065792,0.05214,0.03917,0.027285,0.017003,0.0096179,0.0087198,0.012972,0.017656,0.021582,0.02462,0.026872,0.028499,0.029665,0.030503,0.031104,0.031519,0.031767,0.015925
0.088882,0.16497,0.14053,0.14524,0.18802,0.22109,0.2068,0.13605,0.030219,0.093058,0.17517,0.20064,0.16464,0.087247,0.073698,0.16681,0.24692,0.29169,0.30293,0.29339,0.27411,0.24652,0.20836,0.16245,0.11868,0.095225,0.10164,0.1162,0.14335,0.22308,0.33851,0.42603,0.42697,0.32098,0.17975,0.25686,0.41795,0.4793,0.40816,0.24193,0.079879,0.13302,0.18296,0.15538,0.088906,0.057664,0.1043,0.16507,0.20955,0.20959,0.15817,0.097827,0.1046,0.11413,0.083113,0.13583,0.25337,0.32452,0.3026,0.1963,0.11511,0.21068,0.30455,0.34195,0.17365
0.0096075,0.023303,0.032337,0.042698,0.052848,0.062082,0.069993,0.076319,0.080886,0.083583,0.084349,0.083157,0.08001,0.074949,0.068075,0.059631,0.050199,0.041204,0.035921,0.038916,0.050806,0.068293,0.088658,0.11025,0.13187,0.15248,0.17112,0.18687,0.19891,0.20656,0.2093,0.20682,0.19912,0.18645,0.16944,0.14911,0.12704,0.10554,0.088112,0.079117,0.081038,0.091349,0.1051,0.11851,0.12941,0.13685,0.14067,0.14137,0.13994,0.13777,0.13628,0.13658,0.13902,0.14303,0.14737,0.15047,0.15087,0.14738,0.13924,0.1261,0.10806,0.085586,0.059545,0.03127,0.0041346
0.024237,0.055244,0.071208,0.090298,0.10918,0.12611,0.1401,0.15049,0.1569,0.15917,0.15731,0.15153,0.14217,0.12972,0.11481,0.098145,0.080501,0.062714,0.045697,0.030581,0.01936,0.015865,0.019823,0.025415,0.030125,0.033765,0.037038,0.041002,0.046587,0.054156,0.063422,0.073688,0.084112,0.093866,0.10221,0.10856,0.11246,0.1137,0.11226,0.10841,0.10273,0.09619,0.090155,0.086311,0.086209,0.09055,0.098805,0.10962,0.12146,0.13301,0.14325,0.15145,0.15713,0.16002,0.16004,0.15729,0.15199,0.14451,0.13534,0.12507,0.11446,0.10438,0.095905,0.090166,0.044061
0.087897,0.17347,0.16634,0.15404,0.13619,0.11264,0.083897,0.052428,0.031715,0.052332,0.091128,0.13142,0.16848,0.1994,0.22193,0.23447,0.23611,0.2268,0.20735,0.17961,0.1466,0.11322,0.087731,0.081168,0.094297,0.11479,0.13279,0.14357,0.14527,0.13785,0.12294,0.10431,0.089125,0.087401,0.10296,0.12869,0.15628,0.18039,0.19785,0.20689,0.20675,0.19752,0.18003,0.15566,0.12621,0.09371,0.060247,0.027799,0.0041248,0.028903,0.0508,0.068423,0.082293,0.093419,0.10304,0.11232,0.12199,0.13226,0.14282,0.15309,0.1624,0.17019,0.17601,0.1796,0.090406
0.10664,0.20579,0.18405,0.15027,0.10824,0.064475,0.03885,0.060305,0.094036,0.12079,0.13594,0.13821,0.12827,0.10851,0.083153,0.059532,0.050354,0.06131,0.079494,0.095173,0.10509,0.10884,0.10734,0.10242,0.09706,0.096739,0.10916,0.13917,0.18521,0.24241,0.30498,0.3667,0.42115,0.46222,0.48469,0.48489,0.46119,0.41426,0.34718,0.26525,0.17597,0.091212,0.054766,0.10296,0.15426,0.18754,0.19929,0.19005,0.16282,0.12252,0.075945,0.036901,0.045884,0.079725,0.10734,0.12342,0.12718,0.11974,0.10348,0.08155,0.057426,0.034517,0.015816,0.0036855,0.00051077
0.07096,0.16612,0.19959,0.19731,0.14725,0.074633,0.10221,0.19111,0.25113,0.26223,0.22633,0.16123,0.096357,0.068361,0.076244,0.086821,0.10341,0.13177,0.16098,0.18265,0.20152,0.22716,0.25724,0.2766,0.27099,0.23716,0.18474,0.13094,0.088476,0.062817,0.092118,0.18009,0.28871,0.38804,0.45249,0.46516,0.42203,0.33272,0.2182,0.1122,0.091884,0.15029,0.2,0.22725,0.23404,0.22332,0.19756,0.16082,0.12044,0.085844,0.063704,0.053284,0.055061,0.074196,0.10386,0.13099,0.14542,0.14218,0.12278,0.097163,0.086397,0.10445,0.13448,0.15817,0.083442
0.024081,0.048502,0.04955,0.051375,0.054067,0.057702,0.062319,0.067896,0.074347,0.081519,0.089199,0.097114,0.10494,0.1123,0.11879,0.12396,0.12737,0.12859,0.12723,0.12299,0.11564,0.1051,0.091423,0.074873,0.055942,0.03562,0.017531,0.020447,0.040261,0.061347,0.080808,0.097388,0.11018,0.11853,0.12203,0.12067,0.11493,0.10601,0.096316,0.089839,0.091456,0.10372,0.12482,0.151,0.17884,0.20574,0.22968,0.24912,0.26286,0.2701,0.27036,0.26354,0.2499,0.23003,0.20486,0.17557,0.14359,0.11057,0.078377,0.049461,0.028706,0.026102,0.035986,0.044561,0.023841
0.025178,0.054066,0.063126,0.073801,0.083244,0.089713,0.092262,0.090555,0.084816,0.075863,0.065229,0.055368,0.049557,0.050073,0.055571,0.062384,0.067351,0.068552,0.065227,0.057975,0.049803,0.047956,0.059795,0.083223,0.11239,0.14314,0.17256,0.19833,0.21855,0.23175,0.23694,0.23361,0.22185,0.20227,0.1761,0.14517,0.11219,0.081723,0.062598,0.065293,0.084375,0.10733,0.12791,0.14367,0.15378,0.15831,0.15798,0.15398,0.14789,0.1414,0.13606,0.13282,0.1318,0.13226,0.13296,0.13258,0.13005,0.12463,0.116,0.10415,0.089437,0.072548,0.054747,0.03877,0.015666
0.012231,0.022809,0.018094,0.01156,0.0096988,0.019055,0.032427,0.046841,0.061114,0.074401,0.086028,0.095491,0.10247,0.10683,0.10862,0.10806,0.10546,0.10119,0.095637,0.089079,0.081702,0.073571,0.064676,0.055043,0.044915,0.035152,0.02814,0.028105,0.036114,0.048518,0.062335,0.075961,0.088411,0.098992,0.10722,0.11278,0.11553,0.11551,0.11289,0.10793,0.10101,0.09254,0.082993,0.072928,0.06312,0.05478,0.049762,0.050063,0.056243,0.066901,0.080024,0.093912,0.10722,0.11886,0.12787,0.13347,0.13504,0.13213,0.12457,0.11238,0.095865,0.075552,0.052189,0.026718,0.0011399
0.058047,0.12241,0.13512,0.1428,0.13776,0.12042,0.10507,0.11835,0.16181,0.21244,0.2536,0.27725,0.28141,0.26832,0.24323,0.21402,0.19072,0.18162,0.185,0.18854,0.17862,0.14696,0.092982,0.032016,0.069139,0.13416,0.17472,0.17778,0.14106,0.078189,0.06439,0.1367,0.20581,0.25628,0.29644,0.33821,0.37843,0.39774,0.37662,0.30998,0.21518,0.14161,0.14835,0.18141,0.18318,0.15899,0.15242,0.18112,0.20126,0.1778,0.10709,0.040445,0.11927,0.19137,0.21581,0.19682,0.17049,0.17918,0.20481,0.20623,0.18276,0.18691,0.25076,0.32165,0.17532
