4.1665,8.2498,7.9907,7.535,6.8646,5.9826,4.9287,3.7935,2.7431,2.063,2.0105,2.3394,2.622,2.6491,2.364,1.7953,1.0437,0.49609,1.0458,1.7828,2.3315,2.5954,2.543,2.2081,1.7387,1.5411,2.0531,3.0199,4.0845,5.0582,5.8262,6.3122,6.4696,6.2797,5.7516,4.9217,3.8533,2.6375,1.4152,0.69278,1.349,2.1577,2.7148,2.9535,2.8812,2.5671,2.1556,1.876,1.9251,2.2162,2.497,2.5848,2.3949,1.9187,1.2222,0.57959,0.96679,1.7761,2.4532,2.859,2.9292,2.6554,2.0908,1.3812,0.47898
0.30793,0.70103,0.9217,1.2291,1.5948,1.9962,2.406,2.7893,3.106,3.3155,3.3833,3.2883,3.0311,2.644,2.2063,1.8648,1.7974,2.0222,2.3516,2.5914,2.616,2.3547,1.7828,0.93061,0.47034,1.6794,3.0974,4.5115,5.801,6.8594,7.5997,7.9624,7.9213,7.4873,6.7089,5.6727,4.505,3.3855,2.5764,2.3465,2.5979,2.9355,3.0951,2.9712,2.5477,1.8663,1.0456,0.66299,1.4186,2.3349,3.1047,3.6168,3.8012,3.6197,3.0672,2.1793,1.0875,0.91853,2.2954,3.8521,5.3408,6.6357,7.6371,8.2696,4.2429
0.7255,4.0834,7.4213,10.174,12.048,12.906,12.743,11.686,9.9864,8.0209,6.3002,5.3901,5.4437,5.9248,6.2493,6.1432,5.5683,4.6244,3.4875,2.3672,1.4753,0.9664,0.74814,0.56583,0.60109,1.1357,1.8528,2.5177,2.9781,3.1362,2.9607,2.5108,1.9932,1.8464,2.3455,3.1473,3.9006,4.4342,4.6876,4.6805,4.496,4.2553,4.069,3.9762,3.9232,3.8085,3.5473,3.1075,2.5167,1.8606,1.2932,1.0456,1.1661,1.3722,1.4802,1.4611,1.3661,1.2814,1.2684,1.3075,1.326,1.267,1.1248,0.95659,0.43795
5.4613,10.683,9.9793,8.851,7.3633,5.601,3.6647,1.6686,0.4119,2.1521,3.7234,4.9818,5.8687,6.3522,6.4265,6.1114,5.4502,4.5066,3.3606,2.1045,0.85817,0.56183,1.5604,2.4146,3.0199,3.3492,3.4099,3.2495,2.9708,2.7527,2.8186,3.2696,3.996,4.8212,5.6041,6.2462,6.6816,6.8704,6.7956,6.4606,5.8871,5.112,4.1836,3.1578,2.0935,1.0488,0.09331,0.78948,1.5034,2.0558,2.4449,2.6853,2.8072,2.8545,2.8792,2.9316,3.0455,3.2287,3.4642,3.7225,3.973,4.1904,4.3567,4.4605,2.2479
2.703,5.3691,5.2572,5.0663,4.7943,4.4453,4.0376,3.6129,3.2477,3.053,3.1295,3.4864,4.0344,4.6572,5.2562,5.7572,6.1059,6.265,6.2123,5.9397,5.4531,4.7709,3.9228,2.948,1.8943,0.82876,0.43242,1.3683,2.2755,3.0529,3.6679,4.1019,4.3466,4.4035,4.2826,4.0009,3.581,3.0505,2.4434,1.8087,1.2503,1.0398,1.3913,2.0287,2.7365,3.4358,4.0873,4.6631,5.14,5.4981,5.7216,5.7999,5.729,5.5118,5.1593,4.6901,4.1297,3.5094,2.8642,2.2306,1.6438,1.1343,0.72559,0.43636,0.15854
2.3762,4.7004,4.5561,4.355,4.1547,4.0281,4.0414,4.2224,4.5446,4.9417,5.336,5.6569,5.8477,5.8675,5.6911,5.3087,4.7261,3.9646,3.0638,2.0941,1.2383,1.1201,1.8666,2.7703,3.5926,4.252,4.7065,4.9354,4.9383,4.7374,4.3818,3.9559,3.5876,3.4327,3.5962,4.0443,4.6444,5.26,5.7892,6.164,6.3441,6.3115,6.0686,5.6354,5.0482,4.3576,3.6277,2.9358,2.3712,2.0156,1.8861,1.8978,1.9319,1.915,1.8372,1.7507,1.7597,1.9617,2.3604,2.8781,3.424,3.9235,4.3201,4.5741,2.3307
2.2053,4.4649,4.6132,4.819,5.036,5.2192,5.3314,5.3455,5.2451,5.0237,4.6847,4.2406,3.7132,3.1349,2.5526,2.0369,1.6932,1.624,1.8084,2.1121,2.4181,2.6601,2.8042,2.8351,2.7495,2.5536,2.2617,1.8959,1.4887,1.0933,0.8165,0.81511,1.0601,1.3788,1.6754,1.9098,2.064,2.1317,2.1147,2.021,1.8646,1.6634,1.438,1.2094,0.99539,0.8057,0.63825,0.48449,0.36233,0.39444,0.6643,1.0939,1.6382,2.2761,2.9879,3.7515,4.5413,5.3299,6.0883,6.7881,7.4026,7.9078,8.2837,8.5155,4.2969
7.8557,13.822,8.8465,5.2685,10.158,15.123,16.647,15.016,12.252,10.081,8.6816,8.1535,8.0822,6.5374,2.6172,3.3217,7.5879,8.8452,6.817,3.7263,3.5841,4.4303,4.6137,5.3077,5.4064,3.4887,0.39495,2.9347,3.6546,2.2598,3.7346,7.3454,10.528,13.525,16.022,16.348,13.27,7.4077,1.3409,3.8791,5.4814,5.2826,5.3019,5.2374,4.0571,3.4331,4.716,5.1059,3.531,1.6456,3.2663,4.6205,4.4881,3.4725,2.5145,2.0506,1.8932,1.65,0.95684,0.18658,1.364,2.1065,2.253,2.0514,0.95813
2.6195,5.1419,4.8674,4.4731,4.0482,3.6459,3.22,2.7529,2.6371,3.5293,5.1477,6.7521,7.7512,7.7606,6.6602,4.6322,2.1879,1.3466,3.1046,4.4422,5.1326,5.4562,5.6851,5.7786,5.5293,5.022,4.9091,5.7096,6.7936,7.1645,6.2465,4.2005,3.3168,6.2452,9.8787,12.543,13.563,12.799,10.589,7.6795,5.1215,3.9989,4.1055,4.2707,4.2603,4.432,4.8286,5.0268,4.6635,3.72,2.5246,1.6411,1.3207,0.94163,0.82532,2.3245,4.2448,5.9264,6.93,7.0502,6.3905,5.3652,4.5532,4.2619,2.1211
0,0,0,0,0,0,0,0,0,0,0,0,0,0,0,0,0,0,0,0,0,0,0,0,0,0,0,0,0,0,0,0,0,0,0,0,0,0,0,0,0,0,0,0,0,0,0,0,0,0,0,0,0,0,0,0,0,0,0,0,0,0,0,0,0
3.6957,7.3667,7.2929,7.1695,6.9962,6.7728,6.4992,6.1757,5.8035,5.3842,4.9208,4.4172,3.879,3.3131,2.7292,2.1407,1.5703,1.0699,0.78635,0.91553,1.3076,1.7603,2.2,2.5981,2.9394,3.2145,3.4167,3.5418,3.5876,3.554,3.4425,3.2569,3.0027,2.6874,2.3211,1.9177,1.4984,1.104,0.83305,0.85114,1.149,1.5648,2.0093,2.4462,2.8572,3.2313,3.5613,3.8425,4.072,4.2489,4.3739,4.449,4.4776,4.4644,4.4149,4.3356,4.2337,4.1166,3.9925,3.8692,3.7548,3.6566,3.5812,3.5337,1.7588
2.3762,4.7004,4.5561,4.355,4.1547,4.0281,4.0414,4.2224,4.5446,4.9417,5.336,5.6569,5.8477,5.8675,5.6911,5.3087,4.7261,3.9646,3.0638,2.0941,1.2383,1.1201,1.8666,2.7703,3.5926,4.252,4.7065,4.9354,4.9383,4.7374,4.3818,3.9559,3.5876,3.4327,3.5962,4.0443,4.6444,5.26,5.7892,6.164,6.3441,6.3115,6.0686,5.6354,5.0482,4.3576,3.6277,2.9358,2.3712,2.0156,1.8861,1.8978,1.9319,1.915,1.8372,1.7507,1.7597,1.9617,2.3604,2.8781,3.424,3.9235,4.3201,4.5741,2.3307
3.4157,6.648,6.109,5.2477,4.1178,2.7917,1.3722,0.52062,1.7379,3.0412,4.1698,5.0576,5.6672,5.9841,6.0148,5.7861,5.3415,4.737,4.0353,3.2981,2.5776,1.9067,1.2932,0.73598,0.41654,0.85778,1.6145,2.4963,3.4509,4.4247,5.3559,6.1792,6.8319,7.2595,7.4206,7.2905,6.8632,6.1525,5.191,4.028,2.7266,1.3627,0.24186,1.3467,2.4949,3.4629,4.215,4.7417,5.0587,5.2067,5.248,5.2557,5.2952,5.4008,5.5619,5.7283,5.8305,5.8008,5.5867,5.1578,4.5087,3.6603,2.6653,1.6466,0.53283
3.2817,6.4654,6.1764,5.7114,5.0948,4.3588,3.5421,2.6879,1.8429,1.0588,0.42886,0.41892,0.78002,1.0206,1.0886,0.979,0.70332,0.28701,0.25825,0.85528,1.4816,2.0853,2.6182,3.0356,3.2997,3.3813,3.2628,2.9393,2.4203,1.7315,0.9279,0.40193,1.1567,2.101,2.9919,3.7565,4.3383,4.6918,4.7838,4.5957,4.1242,3.3822,2.3982,1.215,0.11291,1.5223,2.9447,4.3109,5.5547,6.6169,7.4491,8.0168,8.3009,8.2995,8.0275,7.516,6.8101,5.9658,5.047,4.1209,3.2537,2.5069,1.9328,1.5713,0.72396
0.043853,0.36292,0.69594,1.0052,1.2764,1.499,1.666,1.7734,1.8216,1.8161,1.7681,1.6964,1.6276,1.5937,1.6241,1.7321,1.9088,2.13,2.3674,2.5951,2.7919,2.9414,3.0322,3.0572,3.0147,2.9086,2.7495,2.5564,2.3599,2.2031,2.1375,2.2044,2.4111,2.7297,3.1177,3.535,3.9496,4.3368,4.6779,4.959,5.1702,5.305,5.3602,5.3356,5.2334,5.0584,4.8172,4.5181,4.1706,3.7851,3.3725,2.9438,2.5096,2.0804,1.666,1.276,0.92063,0.61467,0.39074,0.32107,0.40379,0.52359,0.62346,0.68678,0.35416
2.5641,4.8729,4.2727,3.8689,4.3171,5.5014,6.7697,7.6229,7.7941,7.2182,6.0274,4.5725,3.4972,3.5111,4.3507,5.3315,6.2424,7.1369,8.0288,8.7551,9.0396,8.653,7.561,6.0594,4.9299,5.0864,6.1347,6.9447,6.8521,5.6686,3.6121,1.8784,3.4504,5.9024,7.7242,8.5605,8.4106,7.5657,6.5439,5.8708,5.648,5.4547,4.8348,3.6208,1.9381,0.47254,1.8501,3.1177,3.7408,3.6699,3.0428,2.1948,1.7282,2.0275,2.5214,2.7423,2.576,2.0769,1.383,0.68899,0.46424,0.84343,1.1791,1.3711,0.71573
3.0633,6.0422,5.7921,5.3855,4.8374,4.1686,3.4051,2.5778,1.7222,0.88358,0.25825,0.75526,1.3645,1.8504,2.1814,2.3434,2.3349,2.1694,1.883,1.5537,1.3434,1.4635,1.9162,2.5291,3.1714,3.766,4.2636,4.6311,4.8489,4.9093,4.8158,4.5822,4.23,3.7865,3.2805,2.7395,2.1855,1.6349,1.109,0.70179,0.75778,1.2978,2.0261,2.8497,3.73,4.6316,5.5151,6.3378,7.0567,7.6324,8.0315,8.23,8.2149,7.9859,7.5556,6.9485,6.2003,5.3549,4.4617,3.5717,2.7331,1.9877,1.3698,0.91982,0.3683
0.72661,1.4216,1.3297,1.1856,1.0022,0.79498,0.58037,0.37341,0.18537,0.021472,0.12037,0.24877,0.37493,0.50684,0.64521,0.78358,0.91107,1.0157,1.0873,1.1192,1.1091,1.0587,0.9729,0.85721,0.71548,0.54774,0.34967,0.11417,0.16554,0.49243,0.86315,1.2669,1.6857,2.0961,2.471,2.7825,3.0051,3.1179,3.1073,2.9685,2.7066,2.3364,1.8815,1.3726,0.84464,0.33432,0.12364,0.49946,0.77127,0.92762,0.96962,0.91357,0.79595,0.68349,0.66822,0.78432,0.96444,1.1308,1.2342,1.2474,1.1596,0.97289,0.70106,0.36695,5.5511e-17
3.0515,6.0514,5.8967,5.641,5.2901,4.8582,4.3741,3.8897,3.4889,3.282,3.3553,3.6999,4.2181,4.7926,5.3267,5.7488,6.0082,6.0714,5.9205,5.5525,4.9778,4.2193,3.3111,2.2965,1.2301,0.2987,0.98927,1.9378,2.7739,3.454,3.953,4.2577,4.3657,4.2849,4.0322,3.6312,3.1108,2.5026,1.8411,1.1707,0.6143,0.67589,1.2506,1.8959,2.5309,3.1339,3.692,4.1927,4.6224,4.9665,5.2113,5.3451,5.3606,5.2557,5.0348,4.7089,4.2954,3.8169,3.2994,2.7711,2.2597,1.7923,1.3985,1.1193,0.50708
0,0,0,0,0,0,0,0,0,0,0,0,0,0,0,0,0,0,0,0,0,0,0,0,0,0,0,0,0,0,0,0,0,0,0,0,0,0,0,0,0,0,0,0,0,0,0,0,0,0,0,0,0,0,0,0,0,0,0,0,0,0,0,0,0
3.3983,6.6208,6.1091,5.3113,4.3257,3.34,2.714,2.8491,3.5841,4.4469,5.1457,5.5429,5.5933,5.3273,4.8477,4.3234,3.9505,3.8456,3.9471,4.0851,4.1377,4.1138,4.156,4.4482,5.0412,5.7901,6.4648,6.8588,6.833,6.3287,5.3682,4.0456,2.5107,0.94629,0.49152,1.5903,2.2756,2.4925,2.2619,1.6713,0.86542,0.23934,0.85706,1.3619,1.5116,1.2476,0.58253,0.47824,1.7209,3.0801,4.4021,5.5559,6.44,6.9918,7.192,7.0627,6.6598,6.0628,5.3627,4.65,4.0042,3.4838,3.1184,2.9092,1.4211
3.46,6.8874,6.7848,6.5986,6.3105,5.9029,5.364,4.691,3.8929,2.9911,2.0205,1.04,0.39962,1.082,1.9061,2.6145,3.1614,3.5249,3.6986,3.6914,3.5275,3.2464,2.904,2.5726,2.3367,2.2686,2.3876,2.6534,3.0106,3.4219,3.8712,4.3524,4.8572,5.3678,5.8546,6.2788,6.5967,6.7656,6.7487,6.5198,6.0664,5.3917,4.5164,3.4801,2.3481,1.2665,0.91702,1.7398,2.7094,3.5384,4.1417,4.4737,4.5114,4.252,3.7125,2.9287,1.9562,0.89032,0.56141,1.6106,2.6705,3.5851,4.2863,4.7265,2.4383
4.3448,8.567,8.2054,7.6224,6.8465,5.9154,4.8736,3.7702,2.6563,1.5815,0.59215,0.27199,0.97934,1.5082,1.8479,1.9987,1.972,1.7887,1.4782,1.0758,0.6205,0.15228,0.29096,0.67616,0.97794,1.1816,1.2864,1.3103,1.295,1.3068,1.4134,1.6371,1.9427,2.2709,2.5649,2.778,2.8749,2.8312,2.6347,2.2851,1.7941,1.1847,0.49012,0.24809,0.98253,1.6626,2.2377,2.6601,2.8881,2.8888,2.6405,2.1339,1.3737,0.3787,0.81918,2.1758,3.6372,5.1418,6.6243,8.0182,9.2599,10.292,11.066,11.546,5.8541
3.0633,6.0487,5.8183,5.4437,4.9395,4.3254,3.6266,2.8734,2.1021,1.3597,0.73787,0.55157,0.88137,1.2413,1.483,1.5717,1.5013,1.2866,0.98116,0.75869,0.95072,1.502,2.1783,2.87,3.5146,4.0657,4.4866,4.7502,4.8397,4.7488,4.4823,4.0545,3.4888,2.8145,2.0652,1.2753,0.48382,0.35738,1.1015,1.8282,2.5277,3.2093,3.8854,4.5641,5.245,5.916,6.5542,7.1285,7.6041,7.9465,8.1257,8.12,7.9184,7.522,6.9454,6.2162,5.3741,4.4703,3.5666,2.7366,2.0679,1.6494,1.5003,1.5064,0.76327
1.5827,3.1277,3.0167,2.8396,2.6088,2.3436,2.0718,1.8317,1.6684,1.6171,1.677,1.8078,1.9557,2.0752,2.1349,2.1175,2.0188,1.8493,1.6392,1.4474,1.364,1.4645,1.7343,2.0937,2.4665,2.7978,3.0498,3.197,3.2247,3.1283,2.9136,2.5968,2.2064,1.7875,1.4127,1.1938,1.2213,1.4365,1.705,1.9356,2.082,2.1235,2.0564,1.8906,1.6499,1.3751,1.1321,1.0131,1.0747,1.262,1.4781,1.6565,1.761,1.7755,1.6986,1.5417,1.3306,1.1094,0.94716,0.91847,1.0298,1.2081,1.3792,1.4973,0.76953
6.2368,12.219,11.47,10.276,8.7127,6.881,4.9054,2.9483,1.3933,1.6246,2.8691,3.9435,4.6534,4.9515,4.8396,4.3539,3.5616,2.5664,1.5629,1.1598,1.8556,2.8234,3.6789,4.305,4.6497,4.6942,4.4465,3.9378,3.2213,2.3765,1.5455,1.1079,1.5006,2.2466,2.9756,3.5754,4.0028,4.2419,4.2927,4.1665,3.8818,3.4615,2.9307,2.3175,1.6607,1.0517,0.82611,1.2852,2.0143,2.7935,3.5566,4.2682,4.9028,5.4407,5.8687,6.1803,6.3767,6.4667,6.4661,6.3968,6.2848,6.158,6.0436,5.9645,2.9682
1.4278,2.7528,2.4491,1.9579,1.301,0.50744,0.38754,1.3443,2.3204,3.2725,4.1582,4.938,5.577,6.0462,6.324,6.3967,6.2596,5.9167,5.3804,4.6713,3.8169,2.8502,1.8089,0.73268,0.33751,1.3619,2.3032,3.1284,3.81,4.3269,4.6654,4.8196,4.7909,4.5886,4.2285,3.7324,3.1268,2.4414,1.7081,0.95913,0.22551,0.46396,1.0842,1.6146,2.0402,2.3513,2.5447,2.6227,2.5928,2.4675,2.2627,1.9974,1.6918,1.3665,1.0416,0.73486,0.46155,0.23326,0.057486,0.062587,0.12813,0.14442,0.12031,0.067576,0
0.14571,0.23915,0.55532,1.248,2.0674,2.8597,3.5004,3.9063,4.0457,3.9354,3.6222,3.1562,2.5687,1.8782,1.1564,0.85919,1.5,2.3884,3.1619,3.6668,3.8305,3.6774,3.3682,3.2194,3.5306,4.2533,5.0958,5.8125,6.2757,6.4573,6.3993,6.1758,5.8547,5.4719,5.0364,4.5604,4.0927,3.7249,3.5432,3.5474,3.6354,3.6818,3.6107,3.4134,3.1332,2.8406,2.6092,2.5007,2.5529,2.7568,3.0425,3.2962,3.3958,3.2436,2.7921,2.0653,1.211,0.8814,1.6203,2.4969,3.1769,3.5858,3.7516,3.7721,1.8808
5.0081,10.153,10.103,9.075,6.7415,3.5357,1.8873,4.2231,6.1474,7.0288,7.2371,7.1655,6.7599,5.7837,4.4553,3.6681,3.7545,3.5601,2.4136,1.9879,4.2972,6.6618,7.9085,7.7089,6.3004,4.3266,2.7937,2.927,4.021,4.8018,4.7686,4.0498,4.0116,5.9406,8.5163,10.349,10.748,9.6565,7.6576,5.9026,5.3907,5.4907,5.0104,3.8697,3.5277,4.985,6.5988,7.2732,6.9204,6.1919,5.9275,6.0827,5.8657,4.8572,3.3258,2.0337,1.6233,1.7176,2.4851,4.0412,5.5541,6.2218,5.6535,4.1033,1.5015
6.1615,12,11.032,9.4412,7.3267,4.9359,2.8583,2.5,3.6112,4.4329,4.4236,3.5563,2.102,1.1431,2.3546,3.6993,4.4273,4.3879,3.652,2.4546,1.1665,0.73055,1.4149,1.9177,2.1865,2.4087,2.6742,2.8784,2.8783,2.6611,2.4043,2.3657,2.559,2.7244,2.6664,2.4169,2.2003,2.1741,2.1371,1.7397,0.8073,0.78964,2.5211,4.1934,5.3713,5.727,5.1288,3.7599,2.4907,3.1413,4.8564,6.1289,6.4297,5.6609,4.0397,2.1031,1.3501,2.3754,2.9448,2.587,1.4553,0.9003,2.365,3.6086,2.0356
3.5655,7.0673,6.8778,6.5683,6.1481,5.6301,5.0303,4.3683,3.6674,2.956,2.2728,1.6803,1.2937,1.2506,1.5005,1.8544,2.1934,2.4646,2.6439,2.7202,2.6905,2.5571,2.3277,2.0148,1.6376,1.229,0.86211,0.72379,0.9606,1.3882,1.8554,2.3034,2.7028,3.0348,3.2863,3.4488,3.5183,3.4956,3.3868,3.205,2.972,2.7217,2.5035,2.3805,2.4111,2.6155,2.965,3.4069,3.8901,4.3742,4.8286,5.2302,5.5623,5.8132,5.9761,6.049,6.0346,5.9406,5.7801,5.5713,5.3379,5.108,4.9124,4.7804,2.3669
2.54,4.989,4.7198,4.2839,3.7003,2.9938,2.1951,1.34,0.48218,0.47362,1.2722,2.0132,2.6513,3.1627,3.5328,3.7554,3.8339,3.7821,3.625,3.4009,3.1616,2.9704,2.8878,2.9471,3.1341,3.3985,3.6798,3.9257,4.0972,4.169,4.1275,3.9694,3.7011,3.3375,2.902,2.427,1.9567,1.5532,1.2987,1.2515,1.3657,1.5307,1.6618,1.714,1.6687,1.5271,1.3116,1.0835,0.9774,1.1455,1.5576,2.0916,2.6673,3.2377,3.7718,4.2482,4.6524,4.9774,5.2224,5.3933,5.501,5.5603,5.5873,5.5966,2.7993
0.45834,0.96936,1.1203,1.3543,1.6564,2.0134,2.412,2.8382,3.2769,3.7125,4.1294,4.5127,4.8488,5.1262,5.3357,5.4708,5.5281,5.5071,5.4105,5.2439,5.0153,4.735,4.415,4.0682,3.7081,3.348,3.0001,2.6746,2.3793,2.1183,1.8921,1.6978,1.5295,1.3804,1.2445,1.1173,0.99682,0.88337,0.77907,0.68689,0.60975,0.54965,0.5076,0.48446,0.48235,0.50504,0.5563,0.6372,0.74504,0.87424,1.0177,1.168,1.3178,1.4602,1.5895,1.7011,1.7918,1.8605,1.9076,1.9353,1.9475,1.9491,1.9453,1.9407,0.96942
3.7365,7.3468,6.9742,6.3726,5.5708,4.6092,3.5423,2.4527,1.5225,1.2787,1.911,2.7639,3.5506,4.1833,4.6256,4.8655,4.9093,4.7819,4.5268,4.2075,3.9054,3.7066,3.6714,3.7998,4.0311,4.2794,4.4655,4.5314,4.4412,4.1799,3.7515,3.1779,2.501,1.7941,1.2174,1.1116,1.5264,2.0774,2.5608,2.8968,3.0475,2.9962,2.7429,2.3029,1.7087,1.031,0.59434,1.0965,1.9308,2.7818,3.5756,4.2746,4.8567,5.3128,5.646,5.8702,6.0078,6.0855,6.1302,6.1632,6.1973,6.2354,6.2723,6.2995,3.1548
2.9483,6.1963,6.8149,7.2324,7.0752,6.2145,4.7951,3.4143,3.4156,4.937,6.6597,7.8821,8.315,7.8778,6.6451,4.8121,2.6564,0.57102,1.5614,3.0219,3.9087,4.1867,3.9251,3.2624,2.3685,1.4121,0.65385,0.97575,1.9183,2.9996,4.1412,5.2495,6.2018,6.8737,7.1664,7.0241,6.4436,5.4779,4.2479,3.0056,2.3568,2.9397,4.1829,5.4495,6.4725,7.1293,7.3719,7.2138,6.7239,6.0137,5.2147,4.4436,3.7644,3.1755,2.6474,2.199,1.9492,2.0159,2.3004,2.5679,2.6373,2.4231,1.9321,1.2849,0.44508
4.8363,10.052,10.828,11.306,10.971,9.6494,7.4929,4.926,2.7086,2.2775,3.2011,3.8061,3.801,3.343,2.649,1.8292,0.88986,0.50125,1.6129,2.7173,3.5137,3.8381,3.6277,2.9179,1.8634,1.1609,2.1627,3.7035,5.0624,5.9651,6.2991,6.1253,5.6675,5.2438,5.1511,5.5461,6.3682,7.3346,8.0177,7.9898,6.9901,5.0665,2.7495,2.0529,3.6364,4.792,4.9496,4.4695,4.3006,4.9584,5.742,5.9776,5.7372,5.7565,6.5389,7.5156,7.833,7.0951,5.4912,3.7776,3.0496,3.1877,2.9167,1.7819,0.17165
8.1255,13.906,8.4,2.4663,3.3607,5.4402,3.0329,5.0162,8.3353,5.736,0.33153,3.9738,3.9481,2.2575,2.308,6.2831,5.6716,2.6695,7.5422,7.3749,2.6484,1.6488,1.0183,6.7139,10.592,11.235,13.776,17.72,15.623,7.1691,4.9314,5.341,5.1735,9.4389,8.5419,6.0603,4.9787,2.1772,5.2866,8.7606,9.351,6.7139,9.9287,12.569,8.1723,6.1123,6.8696,3.2182,3.2569,1.3467,3.6075,6.7672,8.5876,9.5222,7.458,6.4199,7.7259,6.6296,2.0631,3.4742,4.1515,2.8291,11.063,12.722,5.0151
7.6229,15.164,14.012,10.563,5.2831,3.5325,7.1484,8.3923,6.4847,2.7584,1.9208,3.8663,3.6586,2.0261,3.4047,6.4258,8.474,8.8514,7.5129,4.9619,2.2076,1.2954,2.0282,2.204,2.4697,2.8907,2.7696,2.274,2.4001,2.6129,1.987,2.9964,6.5701,10.21,12.464,12.571,10.504,6.8651,2.9423,3.363,6.3855,8.2304,8.4902,7.409,5.4955,3.2811,1.5845,2.0559,2.791,2.3097,0.6756,2.1542,4.276,5.049,3.9987,1.8305,3.1358,6.1036,7.9845,8.2861,7.2055,5.3293,3.3095,1.5986,0.30805
3.6219,7.0199,6.3784,5.411,4.277,3.2256,2.6087,2.6281,2.9699,3.2203,3.1848,2.8351,2.2488,1.5819,1.0535,0.83085,0.7258,0.51374,0.80448,1.8698,3.2784,4.7989,6.2144,7.3175,7.9367,7.962,7.3615,6.1883,4.5797,2.7756,1.4165,2.0685,3.4708,4.6229,5.3498,5.6387,5.5624,5.2589,4.9098,4.6915,4.689,4.8382,4.9767,4.9378,4.6056,3.9311,2.9361,1.7222,0.67095,1.3145,2.3953,3.1968,3.602,3.6305,3.4581,3.4268,3.8388,4.6186,5.4326,5.9775,6.0701,5.6616,4.8572,3.9671,1.7724
13.355,25.166,20.9,14.875,8.3081,2.3216,2.2648,4.8482,5.1895,3.6261,3.1121,6.5705,10.19,12.2,12.176,10.903,10.045,10.344,10.554,9.5002,7.405,5.7877,5.7554,5.8949,4.9254,3.3227,3.3875,5.0562,6.2181,6.3918,6.0222,5.8885,6.3213,6.8596,6.8358,5.8487,4.0425,2.8706,4.2021,5.7913,6.0286,4.5846,1.9052,1.5354,4.2273,6.108,7.2049,7.8812,8.2096,7.8562,6.5626,4.536,2.462,1.2967,1.0354,0.52944,1.2568,2.6024,3.5573,3.9355,4.0346,4.33,4.8991,5.4219,2.8124
2.5152,4.983,4.8416,4.6077,4.2845,3.8772,3.3951,2.854,2.2842,1.752,1.413,1.4928,1.9743,2.6487,3.3838,4.1142,4.8002,5.4121,5.926,6.3222,6.5852,6.7038,6.6717,6.4876,6.1554,5.6843,5.0884,4.3865,3.6019,2.7627,1.905,1.0959,0.62647,1.0298,1.705,2.3511,2.9108,3.3626,3.6963,3.9091,4.0034,3.9869,3.8714,3.6723,3.4076,3.0973,2.7622,2.4232,2.1004,1.8111,1.5685,1.3788,1.2387,1.1363,1.0552,0.98,0.89979,0.80918,0.70724,0.59589,0.47846,0.35832,0.23803,0.11892,0.0053205
0.19995,0.49823,0.70976,0.94825,1.1799,1.389,1.566,1.7039,1.7977,1.8435,1.8392,1.7835,1.677,1.5211,1.3188,1.0742,0.79285,0.4821,0.16254,0.23868,0.59204,0.95396,1.3091,1.6478,1.9615,2.2423,2.4828,2.6763,2.8175,2.9017,2.9257,2.8874,2.7862,2.6229,2.3997,2.1204,1.7903,1.4174,1.0139,0.60972,0.35915,0.599,1.0417,1.5143,1.9821,2.4295,2.8449,3.2188,3.5425,3.8089,4.0118,4.1463,4.2089,4.1977,4.112,3.9528,3.7224,3.4248,3.0652,2.6502,2.188,1.6881,1.1635,0.63989,0.14728
0.043853,0.31513,0.60467,0.88434,1.1449,1.3802,1.5855,1.7573,1.8933,1.9925,2.0552,2.0827,2.0773,2.0421,1.9809,1.8975,1.7957,1.679,1.5504,1.4119,1.2644,1.1083,0.94296,0.76812,0.58558,0.40687,0.28764,0.35663,0.58242,0.87478,1.2062,1.5674,1.9525,2.3557,2.7705,3.189,3.6026,4.0011,4.3741,4.7104,4.9987,5.228,5.3878,5.4689,5.4636,5.366,5.1728,4.883,4.4985,4.0244,3.4686,2.8427,2.1618,1.4481,0.75348,0.44914,1.0004,1.6877,2.3492,2.9495,3.4676,3.8874,4.1965,4.3856,2.2246
4.6463,9.2786,9.2227,9.0866,8.8193,8.3705,7.7019,6.7948,5.6544,4.3111,2.8224,1.3037,0.76519,2.0957,3.445,4.5837,5.4343,5.9496,6.1078,5.9123,5.3914,4.5964,3.5992,2.4917,1.409,0.78019,1.2893,2.0573,2.6963,3.153,3.4435,3.6218,3.7624,3.9346,4.1711,4.4518,4.7166,4.8916,4.9115,4.7313,4.3324,3.723,2.9379,2.0424,1.1712,0.82551,1.4169,2.1892,2.869,3.3976,3.7695,4.01,4.164,4.2827,4.4043,4.5383,4.6624,4.7336,4.7063,4.5486,4.2539,3.8498,3.4066,3.0422,1.4486
3.6926,7.2963,7.0349,6.6168,6.0695,5.4346,4.7717,4.164,3.7179,3.5343,3.6426,3.9681,4.3877,4.7927,5.1065,5.2808,5.2893,5.1228,4.7871,4.3016,3.698,3.0222,2.3395,1.7553,1.4414,1.5256,1.8696,2.2684,2.6164,2.8735,3.031,3.0977,3.0915,3.0333,2.9399,2.8179,2.6615,2.4537,2.1724,1.7975,1.3209,0.77404,0.49301,1.0719,1.9217,2.834,3.7434,4.5983,5.3513,5.9603,6.3906,6.6174,6.6276,6.4213,6.0113,5.4235,4.6947,3.8707,3.0036,2.1484,1.3594,0.6874,0.18075,0.16276,0.13397
2.1416,3.9376,2.9353,1.3773,0.58014,2.7403,4.8865,6.8034,8.2983,9.2204,9.4746,9.0306,7.9247,6.2549,4.1701,1.8549,0.48998,2.6671,4.5016,5.8568,6.6465,6.8402,6.4642,5.5953,4.3505,2.8731,1.3164,0.17223,1.4659,2.4696,3.1275,3.4252,3.3877,3.0724,2.5597,1.941,1.307,0.73616,0.28613,0.011562,0.15336,0.16155,0.078762,0.03991,0.13626,0.15834,0.068713,0.14958,0.48998,0.9228,1.3988,1.8557,2.2263,2.4482,2.4718,2.2683,1.8345,1.1941,0.39627,0.48897,1.3786,2.1858,2.8296,3.2445,1.6938
3.7279,5.4726,1.1597,6.6199,12.008,14.351,12.905,8.4022,2.7516,2.599,5.0922,5.2044,4.4681,4.8821,5.1565,3.3888,1.3776,6.2552,10.735,12.811,11.693,7.8528,2.8122,1.7955,4.3528,5.4711,7.2012,10.109,12.332,12.249,9.4305,4.6218,0.9063,5.2208,7.8158,8.6166,8.3461,7.7239,6.9116,5.9336,5.3292,5.4731,5.5759,4.7612,2.9901,1.3569,2.1458,3.0604,3.1372,2.8357,2.717,2.6238,2.3055,2.2239,2.6458,2.8499,2.4446,2.1169,2.8835,3.9423,4.6816,5.4744,6.7493,8.0602,4.3063
5.9366,11.762,11.438,10.928,10.277,9.5383,8.7764,8.0521,7.4137,6.8853,6.4593,6.1,5.7574,5.3841,4.9489,4.4431,3.8834,3.3124,2.7977,2.4231,2.2517,2.2662,2.3694,2.454,2.4478,2.3194,2.0763,1.7741,1.5422,1.5749,1.9416,2.51,3.1344,3.7198,4.2051,4.5499,4.7303,4.7371,4.5743,4.2584,3.8162,3.2823,2.696,2.0986,1.5294,1.0226,0.6032,0.28375,0.081449,0.17215,0.35875,0.59365,0.87792,1.1919,1.5053,1.7849,1.9995,2.1231,2.1372,2.0325,1.8096,1.4797,1.0658,0.61198,0.15589
1.6123,3.2457,3.3064,3.4002,3.5171,3.646,3.7754,3.8946,3.994,4.0653,4.1019,4.0985,4.0515,3.9586,3.8195,3.6353,3.4091,3.1463,2.8548,2.5463,2.2375,1.9528,1.726,1.5977,1.597,1.7191,1.9278,2.1798,2.4403,2.6841,2.8934,3.0553,3.1605,3.2025,3.1768,3.0816,2.9166,2.684,2.388,2.0354,1.6373,1.2135,0.815,0.61414,0.83595,1.2941,1.8178,2.3542,2.881,3.3849,3.8559,4.2868,4.6721,5.0083,5.2938,5.529,5.716,5.8586,5.962,6.0325,6.0771,6.1028,6.1159,6.1215,3.0615
3.2166,6.3473,6.0922,5.6767,5.1151,4.4263,3.6337,2.7642,1.8475,0.91867,0.18657,0.93097,1.7399,2.4621,3.0733,3.5568,3.9019,4.1034,4.1619,4.0836,3.8797,3.5663,3.1634,2.6941,2.1838,1.6589,1.1459,0.6706,0.25863,0.10375,0.33099,0.46453,0.49122,0.42263,0.32341,0.4066,0.73823,1.1933,1.7127,2.2619,2.8107,3.33,3.7921,4.1708,4.4432,4.5896,4.5954,4.4511,4.1536,3.7068,3.1236,2.4307,1.6907,1.1132,1.2503,2.0359,3.0076,4.0056,4.9653,5.8444,6.6097,7.2341,7.696,7.9796,4.0376
1.1121,2.1375,1.9691,2.0165,2.5667,3.5001,4.5015,5.2868,5.6338,5.4015,4.556,3.1865,1.5249,0.73759,2.0857,3.1568,3.6016,3.3703,2.5861,1.595,1.2383,1.801,2.2022,1.9781,1.0448,0.65597,2.5917,4.6614,6.4945,7.8109,8.4437,8.3699,7.7132,6.7105,5.6386,4.7058,3.9583,3.3289,2.8447,2.7559,3.1986,3.8523,4.2951,4.2527,3.6186,2.4464,0.99129,1.0793,2.5093,3.6026,4.1253,4.0318,3.4317,2.5917,1.9296,1.7741,1.8449,1.7748,1.8474,2.7765,4.4383,6.3157,7.9897,9.1366,4.7719
1.4841,4.0894,5.9421,7.2443,7.572,6.9304,5.8385,5.5603,7.0315,9.3598,11.401,12.509,12.423,11.202,9.1712,6.8587,4.9096,3.8788,3.6817,3.7032,3.6611,3.6222,3.6055,3.4233,2.8557,1.8443,0.67778,1.2544,2.4277,3.165,3.3372,3.1423,3.1634,3.8974,5.0532,6.0921,6.6944,6.7912,6.5308,6.1998,6.0476,6.0892,6.1229,5.9436,5.4967,4.9047,4.4098,4.2285,4.3751,4.6916,5.0286,5.3023,5.4409,5.3437,4.9027,4.0662,2.9214,1.9006,2.0808,3.2373,4.3754,5.1618,5.5581,5.6807,2.8476
2.1416,4.2731,4.2379,4.1649,4.037,3.8382,3.557,3.1904,2.7453,2.2388,1.6986,1.1646,0.70521,0.48866,0.63292,0.86894,1.0481,1.1425,1.1596,1.1219,1.0581,0.99582,0.96308,1.0053,1.1953,1.5938,2.2104,3.0176,3.9696,5.0067,6.0579,7.0448,7.8869,8.509,8.8478,8.8579,8.5169,7.8283,6.822,5.5527,4.0957,2.5413,0.9873,0.46867,1.7373,2.7448,3.4381,3.7894,3.7971,3.4855,2.9022,2.1139,1.2069,0.37839,0.83047,1.6361,2.3007,2.7601,2.9844,2.9652,2.7132,2.257,1.6431,0.95072,0.24499
4.6914,9.1427,8.4378,7.315,5.8514,4.1576,2.4159,1.2853,2.17,3.6446,4.9437,5.9,6.4374,6.5207,6.1489,5.3527,4.1966,2.7929,1.4478,1.5596,3.0549,4.6687,6.1279,7.3204,8.1764,8.6556,8.7445,8.4557,7.8256,6.9116,5.7886,4.5457,3.2886,2.1607,1.4357,1.4689,1.9438,2.3991,2.6872,2.7862,2.726,2.5711,2.412,2.344,2.4198,2.6141,2.8498,3.0482,3.1535,3.136,2.9901,2.7311,2.3928,2.0267,1.6999,1.483,1.4101,1.4401,1.4893,1.4896,1.4064,1.2359,1.0022,0.76787,0.32872
3.1997,6.3401,6.1635,5.873,5.4743,4.9752,4.3858,3.718,2.9854,2.2032,1.388,0.55876,0.28563,1.0894,1.8619,2.5808,3.2302,3.7958,4.2659,4.6312,4.8855,5.0257,5.0525,4.9705,4.7884,4.5193,4.1815,3.7989,3.4022,3.0299,2.7272,2.5378,2.4861,2.5595,2.7137,2.8953,3.0579,3.1675,3.2011,3.1446,2.9918,2.7426,2.4034,1.9879,1.5221,1.0646,0.78864,0.96448,1.453,2.0284,2.6059,3.1483,3.6326,4.0431,4.369,4.6047,4.7492,4.8071,4.7883,4.7081,4.5874,4.451,4.3264,4.2389,2.1037
1.4724,2.9211,2.8508,2.7352,2.5768,2.3788,2.1458,1.8834,1.5987,1.3019,1.0091,0.75242,0.60209,0.64327,0.84169,1.1037,1.3785,1.6435,1.8867,2.1006,2.28,2.421,2.5211,2.5787,2.5933,2.565,2.495,2.3852,2.2381,2.0571,1.8459,1.6089,1.3507,1.0764,0.79093,0.49966,0.20826,0.085556,0.36186,0.62764,0.87651,1.1049,1.3097,1.4889,1.6405,1.7638,1.8581,1.9239,1.962,1.9737,1.9609,1.9262,1.872,1.8016,1.7181,1.6251,1.5259,1.4244,1.3242,1.2291,1.1432,1.0703,1.0145,0.97938,0.48368
0,0,0,0,0,0,0,0,0,0,0,0,0,0,0,0,0,0,0,0,0,0,0,0,0,0,0,0,0,0,0,0,0,0,0,0,0,0,0,0,0,0,0,0,0,0,0,0,0,0,0,0,0,0,0,0,0,0,0,0,0,0,0,0,0
0.41795,0.96815,1.2696,1.6144,1.9373,2.2057,2.4029,2.5215,2.5629,2.5368,2.4613,2.3631,2.2756,2.233,2.26,2.3609,2.5186,2.7035,2.8842,3.0337,3.1322,3.1666,3.1309,3.0252,2.8555,2.6335,2.377,2.111,1.8696,1.6968,1.6374,1.7137,1.9106,2.1913,2.521,2.8746,3.2356,3.5923,3.935,4.2548,4.5427,4.7893,4.9854,5.1223,5.1927,5.1909,5.1137,4.9609,4.7349,4.4414,4.0889,3.6887,3.2545,2.8024,2.351,1.9226,1.5452,1.2554,1.0924,1.0682,1.1433,1.256,1.3607,1.4317,0.72825
2.1722,7.4916,12.186,15.778,17.58,17.444,15.596,12.552,9.0138,5.7614,3.5505,2.6826,2.323,1.8799,2.1156,3.3583,4.7237,5.6338,5.8354,5.3156,4.2651,3.0325,2.0672,1.6854,1.5884,1.3563,1.1307,1.4571,2.134,2.6569,2.7813,2.4822,1.9932,1.8778,2.4168,3.116,3.5778,3.7135,3.6856,3.8118,4.2717,4.893,5.3536,5.4147,4.989,4.1327,3.0118,1.8586,0.94997,0.62681,0.68426,0.60013,0.42619,0.57759,0.94097,1.228,1.3702,1.4201,1.4828,1.5977,1.6858,1.6376,1.4078,1.0689,0.43795
2.6443,5.2186,5.0191,4.7216,4.3804,4.0721,3.8848,3.8862,4.0837,4.4185,4.8005,5.1428,5.3758,5.4501,5.3348,5.0158,4.4949,3.7889,2.9287,1.9613,0.97806,0.58408,1.4081,2.3266,3.1324,3.7672,4.1976,4.4078,4.4022,4.2093,3.8892,3.5446,3.3245,3.3798,3.7574,4.3667,5.0681,5.7423,6.3035,6.694,6.8798,6.847,6.6007,6.1634,5.5734,4.8831,4.1573,3.4712,2.9034,2.5157,2.3151,2.2352,2.1787,2.0726,1.8926,1.6709,1.509,1.5557,1.869,2.3548,2.891,3.388,3.7841,4.0379,2.0626
13.355,25.29,21.21,15.067,7.907,1.2002,3.977,6.2572,5.7218,3.8268,4.8063,7.9659,10.154,10.661,10.105,9.7431,10.142,10.62,10.468,9.676,8.6147,7.4465,5.9834,4.1764,2.8452,3.5215,5.088,6.2729,6.8411,6.9129,6.6476,6.1133,5.3164,4.3458,3.6508,4.0625,5.4545,6.8127,7.3457,6.6498,4.7366,2.0289,1.1617,3.5822,5.2531,6.046,6.2247,6.1628,6.0703,5.9195,5.5951,5.029,4.2752,3.6532,3.7267,4.4872,5.2321,5.4353,5.0205,4.3188,3.791,3.4741,2.9469,2.0091,0.65472
1.8556,3.6212,3.3549,2.9241,2.3479,1.6523,0.87299,0.19906,0.88916,1.7319,2.5315,3.25,3.8579,4.3323,4.6569,4.8235,4.8315,4.6893,4.4136,4.0304,3.5756,3.0967,2.6555,2.3259,2.173,2.2067,2.3657,2.5635,2.7305,2.8236,2.8214,2.7195,2.5279,2.2722,1.9962,1.7671,1.6667,1.7452,1.9732,2.2733,2.5737,2.8242,2.9925,3.0598,3.0181,2.8702,2.6294,2.323,1.9976,1.7296,1.6221,1.7427,2.0525,2.4576,2.8815,3.2762,3.6136,3.8791,4.0686,4.1865,4.2444,4.2592,4.2503,4.2361,2.1149
1.0821,2.1537,2.1228,2.0728,2.0055,1.924,1.8319,1.7342,1.6364,1.5451,1.4673,1.4096,1.3773,1.3728,1.3947,1.4388,1.4984,1.5663,1.6355,1.7001,1.7551,1.7967,1.822,1.8292,1.8173,1.7859,1.7356,1.6676,1.5836,1.4863,1.3788,1.2654,1.151,1.0417,0.94501,0.86891,0.82091,0.80536,0.8212,0.86218,0.91943,0.98422,1.0493,1.1093,1.1603,1.1997,1.2258,1.2378,1.2354,1.2189,1.1889,1.1463,1.0925,1.0287,0.95658,0.87766,0.7935,0.70566,0.61563,0.52496,0.43539,0.34937,0.27139,0.2111,0.093364
0.093682,0.86192,1.6659,2.4214,3.0949,3.657,4.0823,4.3513,4.4555,4.4013,4.2145,3.9444,3.6629,3.4533,3.3785,3.4401,3.5716,3.6744,3.6577,3.457,3.0412,2.4187,1.6689,1.1335,1.5592,2.6113,3.7852,4.9072,5.8824,6.6445,7.1488,7.3719,7.312,6.9875,6.4354,5.7067,4.8636,3.9754,3.1186,2.3833,1.8834,1.7229,1.8698,2.1689,2.4979,2.7971,3.0372,3.1984,3.264,3.2192,3.0539,2.7659,2.3634,1.8682,1.3261,0.85511,0.78619,1.206,1.7613,2.3,2.7712,3.1511,3.4277,3.5952,1.8256
0,0,0,0,0,0,0,0,0,0,0,0,0,0,0,0,0,0,0,0,0,0,0,0,0,0,0,0,0,0,0,0,0,0,0,0,0,0,0,0,0,0,0,0,0,0,0,0,0,0,0,0,0,0,0,0,0,0,0,0,0,0,0,0,0
4.1536,7.7137,6.116,4.0927,2.8255,3.2468,3.905,3.7099,2.4929,0.52431,1.7338,3.6612,4.7703,4.7551,3.6343,2.1518,3.0556,5.6622,8.0763,9.6661,10.165,9.5671,8.0814,6.0668,3.9467,2.1444,1.1081,0.9882,0.91782,0.61059,0.89608,1.9136,3.1354,4.3757,5.501,6.3819,6.8987,6.9683,6.5764,5.8089,4.8821,4.1568,3.9959,4.366,4.8536,5.0909,4.8877,4.1933,3.0556,1.5959,0.28547,1.7367,3.1986,4.357,5.1111,5.419,5.2969,4.8127,4.0719,3.1984,2.3148,1.524,0.89836,0.4772,0.15487
4.8151,9.8218,9.9611,9.2561,7.2587,4.1063,1.2427,3.9557,6.7221,8.1092,7.9741,6.7256,5.3219,4.9042,5.354,5.5045,4.7212,3.0563,1.374,2.4028,4.1792,5.2979,5.558,5.0532,4.0281,2.7586,1.4536,0.36816,1.2477,2.5871,4.0185,5.4775,6.848,7.969,8.6603,8.7664,8.2091,7.0424,5.5176,4.2043,3.9461,4.727,5.5832,5.8922,5.5208,4.8011,4.5777,5.4519,6.8186,7.8128,7.9449,7.0936,5.4449,3.4064,1.4845,0.39846,0.95475,1.5381,2.454,3.595,4.4637,4.6288,3.9038,2.4457,0.63156
0.9446,2.4922,3.2017,3.2721,3.3571,4.5937,6.3699,7.4411,7.0719,5.1585,2.2847,1.7886,4.1201,5.2544,4.788,3.0624,0.91207,0.94604,1.5831,2.01,4.1983,7.3784,10.162,11.478,10.734,7.9786,3.9668,2.0397,5.3094,7.7781,8.8135,8.952,9.1179,9.7084,10.224,10.026,8.9412,7.2775,5.5305,3.992,2.5963,1.5366,2.2073,3.7344,4.8865,5.2437,4.7284,3.5064,1.8982,0.77834,1.9818,3.2865,4.0415,4.0547,3.4286,2.8802,3.4535,4.6032,5.2441,4.9788,4.2929,4.6462,6.3735,8.0859,4.3824
4.2574,8.3761,7.9667,7.3063,6.4264,5.369,4.1842,2.928,1.6617,0.48749,0.78806,1.7628,2.5807,3.1978,3.596,3.7713,3.732,3.4977,3.0974,2.5675,1.9493,1.2869,0.63319,0.25329,0.71685,1.2414,1.7193,2.1603,2.5923,3.0477,3.5515,4.1121,4.7188,5.3445,5.9524,6.5012,6.9504,7.2639,7.4124,7.376,7.1446,6.7189,6.1103,5.3402,4.4397,3.4493,2.4233,1.4582,0.88909,1.2809,2.0403,2.7676,3.373,3.8248,4.11,4.2267,4.181,3.9851,3.656,3.213,2.677,2.0689,1.4086,0.7157,0.038458
1.2136,2.4381,2.4687,2.5124,2.5608,2.606,2.6427,2.6705,2.6945,2.7257,2.7792,2.8703,3.0097,3.1989,3.4286,3.6815,3.9355,4.1683,4.3601,4.4962,4.5684,4.5761,4.5268,4.4354,4.3222,4.2095,4.1163,4.0526,4.0157,3.9903,3.9532,3.8798,3.7497,3.5513,3.2843,2.9612,2.6081,2.2638,1.9755,1.7834,1.6935,1.6638,1.6269,1.5245,1.3286,1.0686,0.91782,1.1892,1.8573,2.7256,3.683,4.6553,5.5787,6.3944,7.0486,7.4953,7.6992,7.6374,7.3024,6.7036,5.8701,4.8564,3.7599,2.7795,1.1681
3.4247,6.735,6.3982,5.8586,5.1509,4.3308,3.4904,2.7937,2.5018,2.7785,3.4448,4.2346,4.983,5.5981,6.0261,6.2355,6.213,5.9609,5.4967,4.854,4.0839,3.2627,2.5119,2.0319,2.0247,2.4041,2.8992,3.3276,3.5978,3.6655,3.5133,3.1435,2.5744,1.8402,1.0017,0.42027,1.1397,2.091,3.0012,3.8085,4.472,4.9633,5.2653,5.373,5.293,5.0436,4.653,4.1589,3.6078,3.0547,2.5638,2.2037,2.0245,2.0195,2.1225,2.2562,2.3673,2.4297,2.4367,2.3944,2.3172,2.2241,2.1362,2.0736,1.0254
5.9217,11.392,10.096,8.1353,5.8383,3.7434,2.6979,2.8791,3.0443,2.5047,1.3038,1.0572,2.7073,4.1399,4.8841,4.81,4.0795,3.1954,2.926,3.4116,3.9532,4.1158,3.8724,3.4119,2.9747,2.7538,2.8927,3.3932,3.9679,4.1498,3.4951,1.7439,1.2143,4.8401,8.7035,12.05,14.184,14.618,13.214,10.238,6.3374,2.5661,2.1028,3.7231,3.9277,2.5884,1.055,3.42,6.0209,7.6179,7.7878,6.5275,4.2381,1.8198,1.9923,3.4308,3.8819,3.1781,1.7318,1.4203,2.9968,4.2979,4.9283,5.0362,2.5002
1.3767,2.3648,1.28,0.41163,2.1362,3.7946,5.0538,5.7323,5.7829,5.2957,4.48,3.6398,3.1357,3.2039,3.7219,4.4076,5.0468,5.4903,5.6449,5.5113,5.2288,5.059,5.2109,5.6111,5.9571,5.9583,5.4657,4.4865,3.1458,1.6236,0.31092,1.61,3.207,4.8611,6.4834,7.8652,8.7314,8.8332,8.0353,6.3722,4.061,1.4699,0.95432,2.7743,3.6704,3.5263,2.5643,1.9646,3.3719,5.3688,6.9084,7.5514,7.1408,5.7709,3.7765,1.8658,1.9234,3.1884,3.9286,3.9064,3.3063,2.607,2.4106,2.691,1.4343
0,0,0,0,0,0,0,0,0,0,0,0,0,0,0,0,0,0,0,0,0,0,0,0,0,0,0,0,0,0,0,0,0,0,0,0,0,0,0,0,0,0,0,0,0,0,0,0,0,0,0,0,0,0,0,0,0,0,0,0,0,0,0,0,0
0.45834,1.0239,1.2867,1.6163,1.9594,2.2878,2.5844,2.8375,3.0385,3.1809,3.2605,3.2749,3.2239,3.1092,2.9348,2.7068,2.4336,2.1259,1.7974,1.4659,1.1564,0.90816,0.77769,0.79927,0.92985,1.0986,1.2605,1.394,1.4902,1.5475,1.5686,1.5598,1.5295,1.4864,1.4385,1.3906,1.3434,1.2923,1.2292,1.1436,1.0252,0.86505,0.65689,0.3982,0.1024,0.28898,0.69079,1.1315,1.5988,2.0813,2.5669,3.0438,3.5005,3.927,4.3149,4.6578,4.9521,5.1964,5.3922,5.5429,5.6538,5.7309,5.7804,5.8078,2.9082
2.7782,5.4976,5.3228,5.0374,4.6507,4.1762,3.6316,3.0397,2.4288,1.8347,1.3072,0.92515,0.78657,0.85842,0.97003,1.0093,0.93231,0.72903,0.42033,0.25559,0.69073,1.2766,1.8993,2.5135,3.0804,3.5654,3.9397,4.1813,4.2771,4.2229,4.024,3.6944,3.255,2.7319,2.154,1.5525,0.97145,0.55869,0.73738,1.2971,1.9577,2.6773,3.4488,4.2628,5.1004,5.9326,6.7229,7.4305,8.0144,8.4371,8.6681,8.6871,8.4857,8.0691,7.4567,6.6819,5.7915,4.8455,3.9167,3.0926,2.4717,2.1294,2.0401,2.0711,1.0483
13.355,25.352,21.438,15.5,8.4964,1.8382,3.6224,6.1499,5.7464,3.1775,3.3038,7.3162,10.578,12.135,12.161,11.479,10.879,10.416,9.6437,8.3777,6.9593,5.884,5.1958,4.4988,3.6314,3.011,3.2128,3.9817,4.7931,5.5008,6.1619,6.8016,7.2946,7.395,6.8824,5.759,4.474,4.0019,4.6275,5.2383,4.967,3.5888,1.3586,1.5282,4.0799,6.1243,7.3923,7.8522,7.6137,6.8414,5.7037,4.3706,3.0266,1.864,1.0475,0.6609,0.75365,1.3405,2.2548,3.2891,4.2419,4.9613,5.3908,5.579,2.8124
0,0,0,0,0,0,0,0,0,0,0,0,0,0,0,0,0,0,0,0,0,0,0,0,0,0,0,0,0,0,0,0,0,0,0,0,0,0,0,0,0,0,0,0,0,0,0,0,0,0,0,0,0,0,0,0,0,0,0,0,0,0,0,0,0
6.7739,12.768,10.573,7.3618,3.7084,0.24721,2.5492,4.3213,5.0873,5.141,4.9237,4.7052,4.3799,3.7158,2.7594,2.1205,2.4432,2.9952,3.1299,3.1512,3.9928,5.6299,7.1342,7.728,7.0169,5.0622,2.5544,2.3175,4.3508,5.5813,5.4855,4.55,4.473,6.2642,8.4382,9.787,9.8987,8.9645,7.6375,6.6718,6.2176,5.6782,4.5595,3.1259,2.8677,4.2482,5.5782,6.0956,5.8021,5.2401,5.1711,5.6901,6.1023,5.8019,4.6023,2.6694,0.49183,1.9325,3.6994,4.8092,5.2297,5.1108,4.7135,4.3237,2.0826
2.362,4.5641,4.1007,3.3811,2.4798,1.5009,0.67243,0.86473,1.5981,2.2368,2.6981,2.9752,3.0905,3.0845,3.012,2.942,2.9552,3.1244,3.478,3.9804,4.5499,5.088,5.4986,5.7002,5.6361,5.2826,4.6561,3.8209,2.9049,2.1473,1.9162,2.2728,2.8088,3.2357,3.4622,3.5149,3.5052,3.5868,3.8625,4.3043,4.785,5.1655,5.3488,5.2995,5.0508,4.704,4.4106,4.3103,4.4344,4.6767,4.8752,4.8999,4.6873,4.2463,3.6573,3.0698,2.6778,2.5998,2.7357,2.8653,2.8249,2.5503,2.0688,1.5172,0.6154
4.126,8.152,7.8553,7.3717,6.7175,5.9156,4.995,3.9919,2.952,1.9437,1.1331,1.0228,1.6063,2.2785,2.8466,3.2542,3.4792,3.5167,3.3754,3.078,2.6632,2.1928,1.7697,1.5531,1.6646,2.0215,2.4568,2.8601,3.1736,3.37,3.4426,3.4011,3.2703,3.0882,2.9028,2.7633,2.7045,2.7311,2.8156,2.9138,2.9828,2.992,2.9261,2.7857,2.5868,2.3599,2.1501,2.0109,1.9878,2.095,2.3116,2.6049,2.9514,3.3418,3.7766,4.2578,4.7826,5.34,5.9099,6.4654,6.9762,7.4117,7.7447,7.9536,4.0124
4.8045,9.4406,8.9435,8.1427,7.0781,5.8023,4.3782,2.8782,1.397,0.52997,1.6166,2.7793,3.756,4.5029,5.0029,5.2555,5.275,5.0886,4.7354,4.2651,3.7389,3.2312,2.8304,2.6231,2.6485,2.8638,3.1804,3.5177,3.8194,4.0491,4.1828,4.2049,4.1061,3.8839,3.5437,3.1017,2.5889,2.0618,1.6244,1.4406,1.5953,1.9478,2.3185,2.5983,2.7257,2.6658,2.4033,1.9411,1.3069,0.62537,0.77403,1.7037,2.738,3.7572,4.6966,5.5047,6.1424,6.5849,6.8245,6.8736,6.7662,6.5574,6.3202,6.1339,3.0317
3.3254,6.5552,6.2721,5.8118,5.1916,4.4359,3.5776,2.6624,1.7685,1.1089,1.1812,1.8206,2.5344,3.1621,3.6455,3.9548,4.0759,4.0065,3.7554,3.342,2.7962,2.1587,1.4877,0.89969,0.7318,1.1126,1.6074,2.0404,2.368,2.5865,2.7188,2.8116,2.9293,3.1349,3.4624,3.9023,4.4107,4.9295,5.4009,5.7743,6.0096,6.0778,5.9621,5.6578,5.1717,4.5213,3.7342,2.8478,1.9152,1.0528,0.78695,1.4438,2.2655,3.037,3.7085,4.2612,4.6893,4.997,5.1959,5.304,5.3434,5.3388,5.3141,5.29,2.6401
3.6926,7.2963,7.0349,6.6168,6.0695,5.4346,4.7717,4.164,3.7179,3.5343,3.6426,3.9681,4.3877,4.7927,5.1065,5.2808,5.2893,5.1228,4.7871,4.3016,3.698,3.0222,2.3395,1.7553,1.4414,1.5256,1.8696,2.2684,2.6164,2.8735,3.031,3.0977,3.0915,3.0333,2.9399,2.8179,2.6615,2.4537,2.1724,1.7975,1.3209,0.77404,0.49301,1.0719,1.9217,2.834,3.7434,4.5983,5.3513,5.9603,6.3906,6.6174,6.6276,6.4213,6.0113,5.4235,4.6947,3.8707,3.0036,2.1484,1.3594,0.6874,0.18075,0.16276,0.13397
3.0515,6.0514,5.8967,5.641,5.2901,4.8582,4.3741,3.8897,3.4889,3.282,3.3553,3.6999,4.2181,4.7926,5.3267,5.7488,6.0082,6.0714,5.9205,5.5525,4.9778,4.2193,3.3111,2.2965,1.2301,0.2987,0.98927,1.9378,2.7739,3.454,3.953,4.2577,4.3657,4.2849,4.0322,3.6312,3.1108,2.5026,1.8411,1.1707,0.6143,0.67589,1.2506,1.8959,2.5309,3.1339,3.692,4.1927,4.6224,4.9665,5.2113,5.3451,5.3606,5.2557,5.0348,4.7089,4.2954,3.8169,3.2994,2.7711,2.2597,1.7923,1.3985,1.1193,0.50708
2.2053,4.4666,4.622,4.8444,5.0925,5.3251,5.5067,5.6097,5.6143,5.5084,5.2869,4.951,4.5078,3.97,3.3549,2.6857,1.994,1.3342,0.8532,0.88514,1.3349,1.8597,2.3423,2.743,3.0429,3.2322,3.3072,3.2692,3.1237,2.8803,2.5516,2.1532,1.7024,1.2181,0.72028,0.23956,0.28447,0.71388,1.1053,1.4414,1.7161,1.9288,2.0843,2.1933,2.272,2.3418,2.426,2.5459,2.7155,2.9383,3.2079,3.511,3.8316,4.1542,4.4649,4.7527,5.0099,5.2317,5.4161,5.5638,5.677,5.7593,5.8144,5.846,2.9281
2.3798,4.672,4.4199,4.0344,3.5734,3.159,3.0362,3.4605,4.3885,5.5344,6.6024,7.3515,7.6106,7.2986,6.4445,5.1997,3.8455,2.7951,2.4144,2.4787,2.4715,2.2845,2.2867,2.8884,3.9064,4.986,5.9664,6.8374,7.6021,8.1473,8.2247,7.5537,5.967,3.5701,1.7177,4.0645,7.1371,9.4897,10.638,10.404,8.9182,6.6367,4.3987,3.5008,4.0661,4.5153,4.0914,2.7926,1.0383,1.1966,2.5855,3.2386,3.0235,2.349,2.4812,3.77,5.0197,5.4928,4.916,3.5052,2.6898,4.3934,6.8405,8.6785,4.6747
3.4075,6.7352,6.4996,6.1207,5.6205,5.0327,4.4071,3.8157,3.3574,3.1408,3.2185,3.5345,3.9697,4.4138,4.7892,5.0465,5.1567,5.1076,4.9001,4.5473,4.0724,3.5088,2.9,2.3034,1.8012,1.5077,1.5066,1.7327,2.0485,2.3662,2.6485,2.8835,3.0686,3.2019,3.2777,3.2841,3.2051,3.0237,2.7262,2.3096,1.7942,1.2695,1.0559,1.5143,2.352,3.3034,4.2584,5.1487,5.9198,6.5264,6.9331,7.1159,7.0638,6.7792,6.2789,5.5925,4.7613,3.8359,2.8738,1.9373,1.0958,0.4747,0.46678,0.7327,0.41899
4.9184,9.6773,9.17,8.2505,6.8719,5.0701,3.0624,1.7427,2.6909,4.1385,4.9797,4.9278,3.9654,2.3101,0.84508,2.1972,3.6852,4.3808,4.0995,2.9591,1.603,2.0511,3.5222,4.4089,4.2595,3.0615,1.7667,3.414,6.3078,8.9506,10.823,11.709,11.655,10.915,9.8244,8.6251,7.344,5.856,4.0765,2.1237,0.79793,1.8322,2.6942,2.7352,1.9418,0.53585,1.1136,2.5542,3.4062,3.4354,2.6238,1.1836,0.64169,2.1535,3.1251,3.2648,2.539,1.2419,1.2078,2.7105,3.8131,4.0832,3.4109,1.9353,4.4409e-16
2.7782,5.4976,5.3228,5.0374,4.6507,4.1762,3.6316,3.0397,2.4288,1.8347,1.3072,0.92515,0.78657,0.85842,0.97003,1.0093,0.93231,0.72903,0.42033,0.25559,0.69073,1.2766,1.8993,2.5135,3.0804,3.5654,3.9397,4.1813,4.2771,4.2229,4.024,3.6944,3.255,2.7319,2.154,1.5525,0.97145,0.55869,0.73738,1.2971,1.9577,2.6773,3.4488,4.2628,5.1004,5.9326,6.7229,7.4305,8.0144,8.4371,8.6681,8.6871,8.4857,8.0691,7.4567,6.6819,5.7915,4.8455,3.9167,3.0926,2.4717,2.1294,2.0401,2.0711,1.0483
3.0671,5.9837,5.5504,4.8878,4.0811,3.244,2.5108,2.0081,1.7638,1.6383,1.4429,1.0675,0.51444,0.48344,1.3446,2.3109,3.2466,4.0627,4.6913,5.0914,5.2564,5.2182,5.0484,4.8494,4.7278,4.7477,4.8921,5.0731,5.1784,5.1118,4.8107,4.2513,3.452,2.4902,1.6125,1.5747,2.5563,3.8193,5.0588,6.1512,7.0206,7.6153,7.9028,7.87,7.5228,6.8866,6.0047,4.9369,3.7564,2.5447,1.3875,0.37969,0.4967,1.0621,1.3639,1.4124,1.2941,1.2283,1.5064,2.125,2.8808,3.6135,4.2134,4.6041,2.3698
6.5809,12.49,10.575,7.6959,4.271,0.82898,2.3626,4.6641,5.9544,6.1745,5.468,4.1847,2.9529,2.6876,3.3362,3.9208,3.9803,3.4982,2.7994,2.5949,3.2723,4.2334,4.9163,5.0613,4.5966,3.5764,2.141,0.57247,1.4756,3.2056,4.8198,6.2208,7.3277,8.0533,8.3158,8.0703,7.3527,6.3247,5.3142,4.7653,4.8798,5.3114,5.5576,5.3309,4.6209,3.7531,3.4854,4.3066,5.6122,6.7122,7.2332,7.0213,6.0865,4.5721,2.7269,0.99681,1.3873,2.6812,3.5556,3.9215,3.8444,3.4704,2.9857,2.5829,1.2127
3.3057,6.5719,6.4545,6.2612,5.9958,5.6635,5.2706,4.8247,4.3342,3.8086,3.2576,2.6917,2.1214,1.5571,1.0091,0.48703,0,0.44385,0.83745,1.1749,1.4519,1.6653,1.8138,1.8978,1.9195,1.883,1.7946,1.6633,1.5013,1.3259,1.1619,1.0428,1.0039,1.0604,1.1938,1.3682,1.5515,1.7198,1.8563,1.9486,1.9877,1.9669,1.8816,1.7294,1.5095,1.2231,0.87284,0.46319,0,0.5095,1.0569,1.6328,2.2269,2.8284,3.4263,4.0093,4.5664,5.0867,5.5603,5.978,6.3316,6.6141,6.82,6.9451,3.4936
6.7893,13.385,12.809,11.871,10.608,9.0793,7.3772,5.6373,4.0714,3.0229,2.8186,3.1829,3.5337,3.5529,3.1371,2.3002,1.1375,0.3163,1.6282,2.8241,3.6834,4.0761,3.9343,3.2658,2.1745,1.0459,1.5367,2.9915,4.3355,5.3215,5.8423,5.8898,5.5647,5.0841,4.7518,4.8023,5.1878,5.6351,5.8762,5.756,5.2427,4.4201,3.4948,2.8216,2.7635,3.2108,3.7418,4.111,4.2835,4.3682,4.5421,4.9256,5.4821,6.0523,6.4565,6.5599,6.295,5.6645,4.7365,3.6375,2.5543,1.7604,1.5373,1.6965,0.90007
2.1795,4.3598,4.3963,4.5631,4.9635,5.6032,6.3362,6.9234,7.1295,6.8025,5.9377,4.7505,3.8054,3.8913,4.9122,6.0827,6.9558,7.4349,7.6171,7.6445,7.5583,7.2511,6.5736,5.5285,4.51,4.4145,5.5487,7.0115,7.9566,7.9121,6.7009,4.4217,1.6497,2.7501,5.958,8.6332,10.29,10.709,9.8989,8.0793,5.6417,3.1187,1.4894,2.0757,2.835,2.8644,2.1844,1.0522,0.5053,1.5415,2.2522,2.4172,2.0887,1.6397,1.8328,2.6613,3.4604,3.8705,3.7846,3.3115,2.8127,2.8025,3.3255,3.8924,2.0609
5.9102,11.497,10.557,9.092,7.2444,5.2006,3.1982,1.663,1.6001,2.4289,3.0124,3.124,2.7652,2.0477,1.2942,1.4193,2.4272,3.5317,4.4514,5.069,5.3362,5.2576,4.881,4.2844,3.558,2.7829,2.0127,1.2836,0.78689,1.1689,2.1453,3.3165,4.542,5.702,6.6732,7.3396,7.6082,7.4217,6.7684,5.69,4.2936,2.8099,1.9198,2.6149,4.0275,5.3843,6.4472,7.1235,7.3876,7.2602,6.7962,6.0715,5.1697,4.1745,3.1795,2.348,2.0449,2.562,3.5937,4.7984,5.9949,7.0622,7.9028,8.4403,4.3126
5.5948,10.314,7.7684,4.3839,2.955,3.6269,3.0145,2.9398,4.5421,4.608,2.395,0.61032,2.1691,1.1494,2.1497,4.4783,3.91,1.0797,6.0015,9.8923,9.7885,6.0923,4.0445,6.4208,6.5725,5.0566,5.8384,6.7707,5.298,3.9494,5.3582,5.2736,2.7882,3.4016,5.7236,5.2472,2.3154,1.2697,2.6083,1.467,1.2398,3.4931,4.4999,4.8474,4.7435,3.022,0.78872,4.5355,6.2065,5.0247,6.766,12.917,17.477,17.754,13.906,8.262,4.1045,3.5426,4.3524,5.6095,6.5274,6.1464,4.5765,2.8171,1.0149
1.3317,2.9651,3.6863,4.5433,5.3601,6.0398,6.5279,6.7958,6.8342,6.6507,6.2676,5.7203,5.056,4.3329,3.6204,2.9996,2.5562,2.3462,2.3446,2.4544,2.5769,2.6523,2.6583,2.6005,2.5033,2.4031,2.3381,2.3353,2.3988,2.5097,2.6375,2.7524,2.8326,2.8661,2.8501,2.7903,2.699,2.5947,2.5005,2.4425,2.4455,2.5264,2.6882,2.9191,3.1965,3.4923,3.7769,4.0214,4.1991,4.2875,4.2693,4.1345,3.8821,3.5227,3.0816,2.6057,2.1757,1.9147,1.935,2.2144,2.6196,3.0294,3.3665,3.585,1.8302
6.3459,12.428,11.664,10.484,9.0197,7.4423,5.9533,4.7605,4.0091,3.6608,3.4898,3.2665,2.8812,2.3475,1.7868,1.433,1.4822,1.7608,1.9872,2.0259,1.8581,1.5642,1.3499,1.4664,1.8628,2.281,2.5334,2.5149,2.1807,1.547,0.77443,0.95226,2.094,3.3433,4.5194,5.5331,6.3413,6.9478,7.3984,7.7645,8.1109,8.4617,8.7818,8.987,8.9729,8.6467,7.9501,6.8722,5.4535,3.7866,2.0378,0.90418,1.9869,3.3676,4.4508,5.1306,5.3842,5.2477,4.8103,4.208,3.6094,3.1763,2.9804,2.9508,1.4801
3.1935,6.3302,6.1625,5.8918,5.5314,5.1005,4.6252,4.1391,3.6842,3.3097,3.0627,2.9696,3.0166,3.154,3.3192,3.4564,3.5232,3.4908,3.3413,3.0664,2.6666,2.1519,1.546,0.91979,0.64178,1.1803,1.9828,2.8233,3.6402,4.3964,5.0623,5.6131,6.0287,6.2947,6.402,6.3478,6.1354,5.7743,5.2797,4.672,3.9764,3.2222,2.4429,1.6811,1.0123,0.67201,0.9245,1.3781,1.7983,2.1343,2.3785,2.5417,2.6483,2.7334,2.8375,2.9965,3.23,3.5352,3.8905,4.2644,4.6232,4.9363,5.1786,5.3316,2.6919
3.7443,7.3895,7.0966,6.6235,5.9941,5.2463,4.4378,3.6596,3.0547,2.803,2.9798,3.4455,3.9946,4.4804,4.8158,4.9543,4.8798,4.6075,4.1904,3.7363,3.4245,3.4643,3.9341,4.7114,5.6108,6.4819,7.2173,7.7419,8.006,7.9833,7.6694,7.0819,6.2605,5.2687,4.2017,3.2086,2.5382,2.4654,2.9087,3.5125,4.033,4.3532,4.4212,4.2221,3.7685,3.099,2.288,1.511,1.2819,1.9305,2.8954,3.8664,4.7333,5.4394,5.952,6.2552,6.3477,6.2408,5.9576,5.532,5.0093,4.4486,3.9279,3.5461,1.7018
3.9474,7.842,7.6846,7.4257,7.0704,6.6258,6.1007,5.506,4.854,4.1588,3.4362,2.7043,1.9855,1.3152,0.78742,0.68817,1.0413,1.4841,1.887,2.2139,2.4502,2.5893,2.6293,2.573,2.427,2.2035,1.9212,1.6107,1.3253,1.1553,1.1967,1.4427,1.7998,2.1885,2.5606,2.8858,3.1432,3.3177,3.3983,3.3784,3.2549,3.0282,2.7023,2.2852,1.7895,1.2372,0.69266,0.52687,1.0413,1.7254,2.4377,3.1437,3.8244,4.4663,5.0589,5.5947,6.069,6.4792,6.8254,7.1091,7.3336,7.5025,7.6198,7.6887,3.8557
4.0724,8.1686,8.2051,8.1659,7.9459,7.4574,6.6511,5.5239,4.1184,2.5164,0.83114,0.83627,2.3174,3.52,4.3473,4.7385,4.6719,4.1669,3.2839,2.122,0.85535,0.82724,2.0415,3.1137,3.8813,4.265,4.2284,3.7778,2.967,1.9234,1.0921,1.6517,2.9067,4.1379,5.1507,5.8466,6.1739,6.1226,5.726,5.0636,4.2686,3.5438,3.1523,3.2546,3.7116,4.2587,4.7172,5.0108,5.1344,5.1298,5.0654,5.0097,5.0036,5.0426,5.0838,5.0695,4.9514,4.7048,4.3321,3.8595,3.3312,2.8028,2.3378,2.0082,0.94335
1.9937,3.9182,3.7159,3.3972,2.9894,2.5291,2.0605,1.6318,1.2903,1.0741,1.0028,1.0775,1.2911,1.6253,2.041,2.4815,2.8806,3.1723,3.2998,3.2228,2.9241,2.4129,1.7269,0.94273,0.3994,0.96832,1.6847,2.2596,2.6294,2.7714,2.6954,2.4427,2.0844,1.7175,1.4469,1.3261,1.2948,1.2323,1.0495,0.71021,0.21994,0.38989,1.0673,1.7563,2.401,2.9535,3.379,3.6587,3.7908,3.7899,3.6866,3.5263,3.3679,3.2772,3.3101,3.4898,3.7974,4.186,4.6033,5.0049,5.3584,5.6439,5.8508,5.9753,3.0084
0,0,0,0,0,0,0,0,0,0,0,0,0,0,0,0,0,0,0,0,0,0,0,0,0,0,0,0,0,0,0,0,0,0,0,0,0,0,0,0,0,0,0,0,0,0,0,0,0,0,0,0,0,0,0,0,0,0,0,0,0,0,0,0,0
3.4141,6.7815,6.6422,6.4133,6.0994,5.7072,5.2449,4.7225,4.1513,3.544,2.9147,2.2787,1.6537,1.0641,0.57015,0.43817,0.75228,1.1196,1.4341,1.6718,1.8235,1.8857,1.859,1.7482,1.563,1.3201,1.0511,0.82353,0.76737,0.9592,1.303,1.6982,2.0921,2.4543,2.7635,3.0032,3.1606,3.226,3.1935,3.0603,2.8274,2.4999,2.0877,1.6087,1.1018,0.70138,0.79073,1.3198,1.9693,2.6408,3.2984,3.9205,4.4917,5.0004,5.4388,5.8028,6.092,6.3097,6.4627,6.5606,6.6154,6.6399,6.6465,6.6458,3.3224
3.6998,7.1818,6.5494,5.5646,4.3289,2.9898,1.8047,1.3971,1.9906,2.7327,3.2656,3.5285,3.5713,3.5212,3.5464,3.7666,4.1626,4.6009,4.9274,5.024,4.8262,4.3233,3.5546,2.6009,1.572,0.59246,0.23009,0.78436,1.0634,1.1902,1.5278,2.3562,3.5774,4.9905,6.4092,7.6657,8.6165,9.1546,9.2201,8.8087,7.9755,6.836,5.5682,4.4175,3.6728,3.487,3.6556,3.8214,3.7523,3.3628,2.6639,1.7262,0.65515,0.43328,1.4204,2.2158,2.7564,3.0175,3.0131,2.791,2.4242,1.9989,1.6026,1.3173,0.6059
3.4247,6.735,6.3982,5.8586,5.1509,4.3308,3.4904,2.7937,2.5018,2.7785,3.4448,4.2346,4.983,5.5981,6.0261,6.2355,6.213,5.9609,5.4967,4.854,4.0839,3.2627,2.5119,2.0319,2.0247,2.4041,2.8992,3.3276,3.5978,3.6655,3.5133,3.1435,2.5744,1.8402,1.0017,0.42027,1.1397,2.091,3.0012,3.8085,4.472,4.9633,5.2653,5.373,5.293,5.0436,4.653,4.1589,3.6078,3.0547,2.5638,2.2037,2.0245,2.0195,2.1225,2.2562,2.3673,2.4297,2.4367,2.3944,2.3172,2.2241,2.1362,2.0736,1.0254
3.3926,6.6583,6.2856,5.6905,4.9102,3.9928,2.9942,1.9748,1.0029,0.31663,0.82755,1.4616,1.9758,2.3781,2.7086,3.0213,3.3641,3.7591,4.1936,4.6263,5.0013,5.2616,5.3573,5.2512,4.922,4.3658,3.5964,2.6451,1.5634,0.50266,0.97134,2.1107,3.1849,4.1139,4.8486,5.3562,5.6212,5.646,5.4517,5.0789,4.587,4.0539,3.5721,3.2321,3.0838,3.0994,3.1893,3.2568,3.2324,3.0804,2.7948,2.3947,1.9253,1.4692,1.1768,1.2134,1.5145,1.8889,2.2257,2.4809,2.6447,2.728,2.755,2.7549,1.3759
4.0898,8.0485,7.6619,7.0386,6.2092,5.2142,4.1027,2.9312,1.7697,0.7752,0.81391,1.6143,2.3494,2.9126,3.277,3.437,3.4008,3.1876,2.8257,2.3499,1.7987,1.2111,0.62298,0.086251,0.46885,0.94237,1.3876,1.8319,2.3089,2.846,3.4544,4.1259,4.8358,5.5481,6.2215,6.8133,7.2832,7.5966,7.7264,7.655,7.3749,6.8895,6.2129,5.369,4.3907,3.3193,2.2071,1.1481,0.65994,1.3841,2.2683,3.0541,3.691,4.1575,4.4447,4.5528,4.4898,4.2697,3.9105,3.4334,2.8604,2.2141,1.5172,0.79899,0.12918
2.3215,4.5775,4.3833,4.0668,3.6392,3.117,2.5237,1.8952,1.3003,0.91918,1.0366,1.4953,2.0101,2.4705,2.8298,3.063,3.1564,3.106,2.9161,2.5996,2.1768,1.6748,1.1289,0.59644,0.33658,0.68296,1.1062,1.4638,1.7328,1.9145,2.0289,2.1139,2.2201,2.3956,2.6646,3.0171,3.4181,3.8227,4.1867,4.4719,4.6481,4.6944,4.5992,4.3604,3.9849,3.4879,2.8918,2.2264,1.5325,0.89043,0.61239,1.0088,1.5863,2.1428,2.6359,3.0531,3.3928,3.6601,3.8635,4.0134,4.1204,4.194,4.2414,4.2679,2.1382
3.4193,6.8421,6.8489,6.8496,6.8301,6.7739,6.6645,6.4875,6.2314,5.8893,5.4585,4.9414,4.3446,3.6792,2.9596,2.2039,1.4345,0.69242,0.34362,0.92314,1.5687,2.1573,2.666,3.0827,3.4001,3.6148,3.7273,3.741,3.6626,3.5013,3.2685,2.9773,2.6425,2.2804,1.9104,1.5578,1.2606,1.0771,1.0659,1.2217,1.4806,1.7863,2.1071,2.4268,2.736,3.0288,3.3004,3.5469,3.7648,3.951,4.1029,4.2189,4.2984,4.342,4.3514,4.3299,4.2819,4.2133,4.1308,4.0417,3.9542,3.8759,3.8141,3.7744,1.8804
5.5524,11.095,11.064,10.999,10.888,10.712,10.453,10.096,9.6277,9.043,8.3413,7.5294,6.6208,5.6353,4.5981,3.5391,2.4927,1.5034,0.68202,0.65049,1.2638,1.8465,2.3083,2.6342,2.8262,2.8956,2.8611,2.7468,2.5806,2.3909,2.2036,2.0376,1.9008,1.7893,1.6905,1.5898,1.4764,1.3478,1.2114,1.0858,0.99877,0.977,1.0281,1.1336,1.2637,1.3921,1.5011,1.5803,1.625,1.6349,1.6123,1.5615,1.4878,1.3964,1.2922,1.1792,1.0606,0.93892,0.81607,0.69382,0.57416,0.46008,0.35725,0.27814,0.12313
2.4228,4.8228,4.7553,4.6455,4.4972,4.3159,4.1078,3.8803,3.6415,3.3998,3.1636,2.9408,2.7385,2.5623,2.4153,2.2981,2.208,2.1398,2.0865,2.0406,1.9953,1.9459,1.8913,1.8351,1.7872,1.765,1.7916,1.8905,2.0765,2.351,2.7032,3.1164,3.5716,4.0501,4.5333,5.0038,5.4446,5.8398,6.1747,6.4362,6.6131,6.6964,6.6795,6.5586,6.3325,6.0032,5.5751,5.0554,4.4536,3.7816,3.0528,2.2821,1.4857,0.6831,0.17703,0.91854,1.6585,2.3492,2.9759,3.5268,3.9915,4.3617,4.6309,4.7943,2.4245
1.8192,3.5129,3.8756,5.3779,7.0462,7.8418,7.4861,6.6216,6.3004,6.4525,6.0703,5.0057,4.432,4.9249,5.1152,4.2616,3.0798,2.7803,2.8167,2.9637,4.4579,6.3365,6.9984,5.8725,3.5523,1.5509,1.7464,3.491,6.2979,8.8336,9.4514,7.7016,6.2811,9.1925,12.736,13.535,11.104,7.637,7.6649,10.055,10.743,8.9989,5.8845,2.9295,1.329,1.8291,2.98,3.5323,2.9309,1.9685,2.9679,4.3007,4.4102,3.6177,3.6249,4.5449,4.7552,4.2006,4.6638,6.4683,7.9379,8.44,8.4625,8.6013,4.3665
1.5356,2.9896,2.7476,2.3554,1.8333,1.2201,0.61475,0.52766,1.0651,1.6039,2.0044,2.2162,2.2261,2.0654,1.8346,1.7319,1.9603,2.497,3.1718,3.8516,4.4684,5.0056,5.4866,5.9577,6.4637,7.0236,7.6178,8.1941,8.6852,9.0259,9.1656,9.0734,8.738,8.1638,7.3666,6.3706,5.2095,3.936,2.6564,1.6869,1.7833,2.7307,3.7585,4.5824,5.0855,5.2194,5.0009,4.5325,4.0388,3.8648,4.2541,5.0701,5.9789,6.7013,7.0562,6.9471,6.3521,5.3192,3.9657,2.501,1.4405,1.7825,2.7375,3.4522,1.8538
2.8083,6.2588,7.7574,9.4545,10.937,11.978,12.454,12.317,11.581,10.315,8.6373,6.7127,4.7563,3.0781,2.2085,2.4228,2.9424,3.1861,3.01,2.4786,1.8862,1.8997,2.7358,3.8129,4.7382,5.3103,5.4225,5.0414,4.2025,3.007,1.64,0.78069,1.6925,2.766,3.4952,3.7663,3.5562,2.9165,1.9901,1.1715,1.4515,2.4277,3.3171,3.8873,4.0509,3.7955,3.1702,2.2741,1.2447,0.33316,0.79709,1.4368,1.7884,1.8351,1.6505,1.4226,1.4395,1.7818,2.2174,2.5293,2.6011,2.3964,1.9535,1.4125,0.56012
2.703,5.3691,5.2572,5.0663,4.7943,4.4453,4.0376,3.6129,3.2477,3.053,3.1295,3.4864,4.0344,4.6572,5.2562,5.7572,6.1059,6.265,6.2123,5.9397,5.4531,4.7709,3.9228,2.948,1.8943,0.82876,0.43242,1.3683,2.2755,3.0529,3.6679,4.1019,4.3466,4.4035,4.2826,4.0009,3.581,3.0505,2.4434,1.8087,1.2503,1.0398,1.3913,2.0287,2.7365,3.4358,4.0873,4.6631,5.14,5.4981,5.7216,5.7999,5.729,5.5118,5.1593,4.6901,4.1297,3.5094,2.8642,2.2306,1.6438,1.1343,0.72559,0.43636,0.15854
2.8473,5.6828,5.6472,5.5874,5.5027,5.3923,5.2554,5.0912,4.8989,4.6782,4.4291,4.152,3.8481,3.5189,3.1667,2.7945,2.406,2.0058,1.5995,1.1951,0.80622,0.47363,0.36629,0.58768,0.89916,1.209,1.4949,1.7472,1.9602,2.1296,2.2523,2.3262,2.3501,2.3237,2.2476,2.1233,1.9532,1.7406,1.4901,1.2078,0.90346,0.59941,0.38029,0.46475,0.7756,1.1456,1.5306,1.9156,2.2928,2.6563,3.0018,3.3258,3.6256,3.8993,4.1458,4.3645,4.5555,4.7195,4.8575,4.9708,5.0608,5.1291,5.1767,5.2049,2.6071
0.6413,1.2729,1.244,1.1969,1.133,1.0544,0.96405,0.86578,0.76482,0.66833,0.58614,0.53056,0.51279,0.5356,0.5906,0.66435,0.74486,0.82338,0.89392,0.95233,0.99576,1.0223,1.0309,1.021,0.99265,0.94649,0.88358,0.80546,0.7141,0.61191,0.50187,0.38791,0.27636,0.18212,0.14713,0.19959,0.2885,0.38115,0.46693,0.54118,0.60121,0.64521,0.67205,0.68111,0.67232,0.64615,0.60363,0.54652,0.47758,0.40121,0.32524,0.26494,0.24569,0.28344,0.36282,0.46156,0.56622,0.66934,0.76615,0.85323,0.92791,0.98811,1.0323,1.0592,0.53412
2.0031,3.8428,3.377,2.7024,2.0776,2.0721,2.9134,4.1298,5.3692,6.4428,7.2324,7.6697,7.7391,7.4839,7.0066,6.4582,6.0009,5.7401,5.6653,5.6745,5.668,5.6263,5.6254,5.7824,6.1489,6.6415,7.0813,7.2788,7.0943,6.4637,5.4042,4.0061,2.4176,0.8303,0.67962,1.7722,2.4502,2.6506,2.3964,1.783,0.99095,0.58008,1.1381,1.695,1.9467,1.838,1.453,1.2014,1.7542,2.838,4.0198,5.0915,5.9324,6.4775,6.7121,6.6671,6.4112,6.038,5.6486,5.3293,5.128,5.0438,5.0377,5.0596,2.5357
0,0,0,0,0,0,0,0,0,0,0,0,0,0,0,0,0,0,0,0,0,0,0,0,0,0,0,0,0,0,0,0,0,0,0,0,0,0,0,0,0,0,0,0,0,0,0,0,0,0,0,0,0,0,0,0,0,0,0,0,0,0,0,0,0
4.4304,8.7278,8.3341,7.696,6.8396,5.8005,4.623,3.3609,2.0891,1.0081,1.0726,2.0435,3.0231,3.8598,4.5078,4.9461,5.1689,5.1841,5.0133,4.693,4.277,3.8394,3.4744,3.281,3.3162,3.5527,3.9006,4.2624,4.5622,4.7491,4.793,4.6809,4.4136,4.0045,3.4785,2.8719,2.2366,1.6534,1.2643,1.2333,1.4922,1.8194,2.0815,2.2181,2.2015,2.022,1.6818,1.1929,0.57549,0.14548,0.93636,1.7662,2.6006,3.4072,4.1569,4.8261,5.3975,5.8617,6.2176,6.4718,6.6383,6.736,6.7856,6.8063,3.4058
3.4083,6.7441,6.5286,6.1757,5.6945,5.098,4.4032,3.6314,2.8107,1.9841,1.2492,0.92713,1.3176,1.9789,2.6419,3.2265,3.6958,4.0264,4.2026,4.2147,4.0592,3.7389,3.2632,2.6502,1.9322,1.1887,0.78306,1.3103,2.2082,3.1587,4.0797,4.9268,5.6666,6.2722,6.7227,7.0038,7.1075,7.033,6.7866,6.3808,5.8346,5.1723,4.4221,3.6159,2.7871,1.9712,1.2075,0.56813,0.41908,0.80007,1.1575,1.4005,1.5163,1.5073,1.3844,1.1641,0.8682,0.52207,0.16253,0.24317,0.5809,0.87439,1.0994,1.2406,0.64436
2.1416,4.4123,4.7835,5.3531,6.0582,6.8243,7.5713,8.2207,8.7016,8.9573,8.9502,8.665,8.11,7.3151,6.329,5.2139,4.0395,2.8772,1.7962,0.87739,0.43217,0.82418,1.256,1.5653,1.764,1.8866,1.9691,2.0399,2.1138,2.1939,2.276,2.3539,2.4204,2.467,2.4823,2.4521,2.3611,2.1967,1.9519,1.6276,1.2338,0.78848,0.31619,0.15536,0.5987,0.99015,1.3129,1.5594,1.7316,1.8406,1.9026,1.9348,1.9492,1.9493,1.9301,1.8821,1.7962,1.6682,1.5005,1.3024,1.0882,0.87563,0.68538,0.5445,0.24499
3.5837,7.1366,7.0441,6.89,6.6745,6.3977,6.0603,5.6634,5.2089,4.6991,4.1376,3.5287,2.8779,2.1917,1.4776,0.74397,0,0.74448,1.4792,2.1939,2.878,3.5215,4.1149,4.6495,5.1176,5.5126,5.8294,6.0646,6.2161,6.2837,6.2688,6.1744,6.0053,5.7674,5.4682,5.116,4.7202,4.2906,3.8375,3.3712,2.9019,2.4393,1.9922,1.5689,1.1761,0.81941,0.50308,0.22963,0,0.18657,0.33254,0.44208,0.52092,0.57621,0.61601,0.64846,0.68058,0.71695,0.75896,0.80496,0.85126,0.89335,0.92692,0.94851,0.47798
0.40348,0.88039,1.0865,1.3963,1.7792,2.2022,2.629,3.021,3.3404,3.553,3.6313,3.5568,3.322,2.9324,2.4079,1.7894,1.166,0.81772,1.1275,1.7344,2.334,2.8253,3.1585,3.3054,3.2543,3.012,2.6077,2.1087,1.6648,1.5623,1.9654,2.66,3.4232,4.1341,4.7216,5.1395,5.3586,5.3654,5.1614,4.7637,4.2054,3.5399,2.8515,2.2814,2.0394,2.2436,2.7419,3.3224,3.859,4.2894,4.586,4.744,4.7771,4.7144,4.5992,4.4838,4.4209,4.4496,4.5819,4.7992,5.062,5.324,5.5433,5.6879,2.8692
3.4075,6.7352,6.4996,6.1207,5.6205,5.0327,4.4071,3.8157,3.3574,3.1408,3.2185,3.5345,3.9697,4.4138,4.7892,5.0465,5.1567,5.1076,4.9001,4.5473,4.0724,3.5088,2.9,2.3034,1.8012,1.5077,1.5066,1.7327,2.0485,2.3662,2.6485,2.8835,3.0686,3.2019,3.2777,3.2841,3.2051,3.0237,2.7262,2.3096,1.7942,1.2695,1.0559,1.5143,2.352,3.3034,4.2584,5.1487,5.9198,6.5264,6.9331,7.1159,7.0638,6.7792,6.2789,5.5925,4.7613,3.8359,2.8738,1.9373,1.0958,0.4747,0.46678,0.7327,0.41899
2.2871,4.5454,4.4608,4.3271,4.156,3.9655,3.7804,3.6312,3.5493,3.558,3.6627,3.8471,4.0789,4.3191,4.5302,4.6805,4.7467,4.7148,4.5814,4.3539,4.0523,3.71,3.3743,3.103,2.9501,2.9403,3.0501,3.2195,3.38,3.4733,3.4571,3.3041,3.0008,2.5455,1.9471,1.2232,0.39921,0.49407,1.4215,2.3463,3.2313,4.0416,4.7455,5.3166,5.7347,5.9869,6.0676,5.9791,5.731,5.34,4.8289,4.2264,3.5677,2.8962,2.2716,1.7863,1.5677,1.6732,1.9898,2.3724,2.7372,3.0435,3.2715,3.4113,1.7292
2.2476,4.4864,4.4598,4.4155,4.3533,4.2731,4.1748,4.0583,3.9236,3.7707,3.5997,3.4109,3.2048,2.9819,2.7433,2.49,2.2236,1.946,1.6596,1.3677,1.0749,0.78965,0.53188,0.36668,0.41387,0.61512,0.85601,1.0974,1.3253,1.5324,1.7136,1.8647,1.9821,2.0627,2.104,2.1038,2.0606,1.9733,1.8418,1.6665,1.4489,1.192,0.90239,0.59852,0.3656,0.46876,0.83009,1.2661,1.7344,2.2206,2.7161,3.2136,3.7065,4.1882,4.6525,5.0935,5.5052,5.8825,6.2202,6.5139,6.7598,6.9545,7.0955,7.1809,3.6047
3.0686,6.1804,6.2725,6.3205,6.2178,5.8788,5.257,4.3496,3.1964,1.8758,0.55467,1.0158,2.22,3.206,3.8729,4.166,4.0671,3.5944,2.8014,1.7761,0.68553,0.8047,1.866,2.7951,3.4597,3.7927,3.763,3.3736,2.6616,1.6977,0.63317,0.84331,1.9896,3.0514,3.9033,4.4726,4.7177,4.6289,4.2304,3.5841,2.801,2.0857,1.8066,2.171,2.8451,3.5143,4.0452,4.3957,4.5737,4.6208,4.597,4.5616,4.5521,4.5702,4.5855,4.5537,4.4364,4.2139,3.8889,3.4849,3.041,2.6062,2.2339,1.9785,0.94335
0.59453,1.9679,3.2608,4.4708,5.437,6.0749,6.3395,6.2275,5.7922,5.1733,4.6413,4.578,5.2008,6.3269,7.617,8.7978,9.6841,10.161,10.175,9.7338,8.9026,7.809,6.6421,5.6449,5.0543,4.94,5.1113,5.2777,5.2248,4.8503,4.143,3.1633,2.0459,1.1447,1.3674,2.2665,3.0904,3.6579,3.922,3.897,3.6449,3.268,2.896,2.6503,2.5789,2.6266,2.7001,2.7477,2.7863,2.8793,3.0823,3.3874,3.72,3.98,4.0793,3.962,3.6132,3.0652,2.4092,1.8305,1.6279,1.9014,2.3463,2.694,1.4107
4.4801,8.8236,8.4207,7.7715,6.9084,5.8754,4.7277,3.5347,2.397,1.5299,1.403,1.972,2.6666,3.2555,3.6693,3.8864,3.9077,3.7485,3.4349,3.0004,2.4831,1.9222,1.3543,0.81206,0.33968,0.29633,0.69577,1.1385,1.621,2.1619,2.7681,3.43,4.1242,4.8173,5.471,6.0461,6.5053,6.8163,6.9544,6.9032,6.6565,6.2181,5.6018,4.8305,3.9348,2.9514,1.9212,0.88934,0.19027,1.0656,1.8862,2.5778,3.1198,3.5018,3.7221,3.7868,3.7092,3.508,3.2058,2.8276,2.4001,1.9528,1.5243,1.1809,0.51949
5.8931,11.34,10.049,8.0589,5.6325,3.1493,1.1735,1.0666,1.4595,1.0494,0.73014,2.1859,3.778,4.8767,5.1643,4.5829,3.3676,2.1089,1.8349,2.3842,2.6741,2.4984,2.2013,2.2578,2.5914,2.8293,2.9499,3.2067,3.5822,3.5988,2.7202,0.69185,2.5618,6.4235,10.279,13.329,14.884,14.546,12.331,8.7022,4.5755,2.2931,4.0986,5.3877,4.993,3.0662,0.85882,3.3325,5.8821,7.2731,7.1996,5.7548,3.3672,0.72388,1.7828,3.2937,3.7178,3.1413,2.1046,1.9343,2.9306,3.8116,4.1478,4.0684,1.982
2.8038,5.574,5.4742,5.31,5.0845,4.8021,4.4684,4.0895,3.6729,3.2265,2.7587,2.2784,1.7946,1.3163,0.85227,0.41089,0,0.37328,0.70274,0.98315,1.2104,1.3816,1.4952,1.5508,1.5495,1.4935,1.3863,1.2327,1.0385,0.81029,0.55565,0.2827,0,0.2836,0.55919,0.81803,1.0517,1.2523,1.4126,1.5264,1.5884,1.5944,1.5416,1.4284,1.2548,1.0218,0.73224,0.38989,0,0.4311,0.89607,1.3867,1.894,2.4087,2.9211,3.4213,3.8997,4.347,4.7545,5.114,5.4185,5.6618,5.8392,5.9471,2.9916
2.5152,4.983,4.8416,4.6077,4.2845,3.8772,3.3951,2.854,2.2842,1.752,1.413,1.4928,1.9743,2.6487,3.3838,4.1142,4.8002,5.4121,5.926,6.3222,6.5852,6.7038,6.6717,6.4876,6.1554,5.6843,5.0884,4.3865,3.6019,2.7627,1.905,1.0959,0.62647,1.0298,1.705,2.3511,2.9108,3.3626,3.6963,3.9091,4.0034,3.9869,3.8714,3.6723,3.4076,3.0973,2.7622,2.4232,2.1004,1.8111,1.5685,1.3788,1.2387,1.1363,1.0552,0.98,0.89979,0.80918,0.70724,0.59589,0.47846,0.35832,0.23803,0.11892,0.0053205
1.4151,2.7635,2.5696,2.2691,1.8984,1.518,1.228,1.1551,1.3198,1.5975,1.8736,2.0901,2.2281,2.2973,2.3326,2.3898,2.5287,2.785,3.1521,3.5892,4.0434,4.4638,4.8085,5.0476,5.1647,5.1576,5.0405,4.8438,4.6145,4.4125,4.2989,4.3168,4.4717,4.73,5.0357,5.3312,5.569,5.7162,5.7548,5.6804,5.5009,5.2341,4.9056,4.5462,4.1877,3.8587,3.5787,3.3537,3.1747,3.0216,2.8704,2.6995,2.4947,2.2496,1.9661,1.6524,1.3223,0.99439,0.69571,0.47374,0.40536,0.48375,0.59667,0.67903,0.35416
4.1145,8.1065,7.7438,7.1543,6.3605,5.3936,4.2939,3.1125,1.9229,0.92741,1.0263,1.9178,2.7904,3.5034,4.0128,4.3016,4.3724,4.2468,3.9675,3.6007,3.2379,2.9883,2.9404,3.1022,3.3972,3.7248,4.0071,4.199,4.2842,4.2698,4.1799,4.0489,3.9121,3.7945,3.7023,3.621,3.5221,3.3745,3.1543,2.8504,2.4668,2.022,1.547,1.0852,0.69739,0.47774,0.47687,0.5555,0.62348,0.73598,1.0056,1.4713,2.0974,2.8326,3.6278,4.4374,5.2202,5.9422,6.5775,7.1104,7.5344,7.8511,8.0675,8.1926,4.1167
2.2306,4.4162,4.2886,4.0996,3.882,3.6742,3.511,3.4111,3.3687,3.3553,3.332,3.2621,3.1218,2.9047,2.6261,2.3284,2.087,1.9996,2.129,2.4444,2.8592,3.2928,3.6903,4.0178,4.2574,4.4035,4.4599,4.4373,4.3512,4.2188,4.057,3.8806,3.7008,3.5252,3.3582,3.2021,3.0577,2.9237,2.7966,2.6698,2.5335,2.3755,2.1839,1.9491,1.6676,1.3476,1.0223,0.79122,0.83765,1.1684,1.6228,2.1058,2.5712,2.9911,3.3464,3.6248,3.8204,3.9335,3.971,3.9454,3.8752,3.7826,3.6922,3.6267,1.8014
1.7716,3.6596,3.9394,4.233,4.3977,4.3344,3.9898,3.3506,2.4401,1.3329,0.563,1.5919,2.851,3.9076,4.5865,4.7655,4.4081,3.627,2.8149,2.7338,3.5425,4.4664,4.9386,4.713,3.7718,2.2992,0.75546,1.1794,2.0521,2.0732,1.2323,1.8259,4.6322,7.9575,11.139,13.618,14.96,14.921,13.501,10.935,7.6498,4.1747,1.0618,1.4192,2.8114,3.2188,2.8369,2.0548,1.3796,1.103,0.80262,0.4071,1.6481,3.4858,5.4086,7.0229,7.9885,8.0861,7.2633,5.6482,3.5337,1.3968,1.1498,2.3555,1.4104
4.2434,4.7138,12.533,15.149,17.116,10.876,4.589,9.71,9.1647,15.583,5.5608,16.324,11.543,6.1557,17.693,16.154,5.2849,5.8691,1.372,19.847,1.4134,3.6506,11.984,22.124,8.4649,26.475,12.476,7.6705,2.9374,14.444,10.653,4.7964,4.3136,13.247,13.091,8.7963,4.8405,10.643,7.1826,7.8682,15.237,1.5033,12.776,1.7936,5.6779,17.227,1.8671,13.256,12.292,8.6105,1.052,29.021,9.0336,13.958,11.261,4.7125,11.435,10.934,10.172,0.98757,6.2442,7.7516,5.0299,5.2171,1.8502
3.5072,6.3215,4.4757,2.0885,0.29363,1.658,2.573,3.7769,5.6865,7.6844,8.957,8.996,7.7896,5.9131,4.534,4.4959,4.7861,4.2596,2.7275,0.70528,1.5531,2.8588,3.202,2.8896,3.0139,4.2147,5.7925,7.2135,8.2719,8.7691,8.4308,7.0717,4.7858,1.9954,1.3081,3.9516,6.5252,8.9249,10.807,11.546,10.616,7.9781,4.3205,2.132,4.0667,5.2358,4.51,2.272,0.77776,2.9981,4.0266,3.5944,2.4029,2.383,3.5632,4.2898,4.3063,3.9951,3.5506,2.7449,2.3778,4.493,7.5802,10.056,5.4963
1.8717,3.5527,3.0561,2.4726,2.1091,2.1299,2.3916,2.7603,3.2545,3.8624,4.4238,4.6981,4.4813,3.6829,2.3578,0.69819,1.0133,2.455,3.358,3.5579,3.0402,1.9677,0.93369,1.6866,3.0241,4.1332,4.9554,5.6292,6.3342,7.1202,7.8559,8.3289,8.3724,7.9342,7.0878,6.0028,4.8895,3.9311,3.2249,2.7743,2.5441,2.4951,2.5493,2.585,2.5023,2.2869,2.0389,1.9399,2.0833,2.3496,2.5623,2.6216,2.5077,2.2474,1.8877,1.5052,1.2882,1.5212,2.1621,2.9586,3.7378,4.3965,4.8794,5.1679,2.6315
8.3041,15.21,11.281,5.6656,0.49087,4.9203,7.0333,6.3866,3.8308,1.0082,1.1703,1.2187,0.47105,2.0592,3.2392,3.5925,3.7924,4.2525,4.3026,3.5388,2.7615,3.1465,3.8116,3.9574,3.8921,3.9802,4.0278,3.9611,3.997,3.9059,3.1286,1.5361,0.94598,2.8634,4.3273,4.9203,4.4586,3.1155,2.3244,3.3755,3.8,2.1997,1.6423,5.8347,8.9243,9.3014,6.6405,2.6529,4.0386,6.2705,5.3274,1.496,3.8091,7.8938,9.3648,8.166,6.2004,6.0227,6.4772,5.3973,2.8763,1.2074,2.2422,2.1475,0.76257
1.5915,3.1791,3.1675,3.1488,3.1235,3.0925,3.0568,3.0178,2.9768,2.9352,2.8946,2.8562,2.8213,2.7911,2.7663,2.7475,2.7348,2.7281,2.7271,2.731,2.7389,2.7498,2.7626,2.7762,2.7894,2.8012,2.8108,2.8172,2.8199,2.8182,2.8118,2.8004,2.7839,2.7622,2.7354,2.7038,2.6674,2.6268,2.5821,2.5339,2.4824,2.428,2.3711,2.312,2.2508,2.1876,2.1227,2.0559,1.9873,1.9168,1.8442,1.7697,1.6932,1.6148,1.535,1.4542,1.3734,1.2937,1.2166,1.1441,1.0788,1.0234,0.98092,0.95411,0.47247
2.9506,5.6966,5.1187,4.2759,3.3524,2.6145,2.3246,2.4308,2.5873,2.5441,2.2435,1.8197,1.672,2.1494,2.972,3.7741,4.3502,4.5936,4.469,4.0033,3.2756,2.4022,1.5143,0.72873,0.11779,0.43227,1.021,1.829,2.8748,4.0704,5.2741,6.3279,7.0843,7.4283,7.2935,6.6717,5.6145,4.2271,2.6545,1.0642,0.3996,1.5519,2.3251,2.6686,2.604,2.2263,1.7265,1.4412,1.6493,2.1403,2.6543,3.1555,3.7499,4.5607,5.607,6.7788,7.8922,8.7474,9.1675,9.0232,8.2491,6.8524,4.9124,2.575,0.14393
12.981,24.71,21.089,15.561,8.9747,2.5863,2.875,5.5909,5.6687,3.773,3.49,6.7603,9.8317,11.463,11.68,11.204,10.79,10.521,9.9493,8.8549,7.548,6.5359,5.8959,5.2356,4.3793,3.759,3.96,4.7252,5.47,5.995,6.3593,6.6345,6.7842,6.6755,6.1573,5.1893,4.061,3.6181,4.3272,5.2056,5.302,4.237,2.0923,0.79548,3.6951,6.181,7.8515,8.5581,8.3418,7.3552,5.8145,4.0051,2.3125,1.2706,1.1584,1.2347,1.451,2.0872,2.8099,3.3042,3.6579,4.2456,5.1659,6.0262,3.1865
1.2312,2.9154,3.7453,4.3176,4.3706,3.9076,3.1637,2.6056,2.6281,2.927,2.933,2.3428,1.1093,0.6616,2.6553,4.5858,6.1257,7.0247,7.1555,6.5475,5.401,4.0994,3.2045,3.0939,3.3357,3.3035,2.7458,1.7495,1.0753,2.0404,3.3408,4.2926,4.6728,4.4127,3.5667,2.2981,0.97399,1.3059,2.6758,3.916,4.8928,5.5854,5.9944,6.1076,5.8947,5.3276,4.4106,3.2027,1.8223,0.43873,0.80261,1.6956,2.1589,2.1766,1.88,1.6705,2.0783,2.9549,3.8628,4.5424,4.8714,4.8379,4.5403,4.1838,2.0112
2.3995,4.3988,3.4018,2.673,3.4062,4.7641,5.5642,5.3031,3.9505,1.8792,1.0561,3.0564,4.7943,6.0735,6.9264,7.2987,7.0875,6.3307,5.2989,4.4055,4.1487,5.0434,6.9408,8.9667,10.124,9.7127,7.7199,5.3226,5.1139,6.6379,7.1718,6.4932,7.3123,11.082,15.124,17.137,16.064,12.035,6.2124,0.9684,4.3074,6.0329,5.1585,3.1374,3.8022,5.9544,6.6547,5.3471,2.5416,0.76702,3.2755,4.3209,3.6996,1.9326,1.5654,3.618,5.2908,6.1936,6.3309,5.7462,4.4877,2.7369,0.90162,0.5807,0.54765
3.7454,7.4187,7.2047,6.8559,6.384,5.8051,5.1393,4.4111,3.6503,2.8946,2.199,1.658,1.4211,1.5565,1.9104,2.3144,2.6856,2.9906,3.2197,3.3763,3.4736,3.5319,3.5764,3.6327,3.7221,3.8561,4.0334,4.2411,4.458,4.6599,4.8227,4.9252,4.9506,4.887,4.7276,4.4707,4.1199,3.6831,3.1724,2.6038,1.9966,1.3745,0.77472,0.35668,0.61538,1.0875,1.5221,1.8824,2.1558,2.3379,2.4307,2.4428,2.3898,2.2947,2.1884,2.1068,2.0839,2.1394,2.2694,2.4501,2.6496,2.8373,2.9887,3.0863,1.56
3.7914,7.5106,7.2961,6.9464,6.4733,5.8925,5.2242,4.4925,3.7263,2.962,2.2512,1.681,1.3972,1.4918,1.8274,2.2251,2.5943,2.8988,3.1277,3.2843,3.3817,3.4403,3.4856,3.5435,3.6354,3.7726,3.9537,4.165,4.3852,4.5897,4.7543,4.858,4.8839,4.8202,4.6603,4.4027,4.0509,3.613,3.1014,2.5321,1.9251,1.3056,0.71847,0.3805,0.70348,1.1791,1.6139,1.974,2.2467,2.4274,2.5177,2.5256,2.466,2.361,2.24,2.1384,2.0912,2.1209,2.2277,2.3901,2.5764,2.7551,2.9007,2.9953,1.514
4.9092,9.6916,9.3154,8.7036,7.8783,6.8693,5.7139,4.4564,3.1514,1.8839,0.95588,1.3199,2.3105,3.2734,4.0922,4.7257,5.1526,5.3633,5.3572,5.1425,4.7349,4.1565,3.4356,2.6058,1.7091,0.82506,0.5531,1.3299,2.1914,2.9928,3.6982,4.2872,4.7477,5.0739,5.2662,5.33,5.2756,5.1171,4.8713,4.5568,4.1932,3.7995,3.3935,2.9905,2.6031,2.24,1.9066,1.6047,1.3333,1.0901,0.87255,0.67944,0.51258,0.3788,0.29176,0.26359,0.28081,0.31171,0.33429,0.33917,0.32438,0.2928,0.25185,0.21456,0.099366
7.4003,14.694,13.484,9.9689,4.5563,3.121,6.9921,8.0915,5.9379,1.8395,2.344,4.6582,4.5008,2.5871,3.022,6.0152,8.1687,8.6206,7.3023,4.7506,2.1511,1.9016,2.7771,3.068,3.4068,3.8852,3.8551,3.2687,2.8063,2.5386,2.1486,3.7672,7.3086,10.805,12.905,12.892,10.759,7.0781,2.925,2.7816,5.9617,8.0507,8.6515,7.9511,6.3541,4.3005,2.4847,2.3245,2.994,2.7163,1.51,2.2153,4.1304,4.9171,3.9902,2.1702,3.4471,6.2745,8.1266,8.4631,7.464,5.7026,3.8283,2.3513,0.866
1.146,2.3495,2.5027,2.7058,2.9079,3.0666,3.1501,3.1377,3.0184,2.7903,2.4602,2.0441,1.5693,1.0838,0.70448,0.69271,1.0165,1.3922,1.7024,1.8999,1.9597,1.8697,1.6304,1.2602,0.8237,0.61298,1.0379,1.7406,2.5006,3.241,3.9115,4.471,4.8856,5.1299,5.1875,5.0521,4.7277,4.2285,3.5778,2.8074,1.956,1.0731,0.32412,0.7976,1.5585,2.2322,2.7788,3.1796,3.4268,3.5227,3.4782,3.3121,3.0495,2.72,2.3557,1.9894,1.6519,1.3697,1.1595,1.0226,0.9438,0.90057,0.87546,0.86086,0.42792
3.0624,6.1505,6.2223,6.3256,6.4394,6.5393,6.6013,6.604,6.5317,6.3753,6.1356,5.8242,5.4664,5.1029,4.789,4.5872,4.5477,4.684,4.9637,5.3228,5.6897,6.0001,6.2031,6.2621,6.1543,5.8701,5.4123,4.7951,4.0428,3.1884,2.2728,1.3453,0.50289,0.56994,1.2598,1.8557,2.2978,2.5701,2.6761,2.6404,2.5159,2.391,2.3818,2.5791,2.9812,3.5092,4.0681,4.5771,4.9737,5.2117,5.2598,5.1007,4.7309,4.1603,3.4111,2.517,1.5228,0.50366,0.65329,1.6383,2.5415,3.2999,3.8723,4.2282,2.1745
0.40348,0.85415,0.985,1.1757,1.4002,1.633,1.8496,2.0283,2.1532,2.2173,2.2262,2.2004,2.1741,2.1866,2.2646,2.4059,2.5779,2.7328,2.8239,2.815,2.6878,2.4481,2.1375,1.8554,1.7698,2.0058,2.4954,3.0825,3.6425,4.0895,4.3634,4.4245,4.2519,3.8433,3.2149,2.4016,1.4607,0.55581,0.86681,1.8387,2.7562,3.5255,4.098,4.4457,4.563,4.4692,4.2147,3.8886,3.6224,3.5661,3.8067,4.3022,4.9294,5.5629,6.107,6.4962,6.69,6.6692,6.4339,6.0026,5.4135,4.7287,4.0454,3.5098,1.6501
4.1665,8.2498,7.9907,7.535,6.8646,5.9826,4.9287,3.7935,2.7431,2.063,2.0105,2.3394,2.622,2.6491,2.364,1.7953,1.0437,0.49609,1.0458,1.7828,2.3315,2.5954,2.543,2.2081,1.7387,1.5411,2.0531,3.0199,4.0845,5.0582,5.8262,6.3122,6.4696,6.2797,5.7516,4.9217,3.8533,2.6375,1.4152,0.69278,1.349,2.1577,2.7148,2.9535,2.8812,2.5671,2.1556,1.876,1.9251,2.2162,2.497,2.5848,2.3949,1.9187,1.2222,0.57959,0.96679,1.7761,2.4532,2.859,2.9292,2.6554,2.0908,1.3812,0.47898
0.62095,4.464,7.5662,8.8482,8.1213,6.0667,4.6556,5.7826,7.4707,7.9183,6.7263,4.2797,1.6188,2.001,3.3581,3.4005,2.1031,0.68744,2.948,5.2214,6.8028,7.5529,7.6015,7.198,6.5388,5.6849,4.62,3.3635,2.075,1.4878,2.5038,4.0665,5.5474,6.6157,7.0081,6.5915,5.4702,4.1494,3.7051,4.5933,5.7029,6.1483,5.6123,4.1841,2.419,2.0213,3.29,4.1797,4.0885,3.0965,1.9742,2.3803,3.5567,4.1298,3.8094,3.0388,3.0587,4.1908,5.2627,5.5949,5.1687,4.5096,4.3555,4.7304,2.4837
0.58738,1.3725,1.8262,2.3584,2.8812,3.3511,3.7421,4.0372,4.2255,4.3016,4.2649,4.1201,3.8768,3.5501,3.1607,2.7356,2.3101,1.9295,1.6492,1.5166,1.5318,1.6365,1.7579,1.8422,1.8576,1.789,1.6328,1.3953,1.0918,0.75325,0.46413,0.47288,0.77651,1.1329,1.4587,1.7202,1.8971,1.9766,1.9523,1.8251,1.604,1.3102,0.99077,0.76589,0.84153,1.2034,1.6777,2.173,2.6471,3.0762,3.4458,3.749,3.9852,4.1599,4.2834,4.3696,4.4336,4.4891,4.5461,4.609,4.6763,4.7421,4.7979,4.8354,2.4243
1.8838,3.8123,3.9169,4.0095,4.0115,3.8628,3.5335,3.0261,2.3763,1.6572,1.0241,0.85815,1.2373,1.679,1.9751,2.0649,1.9396,1.6256,1.1848,0.74342,0.60641,0.88027,1.1803,1.3186,1.2255,0.88125,0.3635,0.6871,1.648,2.722,3.7963,4.7742,5.5674,6.1029,6.3291,6.2213,5.7838,5.0505,4.0825,2.9664,1.823,0.92242,1.0526,1.7717,2.3883,2.7793,2.9344,2.894,2.74,2.5857,2.5389,2.6361,2.8155,2.9702,3.0073,2.8705,2.5409,2.0323,1.3855,0.66101,0.096607,0.74461,1.2761,1.6189,0.86868
5.3425,10.46,9.8003,8.7498,7.3818,5.8016,4.1649,2.7662,2.2619,2.9547,4.0358,4.9986,5.6676,5.9754,5.9045,5.4708,4.7166,3.7053,2.5181,1.2629,0.48223,1.4567,2.5296,3.4327,4.1195,4.5808,4.8372,4.9373,4.9528,4.9653,5.0428,5.2132,5.4538,5.704,5.8909,5.9493,5.8329,5.5181,5.0042,4.3112,3.4769,2.553,1.6029,0.71594,0.40567,0.99281,1.5064,1.8333,1.9609,1.9082,1.7292,1.5292,1.4698,1.6668,2.0586,2.5051,2.897,3.1631,3.26,3.1674,2.8866,2.4419,1.887,1.337,0.53283
4.2645,9.0912,10.112,10.56,9.9774,8.5151,6.6682,4.9771,3.8288,3.406,3.535,3.6798,3.3927,2.6581,2.0836,2.2875,2.4858,1.8763,0.70907,2.0652,3.8478,4.6835,4.2113,3.0539,3.5061,5.4635,6.7211,6.3665,4.5553,2.9853,4.1052,5.3633,4.7579,2.0192,2.4337,6.9239,10.253,11.341,9.9946,7.363,6.5444,8.7282,10.688,10.668,8.7298,6.3876,6.0772,7.3091,7.6517,6.4104,4.6605,4.9684,6.8978,8.0453,7.5331,5.5036,2.8517,2.2849,4.2091,5.6969,6.4551,6.8595,7.2742,7.6958,3.9402
