2.5298,4.7412,3.7087,2.1499,2.2426,4.0094,4.7107,3.5982,1.4338,1.8908,2.7733,1.8985,0.71862,2.1955,2.5264,1.2221,1.1003,3.5385,5.5647,6.7822,6.7777,5.5195,3.7603,2.4842,1.4785,0.1314,1.0617,1.4987,2.2413,3.7961,4.365,2.8737,1.6962,4.6996,6.2536,5.0178,2.7287,4.8832,7.2907,7.0055,4.101,0.8062,3.4094,4.2506,2.4359,1.6407,5.2173,7.3233,7.0198,4.6584,1.816,2.9841,5.2958,6.7033,7.1703,6.8422,5.8791,4.5774,3.6951,3.8166,4.0034,3.4159,2.2682,1.2901,1.6417,3.3455,4.9387,5.1754,3.584,1.6332,3.176,4.2163,3.1161,0.44277,2.396,4.0455,4.0352,2.9209,1.8586,1.4626,1.3121,1.8149,2.7298,3.1643,2.8075,2.598,4.1178,6.1649,7.2525,6.6962,4.64,2.3278,2.9546,4.7643,5.6468,5.4666,4.5691,3.5225,2.9699,3.2057,3.8922,4.3798,3.9569,2.2603,0.34732,2.8289,4.0209,3.3,1.4198,3.2912,6.2865,8.1688,8.3473,6.7267,3.7256,1.0904,3.3138,4.7959,4.5727,3.348,3.0317,4.1489,4.9722,4.9344,4.4359,4.0262,3.5425,2.5765,0.90409
5.3221,9.1724,5.369,1.4565,2.6999,2.7333,0.74513,1.9975,2.7181,2.7385,3.4012,2.8951,3.7472,7.0294,7.68,4.0706,3.1063,7.4135,7.1271,2.2929,4.5788,8.1387,7.0362,3.6683,5.339,7.1231,5.5453,2.4876,3.3689,4.7326,4.4339,3.8438,4.4341,6.2006,7.802,7.6195,5.6178,4.6124,5.0026,3.0865,2.1124,6.9366,9.2965,7.959,4.5882,3.3868,4.1825,3.4865,1.8874,2.1787,3.336,3.4265,2.3624,1.1404,2.1289,3.3834,3.3176,1.319,2.147,5.0978,5.6555,3.2488,0.89426,3.9078,4.4174,2.5312,0.83925,2.1513,2.2824,1.6136,1.092,0.92137,0.55328,1.5125,4.0862,6.5183,7.4987,6.6827,5.007,3.8386,3.2439,2.352,1.0441,1.4121,2.9552,3.6616,2.9873,1.1889,1.3499,2.9495,3.3571,2.4929,1.4128,2.5204,3.83,3.9719,3.1029,2.9827,4.0714,4.3251,3.2385,2.4329,3.1865,3.3728,2.4436,1.6508,2.2171,3.0501,3.5288,3.296,2.5686,2.3041,2.0561,0.8113,2.0889,4.2682,5.0691,4.2471,2.9681,2.9768,3.4765,3.3059,2.4377,1.1223,1.9466,4.6432,7.3234,9.243,4.9675
1.6238,3.608,3.4656,2.2585,4.3805,6.698,5.3931,1.1734,3.7199,4.813,3.0042,1.9246,2.1799,3.7588,4.9358,3.4795,3.126,4.7785,3.2655,0.89774,3.5859,3.4139,2.8431,3.6074,2.0837,1.499,4.321,4.4299,2.5934,3.6642,5.971,6.3121,4.3709,1.994,2.9854,3.2033,0.90784,3.2636,6.2213,5.9896,2.4252,3.3892,6.8425,7.2309,5.3436,3.1331,1.5205,1.7578,3.985,5.7067,5.1074,2.5837,5.0044,7.7464,7.1875,4.6887,2.639,4.2096,8.4772,10.345,7.5391,1.885,3.6218,5.2997,5.1926,5.6802,5.617,4.8503,4.3517,3.465,2.6324,3.0271,3.0921,2.2133,1.5168,2.4383,3.193,2.9056,1.9928,1.3364,1.4211,2.1456,3.1023,3.6237,3.0822,1.7057,0.85546,1.9281,4.4568,6.6783,6.8362,5.149,3.6383,2.4784,1.2015,2.6954,3.2121,2.2023,1.8382,2.3064,2.6132,2.4034,3.3517,6.6624,8.5526,6.8807,3.0441,3.6062,4.7778,3.0575,0.92325,2.9781,4.3535,4.9077,4.8338,5.0192,6.3843,7.5755,7.116,5.0002,2.7543,2.8408,3.888,4.0649,2.939,1.3099,2.5813,4.092,2.2903
4.2521,7.6755,5.6654,3.8788,3.7563,4.2229,4.013,3.1431,2.0603,1.0739,0.62224,1.4048,2.2204,2.4949,1.9986,1.1069,1.5722,2.4626,2.3113,0.99259,2.0009,4.3518,5.7201,5.6047,4.4873,3.6484,3.6522,3.7119,3.8602,4.3675,4.3715,3.0595,0.65006,2.1068,3.7184,3.6226,2.0267,0.82079,2.3438,3.0568,2.9682,3.0842,3.7588,4.2281,3.9253,2.7999,1.796,2.7816,3.873,3.5676,1.8133,1.844,4.1047,5.0492,4.1522,1.9803,0.30289,1.6542,1.7681,1.2056,0.75847,0.44189,1.4188,2.8298,3.9057,4.8406,6.1363,7.2417,7.1093,5.6038,4.2563,4.6382,4.9092,3.7149,1.7309,0.95124,0.54751,1.4101,4.0093,5.6589,5.2567,3.4058,3.648,5.392,5.1815,2.4775,1.5893,5.2326,7.119,7.1057,6.1344,5.0818,3.8042,2.4207,2.89,4.2753,4.659,3.8514,2.4389,1.0075,0.90896,2.5316,4.0083,4.7885,4.7991,4.4538,4.082,3.4476,2.2732,1.2381,2.2062,3.3563,3.5885,2.7364,1.0911,0.93387,2.701,4.1296,5.0909,5.2444,4.1854,2.1241,2.1247,4.1634,4.8136,3.543,1.103,1.5945,1.2748
8.4727,13.915,11.011,12.061,9.2012,3.9151,2.279,1.3015,5.121,5.2012,1.9464,4.1685,3.2622,1.7737,4.4863,2.0331,3.4074,6.363,4.5204,2.7657,4.3181,5.116,5.954,4.4372,0.47823,3.2629,4.9681,4.9807,3.6605,2.7861,2.5512,3.7287,7.4915,8.4908,5.3254,1.2913,1.2986,0.16461,2.0153,2.225,1.483,0.74589,1.9388,3.9047,3.9586,2.3138,1.3994,1.7733,1.4219,3.5775,6.5572,6.5638,3.0771,1.8246,2.4376,3.7885,7.8538,8.7684,6.0909,3.3752,2.2994,3.1666,5.8932,7.8008,7.3999,4.3694,3.8531,5.8188,4.0699,0.069131,2.0225,0.055236,4.2337,6.4703,4.8604,4.3808,7.588,7.6032,4.128,3.4708,4.7095,3.7591,3.582,2.9124,3.0405,3.4809,0.36586,6.3446,8.5693,4.6152,5.9496,8.9414,4.2673,4.37,9.274,6.7751,1.1961,3.2857,1.271,3.2988,4.5914,2.3031,2.83,2.4152,1.6189,5.2069,5.5208,3.1641,1.7095,1.1174,1.9242,2.9129,2.1909,1.7047,2.5486,2.8541,2.4244,2.4398,3.8609,3.9538,1.9043,2.2358,3.5421,3.3438,4.0812,4.1055,2.5819,4.6986,3.1985
1.8982,2.997,1.2868,2.1861,3.7614,3.9663,2.7136,0.82378,1.4609,2.1768,1.458,0.44515,2.7263,4.4537,4.916,3.8897,1.6992,1.2433,3.6432,5.1229,5.2605,4.1186,2.2258,1.1155,2.1971,2.8304,2.5863,1.923,1.7885,2.2992,2.6606,2.6417,2.5081,2.6415,2.9323,2.8869,2.225,1.3561,1.8835,3.005,3.4293,2.871,1.7228,1.3992,2.1199,2.3459,2.0201,2.1201,2.9912,3.745,3.9253,3.5595,2.8704,2.0682,1.3285,0.87928,0.84748,1.1217,1.5866,1.8879,1.6562,1.2725,2.3527,4.0231,5.1585,5.4372,5.3451,5.7088,6.3417,6.2594,4.9397,2.6492,0.19219,1.7852,2.9214,3.6422,4.2634,4.4435,3.7722,2.5328,2.1232,2.8358,3.0598,2.3671,1.1956,1.2737,2.7602,4.2301,5.0278,4.565,3.1127,3.6258,6.3469,8.1836,8.0141,6.3682,5.4511,6.2172,6.2717,4.2975,1.3747,3.5491,5.7534,5.7708,3.8655,1.6006,2.1139,2.8614,2.5128,1.929,1.7221,1.1429,0.24421,1.6179,2.4534,2.3691,1.8602,1.7167,1.4153,0.5422,2.0075,3.7934,4.6204,4.3569,4.0444,4.7775,5.7709,6.2132,3.134
4.7291,7.3927,2.0038,4.0508,4.4899,2.2469,6.0283,4.3158,4.8215,8.1683,4.6876,1.3666,2.54,5.3286,9.2979,7.4218,6.27,7.3516,3.7222,1.0615,0.60298,3.3818,5.709,5.2633,4.5441,2.0414,5.2131,10.314,10.464,5.0676,2.112,4.2198,1.5465,5.3797,7.0202,5.1147,2.3692,3.1557,6.5463,5.7339,1.6286,5.3281,7.5135,6.8702,5.1337,3.1287,2.0199,2.7165,1.9288,2.337,4.3476,5.1737,5.3794,3.9828,1.5108,1.0388,4.5037,6.4465,5.2468,7.5578,8.9959,3.918,4.2583,7.8092,4.8315,3.5065,6.5955,5.5673,1.6987,1.9875,3.8172,5.5098,6.0061,3.1446,1.6777,4.4218,4.3423,4.451,6.0917,8.1237,9.9151,8.8842,5.4867,7.4511,7.6375,1.6203,5.4008,5.5307,1.7786,7.8144,6.8487,0.65191,6.8804,7.9829,5.2771,2.5281,1.6929,3.5969,6.0236,5.9226,2.453,7.5366,9.9905,6.0769,5.8979,6.2078,2.5038,7.3777,6.1723,1.4322,7.5674,7.0666,3.8957,3.5461,1.5503,1.575,1.0163,2.8519,4.923,5.4448,5.4495,6.109,6.547,4.8126,2.0912,0.95985,3.8101,6.4777,3.6971
5.0607,8.2529,6.1061,8.2833,9.4228,7.2764,3.8544,2.9856,3.9969,4.5088,4.695,4.385,3.0125,0.96898,1.8726,2.5327,2.6716,3.9301,4.0737,1.6833,2.1675,5.0548,5.5603,4.2504,2.724,1.891,2.2285,2.589,3.3759,5.4346,6.2108,4.2013,1.9241,4.4534,6.3625,7.5846,7.7772,5.4755,3.3249,5.9785,6.363,2.9876,2.7502,5.0807,3.6603,2.2192,4.9718,5.133,2.386,1.9328,3.7333,3.1827,1.2226,0.95665,1.9639,3.0162,3.9694,3.6768,1.67,1.5667,4.6001,6.6056,7.1366,6.0826,3.6417,0.82156,1.7932,2.313,1.4639,0.94382,1.4075,2.2812,3.4534,3.705,2.5841,2.1919,4.009,5.0012,4.4552,4.2356,5.907,6.8856,5.5622,2.503,0.51611,1.9141,1.596,0.75505,0.69946,1.9198,3.7042,4.8443,4.7531,3.9812,3.6027,3.1425,1.495,2.7843,5.9986,7.2664,5.7497,2.9415,2.2485,2.004,0.70025,2.1194,2.1352,1.5123,4.0619,5.4993,4.4279,1.8904,0.66115,0.73965,1.952,4.051,5.0315,4.4645,3.1748,2.9408,4.3283,5.5914,5.3882,3.212,0.39888,3.6199,4.9229,3.4833,0.3042
3.1759,6.0095,4.9142,3.1047,1.3092,1.778,2.5311,2.2334,1.393,1.387,1.8837,2.1325,2.4467,2.7174,2.448,1.6808,1.1976,1.1735,0.78132,1.3387,2.9918,4.4959,5.315,5.164,4.049,2.5853,2.3072,2.9256,2.963,2.889,3.683,4.5148,4.4859,3.6758,2.7031,1.9709,1.372,1.0886,2.4515,4.9702,7.4428,8.5355,7.378,4.2677,1.3101,2.6543,2.8568,1.7336,3.1779,4.9925,5.3048,4.7729,4.5948,4.0483,2.0405,1.5657,4.297,5.3108,4.0815,2.1233,3.3533,4.8312,4.4943,2.5359,0.67646,2.9289,4.8528,6.0551,6.3997,5.6287,3.7167,1.5648,2.4501,3.9288,4.4425,4.7119,5.3548,5.6211,4.6986,2.7257,0.95458,1.5943,1.7896,0.8322,0.82697,2.202,2.6368,2.1298,2.942,5.4692,7.4893,7.864,6.5164,4.2348,2.1353,2.1987,4.2422,5.931,6.0466,4.2812,2.0907,3.1928,4.498,4.3125,3.6111,3.7708,4.3972,4.9221,5.2685,4.9602,3.6371,1.968,2.0494,2.8422,2.7387,1.8519,0.69212,0.6816,1.4094,1.6614,2.1633,3.5665,4.856,5.0342,3.8845,2.0298,0.92573,1.4864,0.88104
0.044168,3.0953,6.71,5.194,3.5666,3.9951,5.0452,2.8004,4.8772,8.4508,4.8259,5.8901,6.7767,1.0825,5.6717,5.9501,1.9531,0.59931,4.4538,6.4223,3.3534,6.1488,8.5265,8.3188,7.8818,4.7748,1.1742,3.699,2.9786,3.0693,5.5135,4.0403,3.1193,6.8615,0.97025,11.176,13.396,6.4111,4.3455,3.224,2.369,2.0699,0.91113,1.9267,3.6055,3.2209,4.4172,6.0979,4.5259,5.3393,4.4136,3.4901,8.5044,7.1842,1.1601,2.7954,0.48092,5.0199,6.3231,1.8888,3.1281,4.7452,3.8285,1.1043,3.9639,4.7778,6.5315,6.8476,4.6559,2.7029,2.4077,2.2029,5.9173,2.5542,3.9675,6.4582,9.2065,8.442,4.5037,7.0949,3.3143,3.261,5.4263,3.9964,4.114,5.9112,6.3182,6.8151,7.6246,7.6056,4.4107,1.0904,1.6318,1.6159,4.4897,6.2989,4.2108,2.9472,2.8092,0.97358,4.0977,7.0541,6.9256,2.5788,3.5559,6.393,2.9635,3.8452,5.8786,1.4877,4.1956,5.7139,3.8898,2.6889,3.1224,6.2605,8.1477,5.6732,2.5692,2.534,1.091,1.8414,2.7322,2.0642,3.365,6.3954,8.2464,6.7653,2.0423
1.5986,2.9284,2.9587,4.315,5.8555,6.291,5.2491,3.5463,2.5852,1.5362,1.2754,5.39,8.8271,9.5213,6.7389,1.8384,3.3063,5.2733,3.7977,2.0314,4.9782,6.1627,4.0709,0.4221,4.7245,7.1956,6.9395,4.877,3.7815,4.5699,4.2401,1.9205,1.3716,3.8347,4.2354,2.8139,2.2537,3.3152,3.2255,2.5847,3.5031,4.8016,5.636,6.2974,6.4753,5.6011,3.8635,2.0078,0.96347,1.6829,1.9476,0.80693,2.3228,5.0774,6.2883,5.1856,2.7755,2.2892,2.9195,2.2506,2.3059,3.5048,3.565,2.3293,0.9764,0.78681,0.98909,1.755,2.4123,2.3805,1.9185,2.1708,3.6654,5.1979,5.5799,4.4867,3.3755,3.7593,3.3328,1.1216,3.5733,6.5475,6.9398,4.5302,0.8674,1.9108,2.1957,0.45628,2.6209,4.4003,4.9598,5.6202,6.6229,6.5016,4.7045,2.1625,0.6841,0.7303,0.67258,1.4736,1.7775,1.4412,1.4236,1.9875,2.5551,2.6169,1.4658,1.4469,4.71,7.1349,7.4151,5.5397,3.2934,3.6195,4.6495,4.6462,4.1122,3.8813,4.0391,3.9901,3.2592,1.9684,0.76144,0.51377,1.6283,2.9392,3.4032,2.424,0.49897
2.0955,3.7778,2.8103,1.8751,1.0705,0.56333,2.8909,5.7559,7.9232,8.2556,6.3729,3.0472,0.28939,1.5993,1.0614,1.9859,3.8869,4.3125,3.1809,2.104,2.1794,1.9506,2.3932,3.7023,4.2576,4.2647,4.8566,5.3793,4.7778,3.6982,3.6452,4.0317,4.5373,5.9927,7.3151,6.8486,4.1235,0.75091,4.3584,6.8493,6.9524,4.9535,2.0926,0.36691,1.0266,1.6893,3.3232,4.4328,4.0993,2.4413,0.35277,2.3679,4.628,6.186,6.2781,4.7473,3.1749,4.2317,5.5506,5.2387,3.3504,0.77007,1.5816,2.8512,2.9242,2.2557,1.7742,1.8355,1.9957,2.2906,2.636,2.8021,2.7843,2.329,1.0302,0.94257,2.5438,2.7344,1.2983,1.764,3.663,3.8933,2.4531,1.6421,2.648,2.619,1.8138,1.759,1.8055,2.1447,3.5585,4.2585,3.128,0.68983,2.8206,4.9753,5.5979,4.6885,2.7098,2.2922,4.8893,6.8979,7.4442,6.9652,6.016,4.1812,1.4416,3.698,6.7746,7.5882,5.8216,2.7604,2.1875,3.5206,3.3792,2.2097,1.7082,2.239,2.3629,2.003,1.8797,2.3026,2.6737,2.6752,2.4252,2.1454,1.8899,1.6395,0.75816
1.1664,2.1259,1.6433,1.5229,2.3528,3.5077,4.4159,4.7583,4.4032,3.4258,2.1235,1.1349,1.2984,1.6055,1.3368,0.5444,0.93091,2.2018,3.2543,3.8487,3.9033,3.4628,2.6536,1.6401,0.65935,0.7536,1.5372,2.1694,2.624,2.9833,3.3036,3.5293,3.539,3.2809,2.8932,2.698,2.8499,3.0353,2.8462,2.1041,1.0151,1.3134,2.7605,3.9454,4.5161,4.3591,3.5534,2.3594,1.3482,1.6179,2.5401,3.2704,3.6291,3.5865,3.1887,2.6406,2.4719,3.1279,4.2141,5.1913,5.7541,5.7794,5.2739,4.3177,3.0109,1.4521,0.25955,1.91,3.3176,4.2492,4.5597,4.254,3.5166,2.6723,2.0195,1.5359,0.94577,0.74806,1.9163,3.3378,4.5178,5.1566,5.0914,4.3138,2.9792,1.5991,1.9885,3.6812,5.2397,6.2445,6.4961,5.952,4.7463,3.1961,1.8425,1.4975,1.8369,1.9065,1.6394,1.4757,1.732,2.0061,1.8972,1.3311,0.62965,0.96804,1.6211,1.8167,1.4195,0.65184,1.0857,2.2459,3.1456,3.5528,3.4449,2.9695,2.3749,1.8877,1.5813,1.4083,1.3611,1.4113,1.393,1.1377,0.6744,0.71016,1.4189,2.0276,1.129
4.451,8.2432,6.3169,3.4488,0.79862,2.2894,3.2339,2.9399,2.2893,2.0612,1.8916,1.7,1.811,1.655,0.77896,0.61618,1.7916,2.6063,3.4673,4.5724,5.3619,5.3201,4.4545,3.1529,2.0668,2.4295,3.735,4.5643,4.2915,2.9498,1.1195,0.44232,1.0573,0.62566,0.59477,2.117,3.5483,4.7079,5.5577,5.9885,5.7697,4.7999,3.5003,3.0127,3.5788,3.9805,3.8853,3.7956,3.9235,3.7375,2.8338,1.382,0.81239,2.0947,3.1015,3.5847,3.4957,2.916,2.1983,1.9223,2.0706,1.9938,1.4236,1.1547,2.5708,4.4229,5.8275,6.1628,5.1551,3.1768,1.8829,2.8238,3.3825,2.8898,2.3994,2.8758,3.1852,2.78,2.7059,3.6551,4.3387,3.9296,2.509,0.83251,0.96255,1.3492,1.6443,3.501,6.048,8.1365,9.0654,8.6651,7.2393,5.2945,3.307,1.8141,1.5066,1.7232,1.8943,2.4778,3.187,3.3517,2.9026,2.45,2.3256,1.9974,2.041,3.6823,5.6104,6.6769,6.4724,5.2487,3.7215,2.6764,2.3131,2.1544,1.9483,1.7895,1.8883,2.2323,2.3999,1.9431,0.73753,1.1286,2.8305,3.8588,3.7877,2.7223,0.90333
0.65588,3.7924,5.071,3.3282,2.4596,5.6724,6.6762,5.1809,3.4042,1.9934,2.2391,6.5921,9.52,8.1406,2.8889,3.5163,5.1106,2.5998,5.4368,8.1585,6.7179,3.8242,3.1565,2.8749,3.6304,5.0111,4.9909,3.4593,2.5745,2.9695,2.423,2.9924,3.3242,0.99932,2.8234,4.5512,2.7355,4.6766,8.9394,9.1378,5.2074,1.2548,1.7059,2.6656,4.4324,3.3824,1.2353,2.8747,2.4333,4.0855,4.9721,3.5044,4.7487,4.2989,0.30868,5.1408,5.643,1.616,3.0568,4.2843,2.2682,0.14814,0.37523,1.3074,4.0184,7.3236,8.8834,7.1566,4.588,4.5973,3.8509,3.4847,5.4925,6.3827,5.4154,2.8761,0.38473,2.5299,3.1558,3.6947,3.46,1.1799,2.4395,3.9426,3.7771,5.3267,6.972,6.0744,2.9032,1.154,3.021,2.6318,2.452,3.0397,1.2222,3.1046,5.8828,6.1536,5.5893,4.9633,3.0406,1.4335,1.7294,3.6159,5.6335,5.1931,3.1016,2.7325,2.455,2.4551,3.3763,2.6434,1.1444,2.1848,2.5569,1.7431,1.0992,1.2625,0.94015,0.6161,0.95951,1.7202,2.5174,2.6805,2.8044,2.8524,1.9549,1.8923,1.2752
3.3937,10.162,8.9875,2.0159,7.865,6.9214,5.6585,9.9076,7.6636,5.3642,5.793,4.9384,5.3516,4.182,6.047,9.1823,7.94,3.9962,4.672,4.9651,4.3226,2.9631,1.9852,5.4123,5.2326,6.8152,8.6949,6.7565,3.3623,5.1215,4.4795,6.9706,7.0224,5.2578,5.2235,1.082,3.7869,3.2715,5.138,3.7813,2.3302,4.4998,7.2807,3.983,1.7099,2.7132,10.288,8.5988,3.2855,9.8956,4.9236,3.0955,4.2665,2.8928,6.219,9.3145,7.1885,3.803,2.2574,2.3693,5.227,9.6134,9.6822,3.6234,3.4483,7.0283,6.4449,2.9296,3.6432,3.2031,1.7201,1.2024,1.0592,2.4758,2.7393,1.7512,6.3792,4.2266,5.0446,10.534,8.2012,4.9791,5.9288,3.6517,2.2357,1.7365,5.4587,6.8588,3.0409,3.3592,4.2007,2.3275,2.2773,2.0236,5.9882,5.7196,2.0831,2.2398,4.5285,5.9338,4.0679,1.2356,2.0783,7.11,8.8755,2.432,7.6822,9.5691,2.6287,4.2261,1.6578,4.5689,3.8656,1.811,2.4985,5.8044,7.6324,6.2664,7.9504,5.8114,0.78775,3.5322,3.0461,3.6679,6.5879,3.1925,3.3287,5.0473,0.97576
2.6461,5.6049,4.9946,9.9597,13.809,8.9712,6.3105,7.3308,5.0049,5.9381,4.9868,1.6107,5.8168,3.9455,2.0524,4.8119,3.7081,2.4086,3.1671,5.7602,5.5453,3.331,6.4751,7.3367,6.1898,5.3911,4.236,1.7891,4.7913,3.9527,1.6657,4.4383,6.1477,2.0311,3.4096,3.4776,3.0343,3.2589,5.9807,7.7738,6.4196,5.341,6.0606,6.1843,4.2895,2.7914,5.8537,6.343,3.3873,0.80132,1.4002,2.7508,4.4143,3.2349,1.684,3.3097,5.708,2.8021,1.862,1.8771,2.7556,7.0816,7.5513,3.2549,2.5413,2.2754,2.2267,3.4287,2.2775,2.4594,0.5827,0.94353,2.1361,3.383,4.2565,5.586,5.2328,5.5015,6.0065,4.9869,2.179,3.9387,7.8285,3.9939,5.2588,9.5268,4.8434,3.9,7.17,5.6754,0.55537,5.507,7.4653,5.2079,3.5903,1.613,2.5979,4.0911,2.7835,2.1223,5.2204,6.7279,4.1865,0.73364,2.0563,3.5972,3.4526,1.1687,1.7474,2.7463,7.6021,8.0623,4.4555,1.7419,2.8176,3.5516,4.054,6.3823,4.4794,3.2521,4.8897,5.0355,2.5627,1.1523,3.6808,4.5574,1.9267,7.0736,4.115
3.8189,6.2837,3.7338,4.1557,5.4599,4.9001,3.8205,4.433,4.9885,4.2164,3.4095,4.0844,4.8698,4.9409,4.7339,4.7785,5.0289,5.1005,4.9045,4.9172,5.1141,4.3863,2.0342,1.4253,4.1906,4.7635,2.6175,1.551,5.2309,7.0832,6.6091,4.9754,3.7854,2.7319,0.84438,1.6004,2.8344,2.0609,0.5814,3.8814,6.3278,6.835,5.1753,1.9569,1.7466,4.4837,5.3209,4.0349,1.4593,1.3578,2.589,2.5427,2.6125,3.0441,2.4098,1.8327,4.0308,5.645,5.043,2.3427,1.0989,3.5691,4.066,2.9662,2.3581,3.2763,3.7502,3.337,2.5293,2.055,2.2926,2.4764,1.8706,0.55841,0.96201,1.5107,0.87807,0.68959,1.8681,2.3601,3.2565,5.2823,6.8312,6.4702,3.976,1.5797,4.3004,6.3132,6.3679,5.091,3.8079,3.3775,3.8408,5.2201,6.6255,6.7511,5.0704,3.134,4.9757,7.5977,8.4416,7.2442,4.7699,2.0873,1.2652,3.0853,4.4166,4.5893,3.6582,2.7726,3.0003,2.9782,1.7485,0.50187,2.5011,3.735,3.8103,2.8993,1.6909,2.1736,3.7836,4.8307,4.7909,3.849,2.9359,3.0728,3.6951,4.0553,2.0698
3.2805,5.7623,3.7388,1.7308,2.181,3.1933,3.36,2.8556,2.0581,1.2345,0.92281,1.6207,2.4363,2.9398,3.1203,3.3204,3.7745,4.0284,3.4071,1.7535,1.4177,3.5313,4.6782,4.1812,2.2773,0.31718,2.0521,2.6993,2.2855,1.7948,1.9777,2.2807,2.6331,3.0188,2.8429,1.8373,1.253,2.2905,2.6811,1.8012,0.13904,1.4945,2.1528,1.8894,1.875,2.4409,2.4276,2.1093,3.0972,4.4294,4.6865,3.5977,1.8113,0.70048,0.84382,0.88765,2.1923,3.9967,5.5826,6.5249,6.333,4.5915,1.4982,2.4512,5.2121,5.8892,4.2189,2.1118,4.0915,5.9424,5.676,3.818,2.7106,3.4779,3.6596,3.5589,5.0127,6.9787,7.8699,7.2601,5.5512,3.4369,1.437,0.58744,1.9007,2.898,3.3625,3.2128,2.405,1.0266,0.85396,2.3231,3.107,2.9212,2.103,2.0652,3.2475,4.2159,4.2981,3.4049,1.8753,0.49439,1.1785,2.1432,3.3333,4.5118,4.9323,4.3045,3.7725,5.0205,6.6463,7.0095,5.8146,3.8723,2.723,2.791,2.7107,2.2091,1.7791,2.2383,3.8728,5.773,6.8959,6.5576,4.7289,2.0106,0.70711,2.6337,1.6607
3.5287,3.7843,2.3443,2.6223,1.1701,4.6896,6.6037,5.4701,5.4997,9.376,10.238,6.4764,3.0743,8.2461,3.6027,6.9364,11.214,6.8247,2.0766,4.2109,2.4024,4.2224,6.8498,4.3092,2.5544,1.2364,0.59398,2.9875,2.1919,2.575,3.2587,0.90555,4.2345,4.6206,3.143,3.6554,0.14676,5.2309,5.1631,1.8142,3.2532,4.1484,4.3753,2.8348,0.68416,1.5568,3.4481,3.4829,2.3632,2.2635,6.1662,5.8617,4.7405,3.7879,1.4714,2.9721,7.1078,6.1461,2.1307,5.4358,2.5569,2.4517,3.6882,1.7462,3.4283,3.1479,4.0167,3.4273,5.6146,5.3705,1.0319,3.5784,5.2166,6.0119,8.2809,4.2553,2.6018,4.2946,2.2669,1.0336,1.182,2.8889,2.0555,4.4261,5.4347,0.28368,3.1075,2.5555,6.5982,3.713,5.1955,5.1053,1.9207,2.6602,2.4459,5.6191,6.8889,1.2307,4.9953,3.1041,7.001,3.2651,2.9651,1.7526,3.2327,2.1245,3.9097,3.8758,3.6339,3.3592,3.8368,2.3676,3.0849,6.784,6.0916,2.3242,0.74841,1.7242,3.3747,4.1532,3.5896,2.8858,3.1185,1.4011,2.8729,4.4849,1.5318,2.7356,1.1201
0.55468,1.1119,1.1193,1.1311,1.1462,1.1637,1.1821,1.2003,1.2168,1.2304,1.2399,1.2445,1.2433,1.2356,1.2209,1.1992,1.1702,1.1343,1.0917,1.0432,0.98963,0.93231,0.87281,0.81315,0.75582,0.70383,0.66058,0.62956,0.61367,0.6144,0.63126,0.66197,0.70314,0.7511,0.80248,0.85436,0.90437,0.95062,0.99157,1.026,1.0531,1.072,1.0822,1.0835,1.0754,1.0581,1.0315,0.99587,0.95157,0.89919,0.83959,0.77404,0.70445,0.63373,0.56648,0.50979,0.47366,0.46894,0.5018,0.56988,0.66542,0.78035,0.9084,1.0451,1.1871,1.3318,1.4772,1.6214,1.7626,1.8993,2.0301,2.1536,2.2685,2.3737,2.4682,2.5511,2.6216,2.6793,2.7236,2.7545,2.7718,2.7759,2.7669,2.7457,2.7128,2.6694,2.6164,2.5551,2.487,2.4136,2.3364,2.2571,2.1773,2.0985,2.0222,1.9498,1.8821,1.8201,1.7642,1.7144,1.6706,1.6321,1.5982,1.5678,1.5397,1.5129,1.4862,1.4586,1.4291,1.397,1.3619,1.3231,1.2806,1.2341,1.1838,1.1299,1.0725,1.0122,0.94937,0.88471,0.81899,0.75318,0.68849,0.62648,0.56919,0.51921,0.4797,0.45409,0.22259
2.3363,5.8472,6.6529,5.4264,4.1911,4.8269,4.5418,2.3248,1.5245,2.9679,2.3597,0.26782,1.987,2.7462,2.8519,3.7857,4.2889,3.6103,3.8072,5.3319,5.6888,4.2201,1.8399,1.0896,3.5191,6.006,7.1493,5.7073,1.8107,2.9275,6.1327,6.3207,3.5911,1.1802,4.374,5.6034,4.0666,0.60894,3.9265,6.9597,7.525,5.6031,2.629,1.4601,1.6164,1.3767,2.854,3.7857,3.1627,2.4174,3.1562,3.2615,2.2441,2.4113,3.4947,3.619,3.2318,3.1757,2.9254,2.1735,1.6525,2.4499,4.6743,6.9675,7.6239,5.7738,2.3893,2.8119,4.7717,5.1874,5.6695,6.5503,5.9985,3.391,0.47626,2.9712,3.9964,4.063,4.4807,4.7667,4.0245,2.4374,0.83927,1.5159,2.9644,3.7804,3.6307,3.2112,3.6325,4.1034,3.6722,3.0304,3.7376,5.0515,5.9263,6.3088,6.3354,5.9191,4.9759,3.7149,2.6662,2.4274,2.9265,3.7327,4.6926,5.6592,6.266,6.0066,4.6767,3.1558,3.4462,4.2357,3.5659,1.6696,1.6023,2.35,1.4796,2.3872,4.8183,5.6426,4.3045,2.4458,3.0085,3.353,2.278,2.4555,3.8451,4.1631,1.9736
4.7516,8.6395,6.5053,4.0912,2.1657,2.1937,4.4256,6.4873,7.1594,6.1297,4.0683,2.3716,2.4289,3.628,5.055,5.9098,5.5442,4.0292,2.2404,1.4801,1.3524,0.54596,1.2555,3.1328,4.5852,5.0439,4.6654,4.7408,5.8379,6.4791,5.6141,3.4729,1.1594,0.31315,0.13892,1.0423,2.2936,2.78,2.3016,1.335,1.0315,1.9362,3.0314,3.8547,4.189,4.1013,3.6943,2.9502,2.0761,1.6948,2.127,3.1735,4.3187,4.6769,3.8496,3.062,4.1766,5.4516,5.613,4.9842,4.148,2.8814,0.8582,1.529,3.6325,5.2656,6.583,7.5766,8.4029,9.3857,9.8428,8.3807,4.5941,0.18365,3.5717,3.6838,0.97457,4.6825,8.1689,8.4505,5.701,2.7176,3.0635,2.6422,1.169,3.5679,5.0961,4.421,2.3846,1.1316,1.9794,3.1914,4.2546,4.6167,5.0235,6.2052,6.6195,4.8427,1.1347,2.9936,6.0023,7.3734,7.3861,6.049,3.2032,1.6626,4.4433,5.1708,3.1524,1.4255,3.9049,4.3678,2.4968,2.3342,4.6218,5.5261,5.275,4.7117,3.5343,2.0517,3.6293,5.7423,6.2374,5.1897,3.7395,3.2612,4.2224,5.6029,3.1132
0.92334,2.5967,3.0595,2.2046,1.7986,3.7211,5.2284,5.4902,4.8973,4.1773,3.3793,2.294,2.147,3.3234,3.8918,3.1546,1.3717,0.73743,2.492,3.6167,4.1439,4.1284,3.6931,3.425,3.9195,4.5922,4.6363,3.9002,2.8289,2.1244,1.9836,1.8843,1.5696,1.2558,1.4869,2.1434,2.6007,2.4824,1.8345,1.7156,3.0273,4.5754,5.6021,5.7222,4.7832,2.9086,0.81305,2.1408,3.5515,3.5507,2.1439,1.7866,4.2419,6.169,6.7014,5.9815,4.762,3.6226,2.3852,1.1587,1.8865,2.8441,2.6684,1.5609,1.1378,1.6802,1.4354,1.3075,2.374,2.9489,2.8385,3.7278,5.6269,6.7451,6.1958,4.2234,1.8344,0.19426,1.1969,2.4187,3.5257,3.7036,2.7495,2.09,3.2352,4.211,4.3638,4.3139,4.4001,4.1135,3.5417,3.807,4.6146,4.5908,3.3838,1.7482,1.0951,0.8858,0.35921,1.7576,2.7336,2.6738,2.2321,2.9958,4.1206,4.3583,3.6356,2.7477,2.5941,3.0163,3.8598,5.2165,6.595,7.3332,7.0778,5.876,4.0738,2.1313,0.42499,0.97892,2.0688,2.9268,3.559,4.11,4.7635,5.3851,5.6403,5.4876,2.6668
3.2016,6.4222,5.8038,3.9512,2.3826,3.6345,4.625,4.1737,3.0566,2.1814,1.2945,1.101,2.1918,2.3686,1.1945,1.4047,3.1018,3.4933,2.308,1.1436,2.8118,3.9808,3.6981,1.9836,0.79169,3.6382,5.7868,6.4945,5.6561,3.8976,2.3142,1.6911,1.4677,1.2562,1.4054,2.02,3.2232,5.1035,7.3492,9.1603,9.4801,7.598,3.839,2.2556,5.5835,7.1546,6.4035,4.7361,4.5907,5.5776,5.7818,4.7543,2.7191,0.35993,2.4768,4.0012,4.0079,2.9575,2.8997,4.0894,4.4968,3.5507,1.7017,0.72243,2.2305,3.2731,3.714,3.5767,2.863,1.7189,1.1672,2.0379,2.5364,2.3226,2.5225,3.6247,4.2998,3.9583,3.3904,3.8558,4.6361,4.7683,4.4174,4.075,3.6649,2.9782,2.7069,3.8686,5.6819,7.0353,7.202,6.0286,4.1349,2.6486,2.2108,2.6682,3.729,4.359,3.9137,3.2917,3.9459,4.5667,4.0335,3.261,3.4714,3.3314,2.2639,2.9844,4.8887,5.4974,4.5603,3.2599,2.7814,2.3384,1.4625,1.6908,2.5823,2.9178,2.6378,1.9114,1.6674,2.7475,3.4404,2.7292,0.7585,1.4435,2.551,1.9321,0.14182
6.42,13.144,10.079,3.3899,2.8123,3.0045,5.774,7.5023,5.756,4.1509,3.765,3.5891,4.4384,5.9862,6.9262,5.9882,3.0661,0.20837,0.65928,4.9496,9.3439,9.3997,5.3551,2.5563,1.7961,2.546,5.0313,5.3727,3.6967,0.9471,2.9867,5.8482,6.3959,4.2265,1.8535,4.6814,4.0734,2.0719,8.1238,9.0563,5.0326,1.8344,2.5771,3.495,0.6033,7.5772,10.331,5.7033,1.2166,3.5355,2.9256,3.064,1.7682,5.3981,7.3471,5.1319,1.1737,4.6775,4.3882,3.4435,7.8995,9.6108,7.9362,5.2593,1.5645,4.167,8.4727,7.3954,1.588,4.2384,6.6489,6.0383,4.0318,3.1576,6.6168,8.626,6.1364,1.6195,0.51332,2.7147,5.6463,6.6007,6.9558,6.2657,4.3084,3.8082,5.0989,3.4196,1.7952,5.3891,3.7615,4.8214,7.9133,7.7367,4.4003,3.0298,8.3823,8.2248,3.792,0.51725,2.266,3.3355,4.3845,4.5289,1.9534,2.3521,1.7257,1.6521,2.6942,4.9243,6.444,3.4269,5.1739,6.3175,4.0492,4.6051,5.4576,7.68,7.9081,4.1705,1.6551,5.2821,4.6167,1.1884,5.9306,6.2728,1.3055,5.6127,4.2546
3.4065,6.5126,6.1843,6.3893,6.2384,4.6907,1.843,1.3358,3.1714,2.9544,1.0583,2.0859,3.6399,3.0646,0.60884,3.107,5.5256,5.7599,4.0122,2.5343,3.2064,2.9133,0.83289,2.6988,5.0998,5.541,3.9752,1.8978,2.3888,3.2153,2.8496,1.8628,1.0296,0.39776,0.36248,1.0634,2.0464,3.5062,4.7647,4.8759,3.4786,1.5273,2.3076,3.3082,2.8124,1.6421,1.8232,2.18,2.1172,3.1806,4.3914,4.1379,2.1755,1.9185,4.6486,6.2645,6.3524,5.4635,4.0846,2.0541,0.68207,3.3429,4.6673,3.7952,1.1078,2.9173,5.3949,5.4534,2.9079,1.3775,4.9671,6.625,5.7082,3.2543,2.9159,4.6524,5.0689,3.954,2.3236,1.8962,2.8217,3.7451,4.2103,4.1919,4.405,5.497,6.8128,7.647,8.0597,8.2948,7.9546,6.2927,3.1163,1.4213,5.0601,7.3034,7.3273,5.4985,3.7605,4.5965,5.7914,5.4053,3.4348,1.0022,1.8696,2.8943,2.7586,2.4156,2.815,3.0381,2.1786,0.24203,2.1383,4.0804,4.8496,4.1747,2.512,2.1019,3.8305,5.0136,4.8916,3.6289,2.0565,1.584,1.951,2.2088,2.9318,3.9537,2.2092
2.2883,4.5028,4.2541,3.7675,2.9871,1.9108,0.71811,1.1861,2.5869,3.8139,4.6413,4.9399,4.6818,3.972,3.0974,2.5856,2.8288,3.4117,3.7763,3.6658,3.0455,2.0506,1.0886,1.2779,2.132,2.7108,2.7892,2.3332,1.4201,0.24757,1.163,2.4123,3.4198,4.0785,4.3573,4.2965,3.9908,3.5601,3.1163,2.7394,2.4791,2.3692,2.4115,2.5357,2.6087,2.4946,2.1122,1.5005,1.0643,1.6115,2.6448,3.603,4.2449,4.4425,4.1603,3.4555,2.4733,1.4569,0.90161,1.1825,1.5069,1.4893,1.0882,0.37603,0.52713,1.459,2.2829,2.8851,3.1982,3.2044,2.9317,2.4416,1.8157,1.1429,0.54009,0.44338,0.88526,1.3465,1.7709,2.1665,2.5411,2.8895,3.1905,3.4067,3.488,3.3793,3.0339,2.4286,1.5819,0.62909,0.87624,1.995,3.0365,3.8358,4.2953,4.3703,4.0764,3.4976,2.7986,2.2475,2.1371,2.4293,2.7951,3.0052,2.9935,2.8245,2.6821,2.7947,3.2251,3.8078,4.3276,4.627,4.6216,4.2981,3.7148,3.0128,2.4383,2.2831,2.5532,2.9274,3.1344,3.049,2.6529,2.0129,1.2905,0.86104,1.0984,1.4792,0.81599
4.3538,9.2653,9.4218,7.1448,7.4522,12.753,9.9516,2.0277,3.7795,4.1881,1.1125,5.1074,4.3488,2.8669,3.8571,2.7087,0.094753,1.8472,5.5213,7.1581,1.8873,3.2028,2.0992,4.357,2.4531,6.0293,7.7653,4.9317,2.1312,2.742,4.6069,2.442,2.0057,2.3835,6.4336,8.3564,6.5568,5.3594,0.6684,1.4978,4.5635,8.8019,7.3178,7.1025,9.1206,8.4987,2.966,2.9041,3.3974,1.2019,5.2904,4.9534,1.3985,1.9508,5.6122,3.6906,5.7919,6.8496,2.5756,9.5074,8.8181,5.0096,2.762,5.6496,3.0929,7.56,6.9755,3.7697,8.4454,7.806,0.81441,5.881,2.8732,6.4963,3.0301,3.6915,1.5657,9.6138,9.2131,3.8711,4.3173,5.7247,4.5578,7.4773,8.3446,6.1124,6.644,3.1503,4.0836,6.4588,2.3939,6.0385,6.9783,1.6965,4.4558,3.089,2.5065,4.4793,5.0717,4.041,1.3895,3.3272,0.89938,3.3788,1.8361,1.5761,2.7209,2.1671,6.4194,7.0667,4.4371,3.3839,5.7632,5.7605,0.65422,2.3444,1.5606,2.7038,0.48483,4.3395,7.5464,8.4131,7.9043,7.203,6.0092,4.0521,2.4769,3.8205,1.1677
0.77819,1.3755,0.85415,0.88421,2.029,2.9571,2.9759,1.8989,0.87347,2.1082,2.5315,1.223,1.4923,4.3448,5.859,5.0502,2.0286,2.0674,5.473,6.91,6.033,3.5646,0.85079,1.4419,2.4687,2.8359,2.8387,2.4215,1.6429,0.94043,0.83748,1.494,2.5901,3.5093,3.7167,3.0718,1.9076,1.2436,1.9884,2.7467,2.8455,2.206,1.3043,1.26,1.5888,1.3518,0.758,1.0334,2.1873,3.6531,4.9677,5.4709,4.8048,3.2564,1.6269,0.75603,1.3031,2.5989,3.6111,3.4945,2.218,2.2053,4.3632,6.0573,6.711,6.5788,6.0217,5.1529,4.0535,2.8864,1.6267,0.64879,1.9011,2.9988,3.2106,2.978,3.3122,3.8237,3.4807,2.159,0.59188,0.58607,0.70763,1.2528,2.3103,2.8841,3.1202,3.8406,4.6004,4.2727,2.6866,2.1616,4.2101,5.9034,6.9072,7.7192,8.1286,7.2826,4.8598,1.9809,3.1511,5.1912,5.6636,4.6786,2.9663,1.3332,0.36049,0.66836,1.3486,1.9819,2.0948,1.408,0.83911,2.0808,2.9038,2.5361,1.1679,0.75727,1.6381,1.772,2.4482,3.7994,4.3947,3.8655,3.6851,4.9783,6.0173,5.9487,2.8146
1.0667,1.9816,1.2675,0.39494,2.1157,3.384,3.4169,2.3022,1.5946,2.4063,2.5012,1.2037,1.1845,3.5068,4.9125,4.6811,2.6694,1.3183,4.7751,7.382,7.8272,5.8598,2.3145,1.6099,3.9217,4.276,3.025,1.6246,1.6985,1.8173,1.5406,1.7788,2.1924,2.2991,2.4864,2.8625,2.8596,2.1743,1.2749,1.6932,2.6614,2.9735,2.3331,1.0227,1.0358,1.9396,1.9444,1.8685,3.2391,4.7735,5.3023,4.5892,3.1597,2.0395,2.0301,2.6037,3.2334,3.545,3.1812,2.1629,1.3444,2.1403,3.3008,4.152,4.7176,5.0615,5.0692,4.6529,4.1233,3.9726,3.9063,3.1936,1.9487,1.8519,2.602,2.5754,2.6414,3.9394,4.9148,4.3617,2.4321,1.4056,2.7576,3.1497,2.5263,1.8595,1.6561,2.3921,4.0116,5.0018,4.2616,2.5508,4.2463,7.087,8.2669,7.6822,6.7214,6.3364,5.4681,3.2776,1.8991,4.1966,5.703,5.4419,3.9036,2.2296,1.7049,1.972,2.0349,1.8774,1.5994,1.1482,0.81912,1.4139,2.0648,2.0452,1.2436,0.26459,1.0682,1.7505,2.613,3.6904,4.2642,4.0029,3.6608,4.1768,4.7911,4.7562,2.2752
1.7407,3.195,2.3018,0.94649,1.2456,2.6498,3.4206,3.4383,3.0473,2.7504,2.7943,2.9622,2.7528,1.7238,0.39299,2.4843,4.1284,4.3406,2.9078,1.756,4.2573,6.5825,7.3321,6.3611,4.2583,1.9783,0.62214,0.912,0.93045,0.60491,0.63964,1.4988,2.2732,2.2198,0.88739,1.6616,4.4793,6.4429,6.5918,4.7564,1.9312,2.3058,3.9755,3.9542,2.481,1.0159,1.6667,1.9792,1.4927,1.2056,1.6673,2.104,2.2973,2.1535,1.556,0.65787,0.13055,0.42019,0.5115,0.91365,1.0948,0.76719,0.54039,0.86363,1.1638,2.1915,3.4599,3.8035,2.8253,2.5008,4.2397,4.8363,3.0987,3.1599,7.4938,10.413,10.016,6.4466,2.1241,3.7975,5.3409,4.7392,4.5081,5.7133,5.8618,4.0255,1.7092,3.4264,5.7614,7.2963,7.962,7.494,5.8385,3.6213,1.8633,1.4615,2.7197,4.4153,5.2964,4.73,3.1986,2.4472,2.9396,2.9607,2.329,1.7749,1.9215,2.4875,2.4881,1.0427,2.1619,5.9071,8.706,9.2013,7.2138,3.9989,1.9224,2.0161,2.7796,4.618,5.8009,4.765,1.4849,2.6992,5.8405,6.7262,5.4166,3.0119,0.61945
1.5414,3.2176,3.3365,2.9991,2.2304,2.0755,2.9753,3.5292,3.0355,1.6612,0.57127,1.2395,1.1651,0.23646,0.94292,1.3981,0.73523,1.5592,4.0574,6.3771,7.8381,8.1181,7.1769,5.2049,2.8239,2.1512,3.5056,4.0649,3.3037,1.6684,0.087405,0.94764,0.86118,0.30585,1.1073,1.6032,1.4947,1.6017,2.4725,3.2441,3.4954,3.4556,3.4058,3.0404,2.0772,2.1198,4.0847,5.647,5.6719,3.9719,1.3311,1.9741,3.6616,3.9838,3.3708,2.7661,2.3469,1.4893,0.34898,1.3987,2.3827,3.0962,3.6455,3.4564,1.8818,1.5618,5.1136,8.0228,9.0688,7.9223,5.2136,2.1749,0.13034,0.83459,0.79055,1.258,1.7047,1.5979,1.7533,2.6664,3.2501,2.808,1.384,1.0679,2.6635,3.4228,3.1675,2.9002,3.7748,4.8509,5.1667,4.6691,3.662,2.1985,1.0835,3.3267,5.6683,6.646,5.7358,3.4192,1.781,2.9161,3.5136,2.9439,1.8785,0.83551,0.82856,2.4184,3.717,3.989,3.3629,3.1206,3.6618,3.5609,2.3002,1.0672,1.7664,1.7465,0.47876,1.8857,3.541,4.0208,3.4575,2.792,2.49,1.9241,1.4675,2.2105,1.3539
1.1477,2.0328,1.0657,0.69963,2.7099,4.0272,3.8695,2.1835,0.29364,2.1633,2.5038,1.0015,1.7056,4.3639,5.74,5.1738,2.9573,1.9746,4.5612,6.3314,6.247,4.3824,1.5062,1.4036,3.2417,3.6904,3.0037,2.0745,1.9201,2.1176,1.9908,1.9036,2.4637,3.2361,3.5631,3.1555,2.1225,1.2381,1.8839,2.7911,3.054,2.5197,1.4722,1.1373,1.9238,2.3004,2.1327,2.228,3.0049,3.7093,3.8468,3.4287,2.7062,1.9462,1.3815,1.1462,1.1351,1.2944,1.5193,1.5047,1.301,1.6851,2.6439,3.6286,4.5933,5.5038,6.0185,5.9566,5.7234,5.6605,5.145,3.4416,1.0329,2.3647,3.7847,3.6642,3.3405,4.2132,4.589,3.2313,1.2004,2.8186,3.9725,3.2551,1.7303,1.9457,2.57,3.2036,4.6167,5.2901,3.9691,2.7091,5.862,8.671,8.9781,7.3192,6.304,6.8649,6.4128,3.8589,1.2446,3.8174,5.3524,4.9254,3.3872,2.2853,2.3036,2.2679,1.7865,1.3291,1.315,1.1575,0.37029,1.0435,2.2559,2.724,2.2843,1.4888,1.0738,0.91259,1.8734,3.4736,4.4529,4.3923,4.1848,4.9709,5.926,6.1787,3.0501
