7.342,14.522,14.04,13.257,12.198,10.9,9.4102,7.7824,6.082,4.3939,2.8648,1.8916,2.1368,3.1214,4.163,5.0451,5.6915,6.0669,6.1556,5.955,5.4736,4.7298,3.7512,2.5747,1.2554,0.42635,1.8051,3.3198,4.7985,6.1802,7.4115,8.4443,9.2365,9.7537,9.9706,9.8714,9.4515,8.7173,7.686,6.3858,4.8541,3.137,1.2882,0.65397,2.5946,4.5013,6.3132,7.9793,9.4553,10.706,11.705,12.436,12.895,13.086,13.024,12.73,12.235,11.575,10.79,9.9266,9.0376,8.1842,7.4379,6.878,6.578,6.5789,6.8659,7.3738,8.0152,8.7045,9.369,9.95,10.401,10.688,10.786,10.683,10.378,9.8802,9.2129,8.4108,7.5216,6.6053,5.7343,4.9889,4.4432,4.1339,4.0296,4.0396,4.0578,3.9987,3.808,3.4597,2.9504,2.2945,1.5229,0.70271,0.48153,1.3035,2.1801,2.9959,3.7102,4.297,4.7409,5.038,5.195,5.2288,5.1638,5.0293,4.8541,4.6616,4.4645,4.2633,4.048,3.8059,3.5314,3.2397,2.9821,2.8559,2.9774,3.4005,4.0776,4.9129,5.8139,6.7036,7.5189,8.2082,8.7307,9.0563,4.5835
19.27,29.191,7.5231,13.332,21.26,15.977,6.5776,6.4255,7.0595,3.9448,4.2251,12.738,17.376,12.543,6.2106,17.873,22.529,15.455,2.8637,5.9082,8.091,13.301,18.956,16.833,8.0146,4.7878,6.4831,4.1515,8.7223,12.545,12.903,14.23,16.401,15.633,11.095,3.9199,3.7638,8.3811,7.6283,2.5839,3.6343,8.9015,15.26,20.411,19.438,11.889,7.2216,10.955,11.524,14.281,20.004,20.557,13.888,4.1159,3.103,4.2786,3.6249,9.1334,13.915,14.635,11.287,6.9842,6.2635,5.9787,2.7452,4.1018,8.3327,8.5478,4.4181,5.8061,11.722,13.411,10.506,6.9491,6.4315,6.3447,6.1503,5.7486,4.1012,4.71,7.0145,7.8911,8.2193,7.6227,4.9916,3.5449,3.6562,3.5445,8.9402,12.099,8.6614,3.3226,7.9471,6.9338,5.9085,15.239,18.504,12.54,9.1231,14.301,11.598,1.3668,10.018,12.378,5.7898,6.7462,11.668,9.3329,7.0573,8.6981,8.0225,14.275,21.128,18.387,5.9683,11.739,20.28,16.174,2.9048,14.229,22.096,18.611,6.9624,5.7639,13.205,14.322,14.079,16.797,9.3231
18.496,36.132,33.632,29.728,24.786,19.273,13.726,8.7624,5.2438,4.3456,5.2071,5.8999,5.8854,5.2518,4.267,3.2066,2.2586,1.6309,1.9408,3.2791,5.0762,6.9153,8.4297,9.2905,9.2585,8.2408,6.3477,4.0436,2.9884,4.8088,7.2801,9.1852,10.113,9.9474,8.8205,7.1416,5.6945,5.4786,6.4771,7.6535,8.2725,8.0451,6.9582,5.174,2.9574,0.6384,1.6995,3.6706,5.3199,6.6699,7.7695,8.6167,9.1261,9.156,8.5716,7.308,5.4207,3.1882,2.0049,3.878,6.4171,8.6621,10.337,11.326,11.631,11.355,10.704,9.9661,9.4568,9.3762,9.6627,10.023,10.11,9.6579,8.5544,6.8816,5.0279,3.9909,4.775,6.4268,7.7719,8.2602,7.6698,6.0157,3.6029,2.0324,4.3113,7.3367,9.8145,11.312,11.621,10.721,8.7723,6.1023,3.2479,1.8932,3.6187,5.4056,6.4479,6.669,6.2183,5.4124,4.6867,4.42,4.6106,4.9235,5.0771,4.9875,4.7146,4.3632,3.9832,3.5202,2.8586,1.9204,0.86843,1.3645,2.9658,4.6242,6.095,7.2195,7.8951,8.0788,7.7843,7.0707,6.0253,4.7476,3.3404,1.9431,0.55488
9.7344,19.327,18.9,18.188,17.196,15.939,14.445,12.763,10.961,9.1259,7.3657,5.8045,4.5832,3.8345,3.5986,3.7614,4.1653,4.7292,5.4356,6.2702,7.1881,8.112,8.9487,9.6075,10.015,10.128,9.9356,9.4688,8.7965,8.022,7.2694,6.6555,6.2442,6.0099,5.8476,5.6277,5.2477,4.6571,3.8661,2.9589,2.153,1.908,2.4437,3.3007,4.1198,4.7458,5.1104,5.1938,5.0119,4.6092,4.0517,3.4185,2.79,2.2344,1.7903,1.4569,1.2147,1.0793,1.1244,1.3748,1.7378,2.0896,2.3227,2.3498,2.1046,1.5476,0.68307,0.62026,2.0517,3.7048,5.4577,7.1981,8.8108,10.185,11.226,11.861,12.049,11.791,11.134,10.187,9.1341,8.2499,7.8621,8.1814,9.1263,10.411,11.743,12.907,13.76,14.213,14.225,13.787,12.923,11.68,10.125,8.3415,6.4252,4.486,2.6758,1.4186,1.7684,2.8693,3.8572,4.5763,5.0018,5.1558,5.095,4.9068,4.7024,4.595,4.6577,4.8867,5.2091,5.5259,5.7492,5.8171,5.6969,5.3831,4.895,4.276,3.5953,2.9551,2.4963,2.3539,2.5254,2.856,3.1863,3.4172,1.7496
17.727,34.864,33.13,30.362,26.739,22.496,17.915,13.313,9.0414,5.5483,3.6138,3.7714,4.6298,5.1501,5.1825,4.9015,4.6077,4.5593,4.7709,5.0233,5.0726,4.7839,4.1646,3.385,2.8235,2.9129,3.5405,4.2199,4.6179,4.5794,4.0673,3.133,1.9099,0.79546,1.4156,2.6993,3.8419,4.7306,5.3474,5.7201,5.8935,5.9026,5.7552,5.4351,4.9223,4.221,3.3851,2.5455,1.9454,1.8425,2.0999,2.3383,2.3382,2.0346,1.4663,0.81236,0.78704,1.4866,2.1834,2.6867,2.9591,3.053,3.0971,3.2403,3.5441,3.9354,4.2785,4.4638,4.4485,4.2607,3.9777,3.6749,3.3593,2.9427,2.2936,1.3684,1.0122,2.5532,4.6677,6.9051,8.9905,10.661,11.682,11.879,11.159,9.5307,7.1103,4.1346,1.3655,3.1599,6.1968,8.7856,10.652,11.67,11.826,11.213,10.013,8.4806,6.908,5.5779,4.6695,4.1436,3.7788,3.3836,2.9435,2.6383,2.708,3.1448,3.7003,4.1534,4.39,4.3815,4.1551,3.7644,3.2607,2.6721,2.002,1.2566,0.58246,0.87772,1.7311,2.5443,3.1611,3.4792,3.4357,3.0154,2.258,1.2682,0.24017
6.8458,14.463,7.0383,4.6356,8.3448,8.9373,13.107,16.511,12.611,11.77,10.65,5.6872,8.5679,8.62,4.1052,3.6613,4.1422,4.0582,3.0775,3.0566,9.2695,14.748,15.574,7.0831,12.944,23.033,17.892,6.231,1.3861,4.9779,10.913,8.8163,6.2736,6.1411,7.6736,16.586,17.897,11.907,6.3383,10.708,5.7494,16.787,16.6,18.918,6.9162,18.862,18.75,8.5904,14.553,7.7832,29.186,22.27,15.922,26.258,15.394,6.5654,16.443,10.761,10.638,22.552,21.558,8.1334,12.819,18.339,14.083,5.8634,2.3823,5.9019,6.8584,9.6485,12.278,11.501,9.2232,13.077,12.311,10.794,14.027,6.5483,7.7349,13.034,7.912,10.642,11.412,9.7664,12.411,12.14,15.434,13.71,3.1088,10.012,5.1138,9.7765,3.8442,8.3942,8.8293,14.596,16.983,11.283,4.7315,11.198,13.517,20.547,24.21,11.091,16.872,19.704,9.6207,5.0633,10.084,18.437,17.735,3.4542,18.688,23.082,17.938,14.323,13.052,4.2784,12.808,9.2406,12.332,13.912,6.1591,1.5835,9.264,7.8446,17.292,22.012,2.6067
7.0428,13.951,13.555,12.917,12.069,11.052,9.9199,8.7293,7.5435,6.427,5.4412,4.6356,4.0327,3.612,3.3105,3.045,2.7428,2.3583,1.8793,1.344,0.93711,1.113,1.8039,2.6576,3.5371,4.3743,5.1182,5.7253,6.1584,6.3874,6.3914,6.1598,5.6939,5.0082,4.1308,3.1044,1.9906,0.91923,0.74352,1.6575,2.5605,3.2847,3.7758,4.0155,4.0264,3.8938,3.7945,3.9844,4.6511,5.7664,7.1651,8.6689,10.124,11.399,12.384,12.989,13.147,12.815,11.98,10.655,8.8832,6.7367,4.322,1.8714,1.6151,4.0345,6.5007,8.7309,10.614,12.078,13.084,13.63,13.747,13.507,13.019,12.419,11.862,11.486,11.366,11.491,11.766,12.054,12.224,12.171,11.833,11.186,10.246,9.0584,7.697,6.2591,4.8645,3.6606,2.8206,2.4601,2.4536,2.5134,2.4409,2.1794,1.8118,1.6378,2.0516,2.9684,4.0941,5.2415,6.2887,7.1446,7.74,8.0273,7.9815,7.602,6.9141,5.9724,4.8712,3.7754,2.9965,2.957,3.6521,4.6435,5.6125,6.3974,6.9121,7.1107,6.9766,6.5175,5.7656,4.7802,3.6634,2.6211,1.064
9.4667,18.659,17.848,16.538,14.787,12.676,10.309,7.8121,5.3648,3.3327,2.6946,3.8067,5.3546,6.7173,7.7111,8.267,8.3638,8.0117,7.2458,6.1222,4.7146,3.1142,1.4549,0.7589,2.2117,3.704,4.9903,5.996,6.676,7.0066,6.9846,6.6269,5.9691,5.0645,3.9847,2.8283,1.7758,1.3224,1.8571,2.7044,3.4728,4.0463,4.3808,4.4641,4.3066,3.9402,3.4203,2.8352,2.3276,2.1005,2.278,2.7373,3.2749,3.755,4.1021,4.276,4.2601,4.0556,3.6808,3.1731,2.5992,2.0863,1.8631,2.1225,2.7542,3.5464,4.3713,5.1602,5.8705,6.4723,6.9427,7.2638,7.4223,7.4102,7.2263,6.8801,6.3959,5.8222,5.2438,4.7957,4.65,4.9323,5.6246,6.5951,7.6959,8.8071,9.8385,10.722,11.409,11.866,12.073,12.028,11.742,11.238,10.553,9.736,8.8407,7.9268,7.0521,6.2651,5.5947,5.0413,4.5741,4.1402,3.6815,3.1495,2.5155,1.7777,0.99329,0.65096,1.4059,2.4297,3.4826,4.4963,5.4236,6.2254,6.869,7.3291,7.5881,7.6364,7.4723,7.102,6.5391,5.8046,4.9274,3.9474,2.9285,2.0096,0.78558
11.986,23.808,23.322,22.524,21.435,20.082,18.497,16.72,14.793,12.761,10.671,8.5711,6.507,4.5235,2.6653,1.0044,0.7545,2.0056,3.1044,3.9845,4.6381,5.0694,5.2903,5.3197,5.1826,4.9095,4.5362,4.1036,3.6574,3.2477,2.9238,2.7232,2.6541,2.6885,2.777,2.8701,2.9314,2.9391,2.8847,2.7708,2.6098,2.4232,2.2409,2.0986,2.03,2.053,2.1599,2.323,2.5081,2.6853,2.8328,2.937,2.9917,2.9973,2.9604,2.8934,2.8136,2.7418,2.6993,2.7037,2.764,2.8783,3.0354,3.219,3.4124,3.6007,3.7729,3.9216,4.0428,4.1356,4.201,4.2415,4.2597,4.2576,4.236,4.1941,4.129,4.0368,3.9122,3.7499,3.5449,3.2936,2.9937,2.6454,2.2509,1.8147,1.3437,0.84639,0.33342,0.18602,0.69558,1.1859,1.6444,2.0598,2.4222,2.7233,2.9568,3.1184,3.2064,3.2215,3.1667,3.0473,2.8708,2.6466,2.3857,2.1013,1.8081,1.5241,1.2723,1.0822,0.98616,0.99968,1.1046,1.266,1.4562,1.6598,1.8699,2.0836,2.2998,2.5168,2.7322,2.9421,3.1413,3.324,3.4842,3.6158,3.7139,3.7744,1.8974
13.014,24.798,21.354,16.404,11.077,7.0313,6.1126,7.1113,7.7559,7.7733,7.7891,8.096,8.1474,7.2317,5.2255,3.4414,4.9242,7.8649,10.238,11.877,13.56,16.031,18.925,21.021,21.214,19.153,15.57,12.351,11.357,11.533,10.239,6.4042,3.7601,10.147,17.272,22.043,23.139,20.407,15.048,10.038,9.6253,11.848,12.17,9.5737,6.3148,8.6751,14.216,18.369,19.708,18.225,14.89,11.21,8.5119,7.1032,6.664,7.4249,9.1259,10.466,10.319,8.4504,6.0706,6.2428,8.7918,10.636,10.511,8.5639,6.0763,5.055,5.3427,4.6824,2.5671,3.5362,7.7835,11.321,12.795,11.805,9.1146,7.2293,8.6926,11.204,12.237,11.145,8.4688,5.6664,4.8348,6.0029,7.5666,9.3388,11.272,12.648,12.568,10.578,6.9425,2.5905,1.4914,3.7358,3.9705,3.1504,4.6721,7.823,9.9758,9.8575,7.2882,4.131,6.5203,11.299,14.499,15.036,13.122,10.423,10.035,12.754,16.031,18.391,19.666,20.053,19.463,17.485,13.873,9.0578,4.8264,5.1408,7.2767,7.4828,5.3339,2.2937,4.2452,7.4414,4.3445
7.0001,13.926,13.705,13.346,12.858,12.258,11.564,10.794,9.9711,9.1143,8.2427,7.3727,6.5168,5.6841,4.8799,4.1069,3.3675,2.6679,2.0274,1.5009,1.2218,1.33,1.7284,2.2374,2.7611,3.2538,3.6892,4.05,4.3254,4.5108,4.6085,4.6288,4.5908,4.5231,4.4623,4.4487,4.5178,4.6897,4.9624,5.3138,5.7091,6.1096,6.4791,6.7862,7.0065,7.123,7.1259,7.0129,6.7891,6.4666,6.0643,5.607,5.1245,4.6497,4.2153,3.8479,3.5614,3.3499,3.1885,3.0403,2.8672,2.6399,2.3435,1.9854,1.614,1.3635,1.4535,1.9327,2.643,3.4575,4.3045,5.1366,5.917,6.6154,7.2064,7.6703,7.993,8.1666,8.1899,8.068,7.8131,7.4437,6.9847,6.4669,5.9261,5.4019,4.9341,4.5575,4.2934,4.1413,4.0781,4.0657,4.0632,4.0362,3.9611,3.8257,3.6293,3.3807,3.0987,2.8106,2.5515,2.3599,2.2666,2.2793,2.3771,2.5219,2.6748,2.8051,2.8928,2.9269,2.9044,2.8286,2.7083,2.5563,2.3888,2.2232,2.0766,1.962,1.8854,1.8444,1.8295,1.8282,1.8291,1.8248,1.8127,1.7946,1.7752,1.7604,0.87743
2.4916,4.9676,4.9213,4.8454,4.7418,4.6133,4.4633,4.2956,4.1151,3.9269,3.7368,3.5507,3.375,3.2157,3.0788,2.9694,2.8915,2.8473,2.8377,2.8619,2.9179,3.0032,3.1148,3.2503,3.4072,3.5834,3.7769,3.9855,4.2069,4.4381,4.6758,4.9159,5.1539,5.385,5.6037,5.8045,5.9817,6.1298,6.2432,6.3168,6.346,6.3266,6.2551,6.1289,5.9462,5.7061,5.4088,5.0558,4.6496,4.1947,3.6976,3.1685,2.6236,2.0935,1.6417,1.397,1.4988,1.9064,2.4749,3.1117,3.7716,4.4306,5.0732,5.6884,6.2674,6.8034,7.2905,7.7245,8.1018,8.4205,8.6794,8.8786,9.0193,9.104,9.1359,9.1195,9.06,8.9634,8.8363,8.6856,8.5185,8.3418,8.1619,7.9845,7.8139,7.6531,7.5035,7.3647,7.2348,7.1105,6.9872,6.86,6.7232,6.5716,6.4002,6.2045,5.9812,5.7276,5.4422,5.1244,4.7746,4.3941,3.9853,3.5511,3.0953,2.6225,2.1382,1.6495,1.1681,0.72334,0.44575,0.61123,1.0068,1.4387,1.8659,2.276,2.6631,3.0237,3.3553,3.6564,3.9259,4.1633,4.3683,4.5411,4.6818,4.7908,4.8684,4.9148,2.4651
9.0596,17.971,17.533,16.82,15.861,14.694,13.365,11.933,10.463,9.0323,7.7291,6.6471,5.8711,5.4388,5.304,5.3475,5.4337,5.4544,5.3404,5.0561,4.5921,3.9613,3.1999,2.3854,1.711,1.6156,2.2495,3.1954,4.1964,5.1468,5.9895,6.6873,7.2149,7.5575,7.7097,7.6756,7.4688,7.1126,6.6406,6.0969,5.5374,5.0292,4.6441,4.442,4.4441,4.6197,4.9028,5.2212,5.5157,5.7446,5.8829,5.9198,5.8563,5.7038,5.4829,5.2219,4.9557,4.7219,4.5552,4.4793,4.4994,4.6012,4.756,4.9295,5.0897,5.2101,5.272,5.2636,5.1796,5.0208,4.7925,4.5048,4.1713,3.8094,3.4404,3.0894,2.7855,2.5595,2.4376,2.4314,2.5314,2.7129,2.9479,3.2136,3.4947,3.7826,4.074,4.3687,4.6681,4.9744,5.2889,5.6114,5.9397,6.269,6.5921,6.8997,7.1808,7.4232,7.6146,7.7429,7.7972,7.7682,7.6494,7.4372,7.1316,6.7369,6.2621,5.7214,5.1357,4.5339,3.9552,3.4524,3.0887,2.9211,2.9642,3.1735,3.4742,3.7972,4.0932,4.3311,4.4942,4.5769,4.5827,4.5236,4.4185,4.2923,4.1731,4.088,2.0285
9.3981,18.646,18.202,17.481,16.511,15.332,13.991,12.548,11.073,9.6452,8.3529,7.2896,6.5337,6.1139,5.9804,6.0191,6.1015,6.1224,6.0119,5.7318,5.2688,4.6298,3.8402,2.9493,2.0605,1.465,1.6847,2.5251,3.5253,4.5086,5.4016,6.1626,6.7652,7.1938,7.443,7.5166,7.4278,7.199,6.8616,6.4553,6.0275,5.6296,5.3114,5.1102,5.0388,5.0808,5.197,5.3396,5.4643,5.537,5.5366,5.4546,5.2944,5.0713,4.8112,4.5503,4.3316,4.1979,4.1802,4.2858,4.4958,4.7736,5.0775,5.3694,5.6185,5.8026,5.9073,5.9248,5.8537,5.6977,5.4654,5.1693,4.826,4.4556,4.0817,3.7313,3.4341,3.2187,3.1071,3.1069,3.2085,3.3896,3.6245,3.8906,4.1711,4.4552,4.7366,5.0127,5.2831,5.5484,5.8095,6.0665,6.3182,6.5614,6.7912,7.0006,7.181,7.3226,7.4152,7.4488,7.4143,7.3045,7.1145,6.8427,6.4916,6.0682,5.5853,5.0626,4.5286,4.0225,3.5959,3.3071,3.2021,3.286,3.5159,3.8252,4.151,4.4451,4.6742,4.8175,4.8641,4.8123,4.6689,4.4495,4.1787,3.8912,3.6311,3.447,1.69
16.896,33.161,31.311,28.384,24.598,20.235,15.625,11.135,7.212,4.5835,4.1887,5.1794,6.069,6.3795,6.0804,5.3055,4.2852,3.3476,2.8961,3.0832,3.5674,3.9817,4.1587,4.0651,3.7429,3.277,2.7714,2.3254,2.0043,1.8157,1.7255,1.7072,1.7646,1.9034,2.0955,2.2816,2.398,2.3997,2.2713,2.0304,1.726,1.4273,1.1962,1.0426,0.92837,0.88861,1.141,1.8087,2.7917,3.9682,5.2242,6.4453,7.521,8.3554,8.878,9.0534,8.8875,8.4306,7.7756,7.0506,6.3994,5.9425,5.7252,5.6954,5.7436,5.767,5.7031,5.5293,5.2459,4.8566,4.3551,3.7249,2.9544,2.0751,1.3131,1.4659,2.5121,3.7463,4.903,5.8463,6.49,6.7993,6.8057,6.6225,6.4463,6.5043,6.9261,7.6439,8.4482,9.1093,9.45,9.372,8.8677,8.0335,7.0895,6.3819,6.2618,6.7828,7.6303,8.4123,8.8461,8.7787,8.1752,7.1232,5.8726,4.931,4.9765,6.0844,7.6407,9.1158,10.208,10.758,10.7,10.045,8.8682,7.3017,5.5359,3.8555,2.7784,2.8934,3.7515,4.6148,5.1859,5.3808,5.2095,4.7447,4.1218,3.5545,1.6578
6.9997,13.915,13.663,13.247,12.676,11.959,11.108,10.14,9.0692,7.9161,6.7005,5.4441,4.1707,2.9097,1.7128,0.81937,1.1693,2.1341,3.107,4.0023,4.7942,5.4695,6.0202,6.442,6.7337,6.8969,6.9358,6.8571,6.6698,6.3846,6.0144,5.5736,5.0781,4.5453,3.9945,3.4475,2.9296,2.4722,2.1133,1.8924,1.8291,1.9024,2.0611,2.2539,2.4447,2.6123,2.7458,2.8407,2.8973,2.9186,2.9096,2.8767,2.8267,2.7662,2.701,2.636,2.5745,2.5183,2.4685,2.426,2.392,2.3695,2.3636,2.3818,2.433,2.5263,2.6689,2.8642,3.1112,3.4048,3.7372,4.0987,4.479,4.8677,5.2548,5.6308,5.987,6.3156,6.61,6.8644,7.0747,7.2376,7.3513,7.4154,7.4307,7.399,7.3236,7.2085,7.0587,6.8801,6.6787,6.4614,6.2349,6.006,5.7815,5.5676,5.3699,5.1933,5.0419,4.9184,4.8249,4.7618,4.7287,4.724,4.7448,4.7878,4.8487,4.9227,5.0047,5.0892,5.1709,5.2444,5.3047,5.3472,5.368,5.3641,5.3334,5.2749,5.189,5.0775,4.944,4.7934,4.6325,4.4699,4.3153,4.1794,4.0728,4.0045,1.9905
4.8876,9.5998,9.0862,8.2699,7.2089,5.9829,4.6952,3.4886,2.5887,2.2959,2.6158,3.1698,3.6803,4.0368,4.2084,4.2004,4.0353,3.741,3.3425,2.8569,2.2934,1.6627,1.021,0.74327,1.343,2.2887,3.3277,4.3762,5.3715,6.2556,6.9752,7.4852,7.7525,7.758,7.4982,6.9848,6.2446,5.3175,4.2563,3.1339,2.0797,1.4482,1.7701,2.6474,3.6014,4.4766,5.2075,5.7528,6.0802,6.1634,5.9825,5.5266,4.7958,3.8042,2.5816,1.1817,0.48431,2.0333,3.6281,5.1379,6.4836,7.5974,8.426,8.9347,9.1105,8.9643,8.5311,7.8689,7.0557,6.1845,5.3539,4.651,4.1228,3.7514,3.4595,3.1556,2.7836,2.3622,2.0341,2.0755,2.62,3.4915,4.4846,5.4686,6.3608,7.109,7.6857,8.0846,8.3185,8.4137,8.4037,8.3214,8.1917,8.0267,7.8262,7.5823,7.287,6.9393,6.5502,6.1429,5.747,5.388,5.0737,4.7856,4.48,4.1002,3.5922,2.917,2.0582,1.0311,0.33809,1.536,2.8826,4.2194,5.4727,6.5769,7.4765,8.1301,8.513,8.619,8.4598,8.0637,7.4733,6.7421,5.9334,5.1214,4.3975,3.8775,1.8422
5.6707,11.16,10.626,9.7736,8.6551,7.3392,5.9065,4.4471,3.0651,1.9159,1.3423,1.6064,2.177,2.6877,3.0566,3.2829,3.3893,3.4014,3.3377,3.2064,3.0089,2.7526,2.4698,2.2449,2.2214,2.5151,3.0961,3.8413,4.6305,5.3686,5.9815,6.4116,6.6179,6.576,6.2785,5.7341,4.9656,4.008,2.905,1.7086,0.51863,0.89326,2.0885,3.229,4.2616,5.1526,5.8724,6.394,6.6929,6.7478,6.5437,6.0748,5.3494,4.3983,3.2952,2.2415,1.8577,2.6685,4.015,5.4346,6.7502,7.8644,8.7134,9.2591,9.4885,9.4144,9.0751,8.5324,7.8676,7.1721,6.5334,6.0119,5.6193,5.3125,5.0138,4.6444,4.151,3.5215,2.8003,2.1332,1.855,2.2482,3.0639,3.9856,4.8566,5.6023,6.1886,6.6091,6.8783,7.025,7.0845,7.0885,7.0575,6.9957,6.8929,6.7308,6.4923,6.1695,5.7688,5.3115,4.8303,4.3597,3.9235,3.521,3.1215,2.6727,2.1177,1.4119,0.53564,0.53736,1.7359,3.0447,4.4013,5.739,6.9893,8.0876,8.9789,9.622,9.9923,10.084,9.9093,9.4984,8.8959,8.1595,7.3578,6.5706,5.8907,5.4203,2.6254
5.885,11.496,10.781,9.8659,8.9354,7.9521,6.7157,5.1147,3.4512,2.9849,4.3839,6.165,7.4901,8.0672,7.8313,6.8718,5.4406,4.0289,3.3679,3.5549,3.6102,2.7664,1.0923,2.8225,6.4436,10.027,12.788,14.133,13.765,11.773,8.6656,5.5115,4.5174,6.3093,8.3845,9.6822,9.9988,9.3564,7.8485,5.6516,3.1173,1.2407,2.1524,3.0112,2.6805,1.2078,1.1643,3.3247,4.692,4.7097,3.959,5.567,10.082,15.165,19.174,20.939,19.821,15.841,9.7007,2.7537,4.4222,9.3025,11.642,11.164,8.3912,4.815,4.2413,6.8395,8.5437,8.3034,6.2353,3.0264,0.43655,3.0435,4.3009,3.9748,2.4756,1.8667,3.8112,5.6157,6.3755,5.9422,4.6201,3.2021,3.0546,4.2893,5.8469,7.4482,9.108,10.725,12.061,12.89,13.119,12.807,12.095,11.139,10.097,9.1719,8.5791,8.3357,8.1116,7.421,5.9397,3.7388,2.1154,3.9714,6.6684,8.7209,9.7581,9.8362,9.3785,8.9896,8.9931,9.0858,8.6452,7.2133,4.6988,1.6657,3.2957,7.0725,10.339,12.563,13.479,13.062,11.492,9.0905,6.2114,3.1403,0.15406
11.93,22.733,19.548,14.87,9.5388,4.7088,2.9966,4.7251,5.698,5.1169,3.1298,0.43254,3.5137,7.1525,10.492,13.226,15.154,16.161,16.203,15.285,13.434,10.705,7.1926,3.0777,1.3417,5.6398,9.3238,11.913,13.051,12.6,10.683,7.6639,4.0639,0.48461,2.8655,5.5224,7.5709,9.0869,10.089,10.478,10.128,9.0377,7.4356,5.7678,4.4785,3.5809,2.6714,1.9957,3.0806,5.118,6.7191,7.0619,5.6833,2.5774,2.2002,7.2115,11.845,15.023,15.986,14.428,10.585,5.2015,0.91661,5.8947,9.3201,10.414,9.0985,5.869,1.9928,3.426,6.5411,7.9802,7.349,4.8607,1.2718,2.9556,6.2506,8.1685,8.3841,7.2638,6.3049,7.6466,10.752,13.845,15.954,16.73,16.237,14.813,12.918,10.979,9.2862,7.9538,6.9765,6.3003,5.8594,5.5959,5.4851,5.5309,5.7175,5.9899,6.3124,6.73,7.3267,8.0881,8.8236,9.239,9.0706,8.1861,6.6296,4.6179,2.5191,1.0489,1.4672,1.9811,1.7794,1.143,1.8109,3.7344,5.8822,7.8521,9.3833,10.313,10.582,10.232,9.3978,8.2839,7.1458,6.2723,2.9695
7.6847,15.104,14.327,13.093,11.49,9.6409,7.6954,5.8438,4.3375,3.4861,3.4037,3.7349,4.0622,4.2088,4.2025,4.2302,4.57,5.4009,6.6688,8.1869,9.7611,11.229,12.462,13.366,13.878,13.968,13.636,12.914,11.857,10.539,9.0483,7.479,5.9242,4.472,3.2076,2.2325,1.7065,1.7505,2.1889,2.7941,3.4693,4.1696,4.8523,5.4663,5.9571,6.2744,6.3788,6.248,5.8808,5.3003,4.5593,3.751,3.0342,2.6506,2.7825,3.305,3.9524,4.5414,4.9751,5.208,5.2282,5.0489,4.7034,4.2415,3.7242,3.2177,2.7812,2.4487,2.2103,2.0167,1.8115,1.5729,1.3629,1.3745,1.7816,2.5135,3.4306,4.4366,5.4626,6.4522,7.3556,8.1293,8.7355,9.1429,9.327,9.2706,8.9647,8.4089,7.612,6.5938,5.3863,4.0401,2.6498,1.5221,1.6757,2.8937,4.2616,5.5415,6.6454,7.5217,8.1377,8.4771,8.539,8.3381,7.9029,7.2749,6.5061,5.6567,4.7921,3.9805,3.2875,2.7644,2.4277,2.2413,2.1339,2.0413,1.9349,1.8278,1.7677,1.8143,1.9974,2.2955,2.6578,3.034,3.3846,3.6813,3.9051,4.0437,2.0453
13.288,26.363,25.733,24.705,23.311,21.595,19.61,17.416,15.081,12.671,10.257,7.9045,5.6783,3.6382,1.855,0.6479,1.2959,2.2311,2.9236,3.3491,3.5236,3.4787,3.2567,2.9088,2.4948,2.0828,1.7462,1.5447,1.4818,1.4913,1.4882,1.4157,1.2594,1.0663,0.99447,1.2505,1.8094,2.5331,3.3287,4.1338,4.8977,5.5757,6.1289,6.5244,6.7362,6.7466,6.5468,6.1369,5.5268,4.7356,3.7926,2.7403,1.6575,0.87015,1.3478,2.4049,3.4813,4.4688,5.3191,6.0003,6.4909,6.7785,6.8593,6.7385,6.4294,5.9534,5.3399,4.6262,3.8601,3.1066,2.4631,2.0752,2.0691,2.3868,2.8499,3.3262,3.747,4.0796,4.31,4.4355,4.46,4.3923,4.2434,4.0254,3.7504,3.43,3.0748,2.6963,2.3097,1.94,1.634,1.4697,1.5256,1.7988,2.2146,2.7004,3.2078,3.704,4.1652,4.573,4.9133,5.1768,5.3586,5.4591,5.4842,5.4454,5.3595,5.2476,5.1336,5.041,4.9889,4.9877,5.0371,5.1255,5.2333,5.3371,5.4136,5.4422,5.4067,5.2963,5.1056,4.8349,4.4908,4.0865,3.6433,3.1943,2.7882,2.4934,1.1917
13.005,25.726,24.899,23.592,21.908,19.968,17.898,15.809,13.776,11.828,9.947,8.084,6.1851,4.2176,2.2007,0.62601,2.1657,4.0861,5.8253,7.2702,8.3421,8.99,9.1932,8.9616,8.333,7.3684,6.1454,4.7507,3.2748,1.8167,0.63412,1.1659,2.2384,3.1623,3.8773,4.3664,4.6283,4.6751,4.5331,4.2456,3.8759,3.5087,3.2419,3.1562,3.2696,3.531,3.8659,4.2189,4.5637,4.8936,5.2064,5.491,5.7212,5.8575,5.8561,5.6788,5.3033,4.7296,3.9829,3.1142,2.2006,1.3569,0.82284,0.92269,1.2895,1.6025,1.8607,2.1763,2.6599,3.3248,4.0899,4.8359,5.4461,5.8271,5.9239,5.7358,5.3363,4.8973,4.6845,4.9298,5.6183,6.5102,7.3349,7.8832,8.0167,7.6639,6.8197,5.5504,4.0239,2.668,2.5433,3.8172,5.391,6.7558,7.7106,8.1631,8.0908,7.531,6.5749,5.3612,4.0736,2.9479,2.2616,2.1166,2.1898,2.1162,1.7544,1.1919,1.0754,1.978,3.2295,4.4787,5.5515,6.3261,6.7216,6.7005,6.2718,5.4907,4.4596,3.3408,2.4139,2.1326,2.6063,3.3525,4.0445,4.574,4.9252,5.1185,2.5896
7.0361,13.943,13.554,12.895,11.961,10.754,9.2921,7.6196,5.8152,4.022,2.5768,2.293,3.2527,4.4715,5.5107,6.2303,6.5862,6.5861,6.2771,5.738,5.0702,4.384,3.7788,3.317,3.013,2.8658,2.9214,3.2803,4.0019,5.033,6.245,7.4857,8.6027,9.4536,9.9158,9.8955,9.337,8.2303,6.6214,4.6411,2.6884,2.4381,4.4561,6.8857,9.1353,10.968,12.232,12.825,12.697,11.846,10.321,8.2161,5.6642,2.8286,0.33028,3.0536,5.7118,8.0022,9.8123,11.074,11.767,11.917,11.595,10.912,10.004,9.018,8.0875,7.2991,6.6697,6.151,5.6731,5.2015,4.7822,4.5511,4.6657,5.1623,5.908,6.7025,7.3693,7.7834,7.8767,7.6427,7.1445,6.5273,6.0223,5.8884,6.2456,6.9645,7.7827,8.4578,8.8206,8.7792,8.3196,7.5154,6.5569,5.7935,5.6782,6.401,7.6705,9.0604,10.25,11.029,11.268,10.902,9.9259,8.384,6.3729,4.0506,1.8203,2.0748,4.3592,6.6231,8.553,10.02,10.95,11.316,11.131,10.444,9.3425,7.9439,6.403,4.9329,3.8549,3.5477,4.0059,4.7783,5.4969,5.9801,3.0743
5.5049,10.925,10.674,10.261,9.6966,8.9952,8.1757,7.2615,6.28,5.2619,4.2395,3.2459,2.3154,1.4944,0.90438,0.87401,1.3386,1.9364,2.5725,3.2343,3.916,4.603,5.2691,5.8791,6.3936,6.773,6.9824,6.995,6.7949,6.38,5.7634,4.9759,4.0714,3.1433,2.3727,2.0866,2.4625,3.205,4.0132,4.7428,5.3274,5.7375,5.9663,6.0241,5.9342,5.7299,5.4497,5.133,4.8155,4.5267,4.291,4.1323,4.0812,4.1763,4.4549,4.9339,5.5995,6.4097,7.3059,8.2216,9.0893,9.8435,10.424,10.779,10.867,10.657,10.136,9.3035,8.1747,6.7836,5.1851,3.4776,1.9502,1.8272,3.3121,5.0846,6.7935,8.3246,9.6114,10.609,11.29,11.642,11.669,11.39,10.838,10.059,9.1059,8.0412,6.9294,5.8339,4.812,3.907,3.1393,2.4971,1.9356,1.392,0.81477,0.317,0.81984,1.7101,2.7146,3.7867,4.8865,5.974,7.01,7.9573,8.7826,9.4567,9.9551,10.258,10.351,10.226,9.8812,9.3247,8.5771,7.6783,6.6994,5.7639,5.0745,4.8869,5.332,6.2795,7.4869,8.7538,9.9419,10.955,11.725,12.205,6.1842
13.231,26.171,25.313,23.93,22.089,19.876,17.393,14.747,12.048,9.3984,6.8947,4.6331,2.7603,1.7276,2.144,3.1473,4.1154,4.9273,5.5661,6.0353,6.3424,6.4953,6.5038,6.3819,6.1494,5.8328,5.4636,5.0761,4.7026,4.3701,4.0963,3.8895,3.7504,3.675,3.656,3.6824,3.7376,3.8007,3.8502,3.8702,3.8575,3.8267,3.8104,3.8512,3.9821,4.2061,4.4885,4.768,4.9762,5.053,4.9574,4.677,4.2374,3.7177,3.2715,3.1146,3.3787,3.9615,4.6466,5.2539,5.6668,5.8252,5.7268,5.4399,5.1263,5.0421,5.4314,6.3347,7.5807,8.9429,10.229,11.296,12.045,12.423,12.421,12.073,11.453,10.669,9.8444,9.0941,8.4834,7.9993,7.5517,7.0126,6.2642,5.2337,3.9169,2.4356,1.5033,2.5682,4.4083,6.246,7.842,9.0457,9.747,9.8749,9.4013,8.3431,6.7637,4.7752,2.5711,1.1218,2.8161,4.9535,6.8009,8.1745,8.9609,9.0947,8.5589,7.3887,5.6821,3.6613,2.1809,3.3389,5.8441,8.4644,10.873,12.897,14.419,15.359,15.677,15.363,14.441,12.958,10.985,8.6046,5.9133,3.0128,0.079071
13.336,26.36,25.446,23.978,22.039,19.733,17.183,14.517,11.866,9.3481,7.0681,5.1089,3.5315,2.3751,1.6483,1.2874,1.1354,1.0645,1.0729,1.2361,1.5945,2.1269,2.8022,3.5971,4.4883,5.4434,6.4184,7.3586,8.2044,8.8973,9.3868,9.6365,9.629,9.3682,8.8796,8.2081,7.4122,6.5556,5.6955,4.8697,4.0871,3.3274,2.5578,1.7698,1.1012,1.1729,2.0343,3.0984,4.1459,5.0608,5.7514,6.1433,6.1833,5.8452,5.134,4.0912,2.8125,1.5712,1.5081,2.8107,4.2923,5.6259,6.6859,7.404,7.7552,7.7599,7.4891,7.0682,6.6714,6.4848,6.6243,7.0627,7.6577,8.2427,8.6891,8.9283,8.9535,8.815,8.6092,8.4529,8.4396,8.5924,8.8461,9.0745,9.1355,8.9072,8.3067,7.2978,5.8947,4.1736,2.3614,1.6553,3.2632,5.3551,7.3381,9.0247,10.299,11.086,11.348,11.081,10.321,9.1375,7.6287,5.9263,4.2094,2.7886,2.2875,2.9083,3.8557,4.6555,5.1573,5.3217,5.1626,4.7308,4.1121,3.4367,2.8996,2.739,3.0462,3.6572,4.366,5.0468,5.6389,6.1185,6.4835,6.7435,6.9134,7.0083,3.5193
19.425,38.143,36.081,32.834,28.67,23.923,18.967,14.183,9.9419,6.6184,4.6307,4.1516,4.5269,5.0395,5.4581,5.7477,5.8633,5.7124,5.1987,4.2817,3.0376,1.8353,1.8807,3.1417,4.3969,5.1924,5.3317,4.7564,3.5769,2.3193,2.6321,4.5321,6.61,8.2915,9.2815,9.4245,8.7027,7.2582,5.4587,4.1171,4.3768,5.8546,7.3582,8.2785,8.3688,7.5791,6.0044,3.8573,1.4961,1.4026,3.47,5.1081,6.0701,6.2922,5.8296,4.8448,3.5977,2.4614,1.9306,2.099,2.4033,2.5733,2.7771,3.3433,4.3399,5.527,6.6102,7.3561,7.6174,7.3408,6.564,5.4035,4.0292,2.6314,1.3949,0.63124,1.0199,1.8337,2.785,3.8309,4.8421,5.6283,5.9963,5.8002,4.9857,3.6562,2.3647,2.8091,4.8334,7.0538,8.9304,10.18,10.642,10.267,9.1166,7.3493,5.201,2.9644,1.1127,1.4283,2.5645,3.2756,3.5726,3.6707,3.8475,4.2384,4.7217,5.0547,5.0373,4.5815,3.7436,2.8,2.4319,3.1472,4.3391,5.4439,6.2383,6.6862,6.8818,7.0004,7.208,7.5536,7.9383,8.1919,8.1777,7.8603,7.3377,6.8349,3.3118
13.674,27.173,26.647,25.769,24.543,22.984,21.122,19.009,16.715,14.33,11.957,9.7003,7.6546,5.8941,4.46,3.3611,2.6038,2.2498,2.3841,2.9346,3.704,4.5164,5.2402,5.7793,6.0747,6.1135,5.9413,5.6732,5.4898,5.5794,6.0208,6.7226,7.4969,8.1552,8.5515,8.5917,8.2324,7.479,6.3813,5.0302,3.5612,2.1988,1.4952,1.9671,2.7781,3.3932,3.6741,3.5951,3.1857,2.5178,1.7108,1.0201,1.0687,1.726,2.4186,3.0056,3.4917,3.9432,4.4457,5.0545,5.7589,6.4855,7.1264,7.5687,7.7148,7.4954,6.8766,5.864,4.5044,2.8918,1.2568,1.276,2.8909,4.4447,5.6998,6.5449,6.9128,6.7764,6.153,5.1123,3.8099,2.6408,2.5722,3.8504,5.5556,7.2128,8.6173,9.6501,10.237,10.341,9.9569,9.1091,7.8507,6.2602,4.4443,2.5768,1.3249,2.2963,3.9614,5.4979,6.7404,7.6126,8.0744,8.1141,7.7467,7.012,5.9731,4.7138,3.342,2.0246,1.2322,1.6993,2.6248,3.4433,4.0275,4.345,4.4011,4.2255,3.8652,3.3781,2.826,2.2681,1.7538,1.3162,0.96577,0.69007,0.46336,0.26949,0.081091
1.569,3.1349,3.1256,3.1107,3.0915,3.0694,3.0464,3.025,3.0078,2.9981,2.9988,3.0131,3.0436,3.0924,3.1609,3.2492,3.3567,3.4816,3.6217,3.7738,3.9346,4.1005,4.2678,4.433,4.5929,4.7443,4.8846,5.0114,5.123,5.2178,5.295,5.354,5.3949,5.4182,5.4249,5.4162,5.3939,5.36,5.3165,5.2657,5.2097,5.1506,5.09,5.0294,4.9697,4.9115,4.8552,4.8006,4.7477,4.6965,4.6473,4.601,4.5595,4.5255,4.5029,4.4969,4.5135,4.5595,4.6415,4.7654,4.9355,5.1538,5.4202,5.732,6.0846,6.4716,6.8858,7.3191,7.7633,8.2097,8.65,9.0761,9.4799,9.8539,10.191,10.485,10.73,10.919,11.05,11.117,11.118,11.051,10.914,10.706,10.428,10.081,9.6672,9.1892,8.6509,8.0567,7.4117,6.7218,5.9937,5.2346,4.4528,3.6579,2.8622,2.0854,1.3732,0.88717,0.99431,1.5432,2.1946,2.8481,3.473,4.0551,4.5858,5.0589,5.4698,5.8151,6.092,6.2989,6.4351,6.5005,6.496,6.4233,6.2851,6.0847,5.8267,5.5165,5.1608,4.768,4.3484,3.9155,3.4871,3.0882,2.7526,2.5229,1.2202
15.8,31.243,30.191,28.486,26.202,23.432,20.29,16.904,13.404,9.9236,6.589,3.5155,0.83506,1.5611,3.3708,4.6941,5.5209,5.8729,5.7932,5.3409,4.5875,3.6133,2.5122,1.4444,1.034,1.8466,2.9782,4.1228,5.2221,6.2581,7.2208,8.0985,8.8739,9.5228,10.016,10.324,10.417,10.275,9.8873,9.2555,8.3966,7.3432,6.1443,4.869,3.6179,2.5659,2.0421,2.274,2.904,3.548,4.0424,4.3262,4.3846,4.2313,3.9047,3.4696,3.0242,2.7041,2.6459,2.8845,3.3213,3.8254,4.3,4.6868,4.9537,5.0863,5.0819,4.9446,4.6822,4.3035,3.8165,3.229,2.5508,1.8018,1.0497,0.7078,1.3295,2.2426,3.1831,4.0731,4.8582,5.4898,5.9253,6.1307,6.0846,5.7826,5.2456,4.5346,3.7869,3.2836,3.411,4.2554,5.5307,6.9633,8.3822,9.6754,10.762,11.584,12.1,12.288,12.144,11.68,10.922,9.9089,8.6909,7.3234,5.8647,4.3723,2.9002,1.5011,0.37387,1.1376,2.2086,3.1877,4.0778,4.8988,5.673,6.419,7.1475,7.8601,8.5501,9.205,9.8092,10.347,10.805,11.171,11.438,11.6,5.8273
13.885,27.073,25.044,21.867,17.822,13.252,8.5224,3.9762,0.10461,3.5305,6.2215,8.2023,9.5759,10.475,11.002,11.194,11.009,10.371,9.2134,7.5206,5.356,2.8842,0.96546,2.8866,5.2908,7.3562,8.9358,9.98,10.508,10.581,10.277,9.652,8.7251,7.4849,5.9152,4.03,1.9029,0.43695,2.5532,4.4369,5.8193,6.5214,6.4405,5.5842,4.1343,2.7385,3.1085,5.0981,7.2266,8.8747,9.7358,9.6672,8.697,7.0898,5.5493,5.4029,7.0775,9.379,11.349,12.485,12.528,11.403,9.1932,6.1242,2.5305,1.1945,4.6071,7.3289,9.0436,9.5584,8.836,7.0394,4.7125,3.7239,5.9657,9.2868,12.341,14.592,15.752,15.699,14.464,12.214,9.2251,5.8552,2.5255,1.0161,3.1386,4.6284,5.1854,4.8541,3.8985,3.0297,3.4967,5.1766,7.056,8.6013,9.5599,9.838,9.4775,8.6545,7.6806,6.9669,6.8468,7.295,7.9645,8.4941,8.663,8.3917,7.7107,6.7311,5.622,4.5914,3.8572,3.5613,3.6617,3.9982,4.4581,5.0107,5.6531,6.3636,7.0912,7.7709,8.3443,8.7748,9.0544,9.2024,9.2579,9.2665,4.6323
17.122,33.625,31.824,28.998,25.397,21.336,17.173,13.286,10.051,7.8021,6.6717,6.3906,6.4785,6.6193,6.7037,6.6984,6.551,6.1754,5.4871,4.4476,3.0928,1.5399,0.2392,1.4887,2.4856,2.9088,2.6504,1.7524,1.0955,2.7386,5.127,7.5551,9.6705,11.184,11.881,11.645,10.481,8.5182,6.0264,3.5115,2.4319,3.8334,5.5114,6.564,6.7923,6.233,5.1201,3.9661,3.6367,4.4594,5.65,6.5492,6.8756,6.5804,5.7954,4.8329,4.1762,4.2142,4.7649,5.3478,5.6798,5.7489,5.7589,6.001,6.6099,7.4262,8.1371,8.4609,8.2297,7.4123,6.1196,4.6142,3.351,2.8968,3.1658,3.3957,3.107,2.2088,1.2659,2.3984,4.5907,6.7932,8.5985,9.7149,9.9486,9.2209,7.58,5.2037,2.4622,1.6402,4.2261,6.7016,8.5292,9.5221,9.6253,8.8981,7.4966,5.6483,3.6267,1.7863,1.1668,2.1339,3.0423,3.618,3.9015,3.9764,3.8966,3.6566,3.2075,2.5024,1.5366,0.39989,0.99241,2.2612,3.3893,4.2677,4.8581,5.2072,5.4428,5.7213,6.1277,6.6071,6.998,7.1219,6.8564,6.1775,5.195,4.2107,1.8805
8.8339,17.255,16.058,14.195,11.859,9.3026,6.8473,4.9064,3.938,3.9318,4.2045,4.2113,3.7748,2.9443,1.9751,1.5817,2.2956,3.2925,4.0495,4.373,4.2028,3.5983,2.816,2.5242,3.343,4.7951,6.3023,7.557,8.3835,8.6889,8.454,7.7279,6.6214,5.2942,3.9404,2.7678,1.9589,1.568,1.5141,1.8981,2.9092,4.474,6.3985,8.4703,10.473,12.198,13.467,14.143,14.154,13.495,12.24,10.545,8.6515,6.9106,5.7718,5.5438,5.9905,6.5687,6.8948,6.8064,6.2917,5.4403,4.4168,3.4429,2.7554,2.4522,2.3337,2.092,1.5454,0.68643,0.73319,2.0919,3.5419,4.8737,5.9223,6.5551,6.6879,6.3012,5.4596,4.3524,3.4064,3.3308,4.2588,5.5166,6.5881,7.2038,7.2244,6.6006,5.3607,3.6046,1.5235,1.0776,3.2676,5.3092,6.9293,7.9664,8.3207,7.9641,6.956,5.4877,4.0532,3.8057,5.3391,7.644,9.9931,12.054,13.643,14.659,15.062,14.864,14.118,12.909,11.337,9.5063,7.5125,5.4377,3.348,1.3246,0.95384,2.8192,4.6707,6.4139,8.0124,9.4328,10.643,11.615,12.326,12.759,6.4522
15.027,29.221,26.81,23.069,18.377,13.199,8.0305,3.3698,1.2129,3.7629,5.5468,6.3666,6.431,6.0534,5.5832,5.3475,5.606,6.5004,8.0077,9.9451,12.017,13.875,15.182,15.674,15.214,13.817,11.662,9.0572,6.395,4.0857,2.4937,1.8646,2.1981,3.3355,5.0399,6.9379,8.5948,9.6069,9.6777,8.6725,6.6444,3.8248,0.58131,2.6594,5.4847,7.6004,8.8983,9.4995,9.7259,9.9415,10.29,10.567,10.384,9.4311,7.6626,5.5195,4.5191,6.1371,8.7893,11.021,12.204,12.1,10.759,8.4817,5.8039,3.5658,2.9783,3.7017,4.4078,5.1306,6.538,8.7961,11.363,13.509,14.606,14.223,12.189,8.6321,4.0805,2.7177,7.5524,12.117,15.401,16.953,16.601,14.452,10.858,6.3629,1.6252,2.8166,6.2708,8.436,9.1483,8.485,6.7581,4.5699,3.2241,4.1586,5.921,7.2577,7.8134,7.5547,6.614,5.2234,3.6739,2.3274,1.7269,2.0511,2.5948,2.9865,3.1971,3.3278,3.5438,3.9956,4.7176,5.6127,6.5207,7.2804,7.7609,7.8788,7.6071,6.9757,6.0631,4.9823,3.8622,2.8293,1.9937,1.4429,0.62387
17.774,34.45,31.266,26.308,20.071,13.2,6.6093,3.5608,7.2299,10.895,13.123,13.821,13.217,11.746,9.9495,8.3427,7.2063,6.4821,6.0318,6.034,6.8851,8.5608,10.54,12.235,13.202,13.191,12.166,10.291,7.8996,5.4271,3.3369,2.0002,1.4677,1.7021,2.9487,4.9022,7.0479,8.8858,9.9769,10.007,8.8407,6.5445,3.3787,0.39974,3.9283,7.101,9.4526,10.79,11.133,10.716,9.9339,9.1825,8.6296,8.0956,7.2252,5.7526,3.6317,1.1038,1.9655,4.574,6.6925,8.0401,8.5137,8.1915,7.3233,6.2846,5.4623,5.0552,4.9843,5.1341,5.5778,6.4271,7.5541,8.5953,9.1386,8.8607,7.5984,5.3813,2.4819,1.5615,4.7481,7.721,9.9158,11.082,11.167,10.335,8.9577,7.5744,6.7052,6.4411,6.3241,5.8346,4.7693,3.4101,2.9901,4.4719,6.5737,8.3832,9.5024,9.7641,9.1754,7.8988,6.2383,4.6457,3.7113,3.728,4.1686,4.4364,4.322,3.9079,3.5149,3.5975,4.2994,5.3022,6.2452,6.8958,7.1317,6.9182,6.3002,5.3989,4.4104,3.5917,3.1685,3.1217,3.1836,3.1233,2.8865,2.5875,1.2226
15.188,29.922,28.583,26.43,23.576,20.169,16.381,12.398,8.4056,4.5828,1.1079,2.0124,4.5226,6.4558,7.7942,8.5632,8.8205,8.6478,8.1421,7.4063,6.542,5.6447,4.806,4.1228,3.7037,3.6421,3.9474,4.53,5.2693,6.0635,6.8361,7.5329,8.1178,8.5727,8.8944,9.0918,9.1786,9.1667,9.0591,8.8463,8.5079,8.0179,7.3541,6.5072,5.4918,4.361,3.2421,2.4393,2.4465,3.2196,4.2334,5.1766,5.9055,6.347,6.4694,6.2732,5.7876,5.0674,4.189,3.2475,2.358,1.6659,1.3301,1.3394,1.4615,1.5566,1.6657,1.9335,2.4602,3.2115,4.0841,4.9718,5.7848,6.4544,6.9367,7.2159,7.3052,7.2459,7.0992,6.932,6.7958,6.7053,6.6314,6.5122,6.2772,5.8701,5.2682,4.4984,3.6657,3.0119,2.9157,3.5021,4.4508,5.4348,6.2578,6.8036,7.0049,6.8331,6.2945,5.4287,4.3078,3.0439,1.8475,1.339,2.005,2.953,3.7399,4.2385,4.4026,4.2281,3.7455,3.0205,2.171,1.4623,1.4645,2.17,3.017,3.7623,4.3151,4.6385,4.7279,4.6032,4.303,3.8797,3.3934,2.9076,2.4867,2.195,1.0448
12.711,24.983,23.691,21.611,18.852,15.555,11.891,8.0602,4.3375,1.8474,3.7566,6.5271,8.8845,10.658,11.8,12.319,12.265,11.724,10.812,9.6636,8.4262,7.2447,6.2425,5.4906,4.9804,4.6324,4.3494,4.074,3.8158,3.6437,3.6426,3.8422,4.1814,4.5477,4.8328,4.9616,4.9036,4.6809,4.3792,4.1537,4.1919,4.5932,5.2853,6.0958,6.8514,7.4139,7.6823,7.5906,7.1063,6.2293,4.9901,3.448,1.6918,0.38986,2.171,3.9796,5.5915,6.905,7.8399,8.3398,8.3749,7.9441,7.075,5.8232,4.2735,2.5592,1.1365,1.8903,3.5852,5.2106,6.5973,7.6641,8.3628,8.6709,8.5887,8.1371,7.354,6.2897,5.0027,3.5561,2.0201,0.60178,1.3694,2.9056,4.4087,5.8211,7.1097,8.2446,9.1953,9.9314,10.424,10.648,10.587,10.236,9.6049,8.7198,7.6275,6.3964,5.1232,3.9472,3.0768,2.7464,2.945,3.3576,3.7066,3.8555,3.7635,3.4622,3.0704,2.8333,3.059,3.8188,4.9111,6.1207,7.2966,8.3343,9.1595,9.722,9.993,9.9636,9.6427,9.0539,8.2329,7.2235,6.0762,4.8501,3.6285,2.5785,1.0521
2.4623,4.8903,4.7881,4.6204,4.391,4.1055,3.7708,3.3958,2.9914,2.5713,2.1536,1.7643,1.4436,1.2483,1.2258,1.3599,1.5816,1.8286,2.0624,2.2612,2.4128,2.5116,2.5572,2.5548,2.5163,2.4623,2.4236,2.4402,2.5532,2.7916,3.1618,3.651,4.237,4.8959,5.6057,6.3466,7.1008,7.8519,8.585,9.286,9.9419,10.541,11.072,11.526,11.894,12.17,12.348,12.424,12.395,12.261,12.024,11.685,11.248,10.721,10.109,9.4233,8.6742,7.8751,7.0419,6.1943,5.3577,4.5674,3.8741,3.3507,3.0819,3.1168,3.4188,3.8944,4.4546,5.038,5.6061,6.1346,6.6081,7.0168,7.3545,7.618,7.806,7.9193,7.96,7.9317,7.8388,7.6869,7.4821,7.2311,6.9411,6.6193,6.273,5.9093,5.5348,5.1557,4.7778,4.4058,4.0438,3.6951,3.3623,3.0476,2.7529,2.4803,2.2325,2.0135,1.8289,1.6858,1.592,1.5528,1.5689,1.6342,1.7383,1.8684,2.0125,2.1601,2.3023,2.4317,2.5422,2.6289,2.6878,2.7159,2.711,2.672,2.5985,2.4914,2.3524,2.1845,1.992,1.7811,1.5607,1.3438,1.1505,1.0104,0.47899
17.187,33.412,30.634,26.348,21.031,15.289,9.8389,5.6506,4.2624,5.1346,5.7357,5.2722,3.8165,1.8554,1.6558,3.6404,5.3184,6.203,6.1519,5.2252,3.7016,2.3214,2.6862,4.2441,5.6369,6.4379,6.5409,6.0047,4.9984,3.7492,2.4923,1.4768,1.1993,1.8857,2.9521,4.1275,5.2443,6.1364,6.6786,6.839,6.7113,6.5016,6.4292,6.561,6.7481,6.7626,6.4805,5.9999,5.6745,5.915,6.7255,7.6623,8.2355,8.1174,7.1739,5.4609,3.2341,1.3826,2.6356,4.5922,5.9452,6.4377,6.0319,4.8663,3.2975,2.2699,3.153,4.9304,6.7047,8.2959,9.7075,10.947,11.94,12.524,12.504,11.726,10.146,7.8679,5.1722,2.7405,2.6781,4.552,6.1969,7.159,7.4525,7.321,7.1317,7.1675,7.4062,7.5639,7.3508,6.6662,5.7055,5.0428,5.3479,6.4925,7.7416,8.5178,8.5168,7.6558,6.0551,4.1109,2.974,4.1225,6.2656,8.2866,9.8489,10.871,11.393,11.513,11.329,10.896,10.222,9.2858,8.0828,6.667,5.1861,3.9311,3.3499,3.6318,4.3312,4.987,5.3988,5.5273,5.4177,5.161,4.8661,4.6373,2.2758
17.658,34.268,31.231,26.522,20.623,14.131,7.6931,2.0954,3.1862,6.3628,8.0418,8.2255,7.1681,5.3066,3.3089,2.4317,3.2604,4.2106,4.5579,4.2996,3.8666,4.0264,5.0826,6.5057,7.7393,8.472,8.5913,8.1391,7.272,6.2106,5.1816,4.3625,3.859,3.7301,3.9979,4.5912,5.3378,6.0434,6.5676,6.864,6.9854,7.0397,7.101,7.1313,6.9933,6.5523,5.8072,5.0297,4.823,5.5965,6.934,8.1539,8.7679,8.5022,7.2737,5.1789,2.4892,0.92366,3.5939,5.9733,7.5757,8.2269,7.9323,6.8933,5.5495,4.6638,4.9938,6.3026,7.9111,9.4993,11.003,12.408,13.634,14.512,14.837,14.451,13.317,11.571,9.5506,7.8074,6.9494,7.0821,7.6082,7.9143,7.757,7.2273,6.6358,6.3114,6.3075,6.3333,6.0325,5.2476,4.1942,3.7266,4.7495,6.6452,8.4987,9.7897,10.239,9.7443,8.3592,6.294,3.9903,2.7279,4.099,6.3747,8.479,10.141,11.283,11.897,12,11.616,10.771,9.5035,7.8805,6.004,4.0102,2.0587,0.37234,1.1841,2.19,2.7499,2.8801,2.6564,2.1957,1.6358,1.1132,0.74351,0.30448
24.275,47.168,42.975,36.009,26.753,16.265,6.0221,3.4108,9.6813,13.457,14.869,14.919,15.214,16.755,18.639,19.106,17.081,12.687,7.1224,2.4375,2.5865,3.5704,3.8016,5.1076,6.9351,7.8328,7.487,6.6573,6.2237,5.9312,5.1177,4.2854,4.786,5.9453,6.2209,5.1548,3.5163,3.5826,5.4284,6.963,7.3834,6.6288,5.5091,5.9899,8.232,10.089,10.072,7.8926,5.1485,6.2315,9.6328,11.792,12.24,12.408,13.858,15.769,16.026,13.369,7.9888,2.3184,6.2154,10.011,10.147,6.573,3.3878,9.2422,15.1,17.828,16.794,13.193,10.22,10.791,12.632,13.2,12.572,11.594,10.005,6.8536,3.9871,8.3859,14.211,17.526,17.081,13.321,8.3656,6.0625,7.4276,8.8276,9.9221,11.314,12.11,10.999,7.8041,4.3931,5.4439,8.4055,10.025,10.069,8.9458,7.0289,5.4857,6.998,10.359,12.634,12.486,10.371,9.0541,11.059,14.032,15.572,15.264,13.582,10.764,6.6602,3.1822,7.413,12.456,14.627,12.717,7.1669,3.4863,10.022,15.116,16.197,13.069,7.0586,2.0845,5.9809,3.9537
21.667,41.032,34.592,25.313,15.046,6.0287,3.8008,6.7326,7.0268,4.6281,1.3209,4.7312,8.8285,11.645,12.794,12.305,10.484,7.8306,5.1067,3.65,4.1109,4.5589,3.6873,1.5097,3.258,7.6946,11.934,14.992,16.238,15.505,13.119,9.7853,6.3744,3.8294,3.4571,5.1401,7.3289,9.0866,9.655,8.5437,5.9438,4.1628,7.0455,11.127,13.837,14.222,12.173,8.501,5.6324,7,9.7962,11.119,10.323,7.7531,4.3184,1.4225,2.0142,3.0572,3.7234,4.995,6.6356,7.5641,7.0188,5.1432,4.3721,7.3687,11.108,13.43,13.368,10.726,6.118,2.681,6.9105,11.231,13.511,13.398,11.266,8.0683,5.2631,4.5517,5.7135,7.6159,10.278,13.518,16.53,18.358,18.322,16.274,12.79,9.5536,9.3729,12.155,15.025,16.395,15.808,13.463,10.032,6.6446,5.0251,5.7173,6.6821,6.7734,5.9273,4.5165,3.0376,1.8484,0.97535,0.72951,1.6727,2.748,3.4039,3.3155,2.4769,1.8822,3.4057,5.7832,7.9803,9.5768,10.393,10.381,9.5178,7.7378,4.9883,1.4976,3.2971,7.7082,11.615,14.297,7.6258
16.783,33.026,31.44,28.912,25.604,21.728,17.53,13.273,9.2244,5.6528,2.9096,1.8585,2.517,3.1149,3.2253,3.0042,2.8666,3.2567,4.1423,5.1532,5.9777,6.4236,6.3961,5.8922,5.0102,3.9947,3.3361,3.5904,4.59,5.7589,6.7403,7.3766,7.6372,7.5938,7.4035,7.2664,7.335,7.6159,7.9603,8.1532,8.0035,7.3888,6.2712,4.7034,2.8715,1.5694,2.68,4.6263,6.3946,7.7173,8.457,8.5503,8.0023,6.8851,5.3386,3.5984,2.2069,2.3933,3.7646,5.1819,6.3067,7.0462,7.3996,7.4219,7.203,6.8463,6.4451,6.0641,5.7331,5.4576,5.2378,5.0777,4.9765,4.9089,4.8155,4.6148,4.2331,3.6426,2.9232,2.4074,2.7012,3.8248,5.2737,6.6989,7.8838,8.6764,8.9749,8.7304,7.9491,6.6935,5.083,3.3153,1.8628,2.0292,3.377,4.7096,5.7328,6.3706,6.6225,6.5323,6.168,5.6021,4.8959,4.0951,3.2503,2.4869,2.1431,2.5801,3.5575,4.6666,5.6523,6.3429,6.6171,6.4081,5.7241,4.6925,3.6861,3.4974,4.5627,6.2361,7.8968,9.1977,9.9292,9.9733,9.2973,7.9599,6.1322,4.2014,1.5939
17.174,33.504,31.048,27.214,22.359,16.928,11.41,6.2803,1.9719,1.3669,3.3006,4.0086,3.6793,2.8898,2.9403,4.4096,6.2605,7.774,8.5937,8.5582,7.6622,6.0389,3.9474,1.867,1.6481,3.2266,4.5339,5.2432,5.3506,5.0027,4.4499,3.9582,3.6454,3.3862,2.9806,2.4632,2.4454,3.5457,5.2873,7.0684,8.4763,9.2085,9.069,7.9881,6.0423,3.5134,1.7553,3.8393,6.6725,9.0434,10.614,11.226,10.87,9.6802,7.9344,6.0824,4.8061,4.7422,5.5806,6.5343,7.1906,7.4567,7.4,7.1486,6.8161,6.4511,6.0369,5.5334,4.9271,4.2537,3.5869,3.0129,2.629,2.5938,3.0906,4.1203,5.4974,6.981,8.3219,9.2835,9.6694,9.352,8.2945,6.562,4.3266,1.9447,1.5654,3.6735,5.5741,6.8941,7.5343,7.5157,6.9605,6.072,5.1046,4.3121,3.8519,3.6929,3.6815,3.7004,3.7163,3.7286,3.7221,3.6827,3.6604,3.8052,4.269,5.0209,5.8313,6.4038,6.4724,5.8532,4.4955,2.653,2.2653,4.8456,8.0488,11.077,13.525,15.111,15.667,15.167,13.725,11.58,9.0666,6.5662,4.4522,3.0387,1.2703
16.943,33.412,32.016,29.779,26.825,23.318,19.451,15.427,11.458,7.7473,4.5135,2.1601,1.9358,3.0228,3.8178,4.0863,3.855,3.2166,2.298,1.2722,0.67603,1.3403,2.1726,2.8022,3.1472,3.1825,2.9251,2.4487,1.9486,1.8675,2.5251,3.6341,4.8934,6.1417,7.2759,8.2179,8.9069,9.2975,9.3609,9.0863,8.4808,7.5703,6.3972,5.0185,3.5017,1.9233,0.44268,1.2598,2.6492,3.9043,4.9945,5.9145,6.6699,7.2696,7.7173,8.0066,8.119,8.0282,7.7074,7.1384,6.3219,5.2884,4.1155,2.9796,2.2973,2.5795,3.5102,4.527,5.3583,5.8745,6.0093,5.7395,5.0797,4.0783,2.8142,1.4007,0.43201,1.6596,2.9264,3.9555,4.6698,5.0304,5.0338,4.711,4.1263,3.3727,2.5701,1.8637,1.4078,1.2458,1.1946,1.0625,0.8786,1.0411,1.7644,2.7788,3.8816,4.9283,5.7937,6.3705,6.576,6.3598,5.7097,4.6559,3.278,1.7533,1.0484,2.3627,3.9076,5.2146,6.1285,6.5552,6.4475,5.809,4.7041,3.2959,2.0821,2.4037,4.0227,5.8216,7.4175,8.6363,9.382,9.6211,9.3861,8.7849,8.0106,7.3406,3.5355
19.993,39.39,37.636,34.829,31.134,26.766,21.974,17.028,12.205,7.7967,4.2273,2.7185,3.8818,5.3316,6.2355,6.5116,6.234,5.5326,4.5605,3.4735,2.4137,1.4974,0.81903,0.52851,0.73405,1.1877,1.7922,2.5065,3.2629,3.9793,4.5781,4.9988,5.2083,5.2061,5.028,4.7454,4.4572,4.2646,4.2285,4.3334,4.501,4.6372,4.6689,4.5575,4.2971,3.9084,3.4298,2.9107,2.4078,1.9921,1.7623,1.8194,2.1674,2.7106,3.3425,3.972,4.5158,4.8956,5.0428,4.9045,4.4506,3.6799,2.6245,1.3711,0.59484,1.8259,3.2567,4.5447,5.5691,6.2425,6.5079,6.3431,5.7631,4.8193,3.5957,2.2016,0.76373,0.60953,1.7664,2.6327,3.1466,3.301,3.1646,2.9217,2.8939,3.3511,4.2139,5.2053,6.0804,6.6619,6.8293,6.5148,5.7022,4.4266,2.7704,0.86418,1.1938,3.156,4.8989,6.2636,7.1238,7.3944,7.0392,6.0758,4.5751,2.6593,0.55541,1.844,3.9835,5.8339,7.2215,8.0169,8.1402,7.5684,6.3378,4.5461,2.371,0.87987,2.979,5.3603,7.453,9.0775,10.123,10.544,10.373,9.7344,8.8549,8.0709,3.8753
17.394,34.356,33.076,30.99,28.168,24.71,20.75,16.448,12,7.6559,3.8977,2.824,5.1122,7.5048,9.2537,10.212,10.361,9.7559,8.5077,6.7724,4.74,2.6326,0.8849,1.5425,2.8223,3.6507,3.9275,3.6677,3.0014,2.3183,2.4904,3.7532,5.4342,7.1152,8.5744,9.6698,10.312,10.457,10.104,9.2918,8.0883,6.5846,4.884,3.0961,1.3593,0.77381,2.1938,3.599,4.8392,5.9045,6.8075,7.5703,8.2161,8.7644,9.225,9.5957,9.86,9.9891,9.9451,9.6873,9.1808,8.4043,7.3609,6.0879,4.6772,3.3323,2.5313,2.8375,3.8319,4.8572,5.6071,5.9389,5.7875,5.1468,4.0704,2.7018,1.526,2.0246,3.594,5.168,6.4491,7.2877,7.5978,7.3501,6.5756,5.3706,3.9203,2.6129,2.3082,3.2211,4.3736,5.2461,5.6435,5.4969,4.8273,3.7599,2.6339,2.3357,3.3805,4.8741,6.2247,7.1668,7.5539,7.3154,6.4498,5.0212,3.1567,1.094,1.4256,3.4908,5.2915,6.6119,7.3181,7.3369,6.6596,5.3431,3.5047,1.3116,1.0359,3.3181,5.3237,6.8644,7.7941,8.0231,7.5269,6.3485,4.5959,2.4394,0.22843
19.097,37.607,35.883,33.128,29.508,25.241,20.58,15.799,11.186,7.06,3.944,3.0705,4.216,5.4055,6.0495,6.1104,5.7066,5.0407,4.3825,4.0188,4.0859,4.4416,4.8271,5.0514,5.024,4.7336,4.2275,3.5993,2.9813,2.5277,2.3462,2.3949,2.5194,2.5921,2.5653,2.4643,2.37,2.3873,2.5786,2.9192,3.3323,3.7446,4.1087,4.4011,4.6131,4.7399,4.7722,4.693,4.4803,4.1168,3.6059,2.9978,2.4455,2.2675,2.7097,3.5773,4.5647,5.4713,6.1673,6.5642,6.6083,6.2795,5.5926,4.5953,3.3644,1.9991,0.61354,0.68281,1.7711,2.5671,3.0079,3.0679,2.7667,2.1899,1.572,1.503,2.2384,3.2329,4.1494,4.8284,5.1825,5.178,4.8399,4.268,3.6682,3.3685,3.6299,4.3337,5.1504,5.8184,6.1802,6.1606,5.759,5.0592,4.2628,3.7367,3.8771,4.6472,5.6408,6.5079,7.0335,7.1002,6.6686,5.7769,4.564,3.3634,2.9117,3.7149,5.088,6.3871,7.2992,7.6554,7.3697,6.4267,4.8811,2.8832,1.1639,2.7356,5.2426,7.6051,9.5673,10.957,11.661,11.63,10.891,9.5641,7.8937,6.3398,2.8272
18.867,37.321,36.098,34.117,31.458,28.23,24.562,20.6,16.497,12.407,8.4781,4.8556,1.7352,1.4467,3.4986,5.0777,6.081,6.5208,6.4432,5.9185,5.0359,3.901,2.6447,1.5008,1.2266,2.0665,3.0582,3.902,4.5208,4.8909,5.0161,4.921,4.6464,4.2462,3.7843,3.3302,2.9513,2.6972,2.5785,2.562,2.5924,2.621,2.6182,2.5717,2.4803,2.3465,2.1711,1.9512,1.6814,1.3604,1.0073,0.72412,0.79368,1.2548,1.8772,2.5488,3.212,3.8224,4.3419,4.7385,4.9883,5.0778,5.0053,4.7831,4.4377,4.0113,3.5609,3.1548,2.8587,2.7062,2.6716,2.6797,2.6454,2.501,2.2046,1.7382,1.1045,0.33123,0.59854,1.5717,2.5761,3.5557,4.4583,5.2355,5.8459,6.2573,6.449,6.4125,6.1521,5.6845,5.0374,4.2479,3.3614,2.4319,1.535,0.86499,0.95035,1.5544,2.1863,2.7382,3.1881,3.5358,3.7892,3.9581,4.0505,4.0702,4.0174,3.8913,3.6954,3.4456,3.1794,2.9657,2.9004,3.0638,3.461,4.0218,4.6505,5.2598,5.7776,6.1468,6.3242,6.2808,6.0023,5.49,4.7614,3.8526,2.8272,1.8236,0.64628
18.8,36.726,34.16,30.068,24.727,18.525,11.964,5.829,3.5319,7.2904,10.911,13.243,14.166,13.819,12.516,10.691,8.8479,7.4708,6.8346,6.8211,7.0911,7.4051,7.7033,8.0411,8.5245,9.2595,10.29,11.542,12.812,13.816,14.264,13.926,12.685,10.574,7.7741,4.5952,1.427,1.3533,3.3659,4.4082,4.4156,3.5132,2.0587,1.2578,2.4595,3.6827,4.1998,3.8181,2.569,0.7188,1.6463,3.736,5.2911,5.942,5.477,3.9106,1.9207,3.3115,6.8656,10.463,13.484,15.516,16.305,15.762,13.975,11.196,7.8749,4.9284,4.5431,6.8651,9.4801,11.419,12.333,12.079,10.653,8.1797,4.9063,1.1915,2.5801,5.9097,8.4107,9.7627,9.7907,8.4946,6.0539,2.8056,0.81292,4.2981,7.2116,9.2057,10.106,9.9576,9.0699,8.0585,7.7371,8.4986,9.885,11.21,12.041,12.221,11.796,10.935,9.8616,8.7758,7.798,6.9583,6.2423,5.6562,5.2542,5.1037,5.2187,5.5372,5.9595,6.3837,6.7093,6.8337,6.6638,6.1457,5.3056,4.3022,3.4992,3.3875,3.9758,4.7391,5.2743,5.4326,5.2633,4.972,2.4148
13.102,25.878,24.921,23.395,21.398,19.053,16.5,13.878,11.315,8.9103,6.7257,4.7782,3.0434,1.4715,0.10831,1.3926,2.7042,3.907,4.9444,5.7532,6.2797,6.4942,6.4047,6.0719,5.6249,5.2693,5.2396,5.6549,6.4192,7.3161,8.1369,8.7241,8.9721,8.8214,8.2531,7.2852,5.9702,4.3962,2.7168,1.4441,2.0642,3.6251,5.1575,6.4546,7.4275,8.0267,8.2315,8.0461,7.4988,6.6397,5.5387,4.284,2.9856,1.8071,1.141,1.4335,2.0163,2.4234,2.5463,2.3842,2.0248,1.724,1.9282,2.7198,3.777,4.8535,5.7956,6.4952,6.8777,6.9023,6.5669,5.9144,5.0477,4.16,3.5788,3.6484,4.3272,5.2499,6.1135,6.7436,7.0507,7.0051,6.628,5.9892,5.2097,4.466,3.9722,3.8762,4.116,4.4712,4.7358,4.7846,4.5669,4.0915,3.42,2.6754,2.0745,1.9106,2.2152,2.6708,3.0227,3.1556,3.0417,2.7255,2.3443,2.1581,2.4123,3.0309,3.7573,4.3923,4.8136,4.9564,4.8112,4.4362,3.9842,3.7275,3.9559,4.6999,5.7238,6.7661,7.6325,8.1902,8.3573,8.0995,7.4322,6.4284,5.2406,4.1619,1.8444
10.037,19.981,19.702,19.232,18.567,17.705,16.646,15.401,13.986,12.43,10.773,9.063,7.3594,5.7306,4.2578,3.0457,2.2385,1.9509,2.0476,2.2433,2.3888,2.4853,2.6274,2.9406,3.4925,4.2537,5.139,6.054,6.9135,7.6467,8.1992,8.5351,8.6386,8.5167,8.2007,7.748,7.2413,6.782,6.471,6.3727,6.4809,6.7191,6.9768,7.1468,7.1471,6.9276,6.4726,5.8051,4.9972,4.1972,3.6675,3.7122,4.3659,5.3603,6.4239,7.3778,8.1074,8.538,8.6254,8.3531,7.7322,6.8045,5.6524,4.4281,3.4378,3.202,3.9181,5.1184,6.3775,7.4741,8.2848,8.7349,8.7832,8.4179,7.6577,6.5577,5.2296,3.9155,3.1865,3.7342,5.2263,7.0137,8.7728,10.339,11.608,12.511,13.003,13.066,12.702,11.939,10.824,9.4284,7.8489,6.2195,4.7494,3.7902,3.7249,4.4321,5.4195,6.354,7.0769,7.5151,7.6409,7.4566,6.9883,6.2836,5.4137,4.4819,3.6448,3.1331,3.1523,3.6407,4.3431,5.0549,5.661,6.1025,6.3524,6.4055,6.2727,5.9769,5.5504,5.0321,4.4646,3.8918,3.3557,2.8946,2.5406,2.3181,1.1211
7.9147,15.581,14.81,13.458,11.466,8.8156,5.5649,1.8645,2.127,6.027,9.5897,12.515,14.561,15.571,15.493,14.394,12.447,9.9193,7.1358,4.4419,2.157,0.53684,0.52767,1.1872,2.3383,4.2339,6.6441,9.2226,11.605,13.447,14.469,14.478,13.401,11.287,8.3114,4.7829,1.6145,3.5509,6.8119,9.4607,11.189,11.864,11.484,10.173,8.1765,5.9,4.0846,3.9095,5.1726,6.5621,7.4651,7.6943,7.2462,6.2287,4.83,3.3123,2.0905,1.8472,2.4439,3.0572,3.4029,3.48,3.4005,3.3149,3.3246,3.4105,3.4598,3.3554,3.042,2.5678,2.1515,2.2071,2.8852,3.8758,4.8956,5.7853,6.4583,6.8767,7.0389,6.9704,6.7131,6.3141,5.8149,5.2445,4.6151,3.9239,3.158,2.3025,1.3526,0.39282,0.94438,2.1068,3.269,4.3352,5.2116,5.8048,6.0313,5.8291,5.1684,4.061,2.582,1.0973,1.8888,3.9556,6.0926,8.0916,9.8316,11.231,12.242,12.852,13.068,12.911,12.405,11.57,10.417,8.9586,7.2124,5.2158,3.0375,0.92194,1.8726,4.1049,6.226,8.1133,9.6993,10.945,11.835,12.366,6.2709
0.38113,1.8829,3.4993,5.1097,6.6497,8.0842,9.3846,10.525,11.481,12.232,12.759,13.049,13.092,12.882,12.424,11.725,10.805,9.6887,8.4139,7.0288,5.5988,4.2218,3.0728,2.4798,2.694,3.4001,4.1875,4.8562,5.3187,5.5349,5.4911,5.1923,4.6595,3.9289,3.0544,2.1236,1.3463,1.2834,1.9872,2.8692,3.705,4.424,5.0012,5.4373,5.7541,5.9908,6.1978,6.4264,6.7138,7.0716,7.4819,7.9028,8.2798,8.5567,8.683,8.6199,8.3421,7.8394,7.117,6.1949,5.1072,3.9029,2.6526,1.5036,1.0508,1.7845,2.763,3.6441,4.3435,4.8257,5.0762,5.096,4.8999,4.5151,3.9805,3.3462,2.6769,2.0607,1.6272,1.5139,1.6963,1.9961,2.2776,2.4812,2.592,2.6213,2.5981,2.5617,2.5512,2.5907,2.6785,2.7889,2.8831,2.9228,2.8776,2.7293,2.4742,2.1268,1.7293,1.3799,1.2655,1.5153,2.0046,2.5681,3.1099,3.5736,3.9222,4.1311,4.1862,4.083,3.8261,3.4291,2.9131,2.3064,1.6439,0.97239,0.42111,0.57556,1.0838,1.5391,1.8832,2.0956,2.1689,2.1054,1.9177,1.6297,1.2824,0.95369,0.40047
9.7243,19.29,18.821,18.064,17.055,15.839,14.468,13.001,11.497,10.015,8.6151,7.3602,6.3153,5.5443,5.0914,4.9529,5.0685,5.3511,5.7249,6.1421,6.5781,7.021,7.4591,7.8721,8.2269,8.4784,8.5743,8.4622,8.0969,7.4482,6.5059,5.2849,3.8295,2.2316,0.88931,1.7112,3.2881,4.7408,5.9147,6.7207,7.1064,7.0625,6.6383,5.9719,5.3408,5.1755,5.8066,7.121,8.7572,10.399,11.823,12.873,13.444,13.479,12.965,11.928,10.435,8.5849,6.5042,4.3483,2.3462,1.2934,2.2293,3.4342,4.2957,4.7055,4.6459,4.1479,3.2936,2.2701,1.6778,2.431,3.9324,5.5967,7.2306,8.7403,10.066,11.165,12.005,12.558,12.799,12.704,12.255,11.44,10.259,8.7338,6.9092,4.8685,2.7949,1.5744,2.8764,4.8642,6.7231,8.2594,9.3696,9.9918,10.1,9.7033,8.8464,7.6051,6.081,4.3946,2.6772,1.0729,0.50046,1.5441,2.2841,2.6408,2.6457,2.4296,2.2928,2.6403,3.5424,4.7409,5.9949,7.1381,8.0539,8.6636,8.9243,8.8278,8.3989,7.6913,6.7819,5.7631,4.734,3.792,3.027,2.5205,1.1707
10.461,20.607,19.683,18.212,16.297,14.07,11.687,9.3327,7.2255,5.6462,4.8939,5.0031,5.6021,6.2901,6.8391,7.14,7.1386,6.8071,6.1369,5.1398,3.8557,2.3664,0.92686,1.3363,2.809,4.1245,5.0885,5.5927,5.5833,5.078,4.2097,3.3507,3.2649,4.3228,5.909,7.4549,8.6304,9.2263,9.1158,8.2504,6.6601,4.4566,1.8776,1.491,4.262,6.9168,9.1096,10.643,11.394,11.329,10.514,9.1366,7.5484,6.3307,6.1517,7.0518,8.3707,9.5099,10.146,10.152,9.5504,8.4884,7.2394,6.1936,5.736,5.921,6.3842,6.7093,6.6627,6.2188,5.5646,5.1191,5.3611,6.3283,7.5919,8.7006,9.3424,9.333,8.5965,7.1548,5.1191,2.6919,0.7662,2.8442,5.1481,6.9797,8.1516,8.5633,8.1944,7.1032,5.419,3.3292,1.1031,1.3767,3.3725,5.0132,6.1556,6.7574,6.8543,6.5536,6.0174,5.4275,4.9218,4.5228,4.1248,3.5702,2.7394,1.6001,0.40501,1.5611,3.1848,4.687,5.8923,6.6662,6.9267,6.6604,5.9394,4.9486,4.0415,3.7355,4.2447,5.1465,5.961,6.4199,6.4171,5.9717,5.2275,4.4784,2.0734
17.592,34.534,32.633,29.633,25.771,21.356,16.754,12.371,8.671,6.183,5.2238,5.2166,5.2226,4.8355,4.1707,3.7736,4.2706,5.4998,6.8412,7.8405,8.2331,7.8908,6.8036,5.0781,2.9841,1.6056,3.0815,5.1767,6.8657,7.8563,8.0071,7.2907,5.8091,3.8847,2.6533,4.0032,6.5004,8.9071,10.793,11.939,12.243,11.717,10.478,8.7525,6.8843,5.3599,4.7056,4.9344,5.421,5.6223,5.3046,4.4489,3.1957,1.9355,1.7834,2.8981,4.0666,4.8456,5.0882,4.772,3.9757,2.8912,1.9204,1.8144,2.4983,3.1352,3.3497,3.0389,2.3071,1.7722,2.6142,4.3343,6.1578,7.7113,8.745,9.0863,8.6438,7.4165,5.4996,3.115,1.2806,3.1722,5.7466,7.948,9.5074,10.272,10.182,9.2718,7.6806,5.6833,3.8724,3.5595,5.0804,7.079,8.8535,10.158,10.914,11.137,10.906,10.331,9.5302,8.5947,7.5745,6.4807,5.3161,4.1362,3.1673,2.9344,3.705,4.986,6.3118,7.4323,8.2043,8.5489,8.4415,7.9066,7.014,5.8714,4.6195,3.4333,2.5339,2.137,2.1882,2.353,2.3914,2.2305,1.9055,1.5434,0.6854
7.8231,15.588,15.415,15.124,14.717,14.193,13.558,12.818,11.989,11.089,10.145,9.1867,8.2487,7.3629,6.5542,5.834,5.1968,4.6228,4.0889,3.5872,3.1508,2.8767,2.9044,3.2982,3.9744,4.7867,5.6033,6.3179,6.8448,7.1159,7.0809,6.709,5.9909,4.9392,3.5884,1.993,0.22756,1.6343,3.489,5.2481,6.8232,8.137,9.1289,9.7598,10.016,9.9094,9.4819,8.801,7.9587,7.0656,6.2373,5.5699,5.101,4.7843,4.51,4.1582,3.6449,2.9454,2.1285,1.5125,1.8026,2.8434,4.0604,5.207,6.1519,6.8067,7.1168,7.0675,6.6972,6.1232,5.5816,5.4359,5.9942,7.2258,8.851,10.587,12.22,13.594,14.594,15.145,15.207,14.773,13.869,12.55,10.894,9.0016,6.983,4.9557,3.0402,1.3815,0.64795,1.4505,2.1152,2.4078,2.3205,1.8871,1.168,0.27632,0.86046,1.9481,2.9876,3.893,4.598,5.0572,5.25,5.1853,4.906,4.4951,4.082,3.8311,3.8738,4.2084,4.705,5.2054,5.5862,5.7689,5.7169,5.4347,4.9723,4.4373,4.0102,3.9142,4.2687,4.9742,5.8268,6.6489,7.3159,7.7468,3.9477
6.9425,13.782,13.48,12.996,12.36,11.612,10.804,9.994,9.2435,8.606,8.1146,7.769,7.5316,7.3367,7.1085,6.7773,6.2903,5.6158,4.7454,3.6944,2.5101,1.3369,1.0271,2.106,3.3933,4.6002,5.6316,6.4268,6.9444,7.1634,7.0852,6.7374,6.1787,5.506,4.863,4.4333,4.3703,4.6749,5.1894,5.7197,6.1148,6.276,6.1478,5.7105,4.9755,3.9844,2.817,1.6561,1.2258,2.126,3.3354,4.4544,5.3618,5.9957,6.325,6.3459,6.0804,5.5768,4.9096,4.1802,3.517,3.0586,2.8878,2.9508,3.0999,3.211,3.2383,3.2214,3.2773,3.5526,4.1225,4.9388,5.8838,6.8312,7.6705,8.3118,8.6878,8.7551,8.4948,7.9133,7.0411,5.9317,4.661,3.3339,2.1252,1.466,1.8256,2.5965,3.2851,3.7487,3.9461,3.8778,3.5715,3.0756,2.4551,1.7894,1.1807,0.78725,0.76393,0.9284,1.0584,1.133,1.2655,1.6062,2.1912,2.9486,3.7842,4.6107,5.351,5.9395,6.3249,6.4731,6.3699,6.0228,5.4628,4.7466,3.9636,3.2504,2.8,2.7781,3.1372,3.6705,4.2088,4.6642,5.0041,5.2295,5.3606,5.4242,2.7212
6.4849,12.882,12.621,12.195,11.619,10.918,10.128,9.3001,8.5067,7.8401,7.403,7.2767,7.4795,7.9516,8.5831,9.2556,9.8656,10.332,10.594,10.611,10.362,9.8424,9.0639,8.0575,6.8746,5.5963,4.36,3.425,3.1891,3.7727,4.8039,5.938,6.9968,7.8879,8.5587,8.9786,9.1325,9.0181,8.6441,8.0295,7.2026,6.2011,5.0711,3.8686,2.6642,1.5741,0.95143,1.2984,1.9493,2.4797,2.7978,2.8933,2.8107,2.6713,2.6923,3.0935,3.9008,4.9721,6.1452,7.2852,8.2814,9.043,9.4987,9.5994,9.3217,8.6718,7.692,6.4736,5.1903,4.1768,3.9471,4.6854,5.9549,7.3127,8.5083,9.4009,9.9096,9.995,9.6521,8.9077,7.817,6.4623,4.9541,3.4507,2.2512,1.9646,2.6339,3.4981,4.1916,4.603,4.7095,4.5388,4.164,3.7083,3.3492,3.2723,3.539,4.0287,4.5631,5.0037,5.2663,5.3109,5.1329,4.7582,4.2398,3.6543,3.0973,2.6664,2.4184,2.3176,2.2508,2.101,1.7932,1.3059,0.72164,0.72616,1.6,2.6751,3.7903,4.8681,5.8493,6.6897,7.3622,7.8592,8.1918,8.3878,8.4854,8.5239,4.2665
6.2709,12.527,12.484,12.408,12.299,12.151,11.961,11.723,11.434,11.089,10.686,10.223,9.7005,9.1196,8.4847,7.8021,7.0806,6.3316,5.5697,4.813,4.0846,3.4148,2.8438,2.4226,2.1983,2.1782,2.3092,2.5122,2.7221,2.8974,3.0149,3.0637,3.041,2.9504,2.8,2.6027,2.3748,2.1363,1.9094,1.7167,1.5759,1.4925,1.4549,1.4384,1.4144,1.3579,1.2506,1.0814,0.84541,0.5448,0.20676,0.30299,0.75754,1.26,1.7838,2.3112,2.8256,3.3108,3.7519,4.1351,4.4493,4.6856,4.8382,4.9047,4.8862,4.7873,4.6161,4.3843,4.1065,3.7997,3.483,3.1754,2.8949,2.6548,2.4615,2.3125,2.1979,2.1053,2.0262,1.9622,1.9294,1.9583,2.0838,2.3283,2.6911,3.1524,3.6839,4.256,4.8403,5.4105,5.942,6.413,6.8036,7.0973,7.2806,7.3436,7.2804,7.0888,6.7712,6.3337,5.7868,5.1451,4.4277,3.6595,2.8754,2.1341,1.5596,1.3905,1.7153,2.2838,2.9007,3.4844,3.9977,4.421,4.7434,4.9595,5.0679,5.0709,4.9733,4.7824,4.5075,4.1595,3.751,3.2965,2.8136,2.3264,1.8737,1.5246,0.69308
6.1621,12.309,12.263,12.184,12.07,11.918,11.724,11.485,11.196,10.856,10.461,10.01,9.5039,8.9439,8.3336,7.6782,6.9846,6.2617,5.5198,4.7705,4.0266,3.3018,2.6103,1.9668,1.3873,0.89192,0.5203,0.37145,0.45437,0.57076,0.63227,0.62684,0.5732,0.52835,0.59147,0.81083,1.1436,1.5409,1.9703,2.4073,2.8318,3.2256,3.5727,3.8595,4.0747,4.2101,4.2608,4.2255,4.1069,3.9119,3.6524,3.3457,3.0161,2.6967,2.4299,2.2632,2.2325,2.3402,2.5528,2.823,3.109,3.3806,3.6182,3.8107,3.9538,4.0481,4.0984,4.1122,4.0983,4.0653,4.0198,3.9653,3.9009,3.8215,3.7181,3.5799,3.3953,3.1544,2.8508,2.484,2.065,1.6293,1.2771,1.223,1.5901,2.2245,2.9795,3.7834,4.5953,5.3852,6.1281,6.8021,7.3879,7.8691,8.2325,8.4685,8.571,8.5381,8.3718,8.0782,7.6672,7.1524,6.551,5.8833,5.1732,4.4484,3.7421,3.0956,2.5623,2.2059,2.0726,2.1437,2.3386,2.5731,2.7898,2.9563,3.0562,3.0833,3.0372,2.9216,2.7428,2.5089,2.2282,1.9096,1.5615,1.1915,0.80733,0.41876,0.059178
7.0113,13.911,13.58,13.044,12.329,11.47,10.518,9.5428,8.6325,7.8929,7.4285,7.3031,7.5004,7.9265,8.4538,8.9621,9.3557,9.5662,9.5495,9.2826,8.761,7.9969,7.0171,5.8612,4.5808,3.2425,1.9544,1.0849,1.509,2.5197,3.5136,4.3772,5.0805,5.619,6.0025,6.2484,6.3782,6.4122,6.3665,6.2509,6.0693,5.8217,5.5078,5.1301,4.6969,4.2229,3.7282,3.2354,2.7651,2.3325,1.9497,1.6404,1.4723,1.5612,1.9621,2.611,3.417,4.3023,5.1966,6.0308,6.7377,7.2546,7.5278,7.5166,7.1981,6.5705,5.6587,4.5238,3.2978,2.3225,2.3347,3.3775,4.7356,6.05,7.1657,7.9952,8.4871,8.6184,8.394,7.8451,7.0296,6.0321,4.9677,3.9911,3.3002,3.0605,3.2213,3.5387,3.7958,3.8761,3.7389,3.3972,2.9106,2.3961,2.0478,2.0681,2.4326,2.9246,3.3657,3.6552,3.7435,3.6154,3.2831,2.7817,2.1653,1.5069,0.90991,0.57612,0.66882,0.84569,0.88963,0.80932,0.84047,1.3078,2.1413,3.1772,4.3048,5.4309,6.4692,7.3415,7.9825,8.3452,8.4068,8.1734,7.6862,7.0282,6.3328,5.7834,2.7855
10.609,21.066,20.618,19.888,18.899,17.684,16.287,14.758,13.154,11.542,9.9924,8.5766,7.3622,6.3979,5.6938,5.2085,4.8591,4.5555,4.2363,3.8909,3.572,3.3948,3.4906,3.9043,4.5552,5.3081,6.0382,6.6463,7.0579,7.2199,7.1004,6.688,5.9916,5.0396,3.8781,2.5702,1.2059,0.47359,1.6446,2.8094,3.7737,4.4751,4.8746,4.9538,4.7163,4.1888,3.4261,2.529,1.7284,1.5872,2.3019,3.2968,4.2584,5.062,5.6426,5.9652,6.0175,5.8067,5.357,4.7071,3.9063,3.0118,2.0885,1.2262,0.68724,0.96982,1.5525,2.0853,2.5078,2.8075,2.9829,3.0344,2.9605,2.758,2.4259,1.9756,1.4626,1.1076,1.3659,2.1623,3.1644,4.2199,5.2399,6.152,6.8922,7.4059,7.6511,7.6014,7.2484,6.6031,5.6961,4.5767,3.3136,2.0087,0.95271,1.2561,2.2983,3.2809,4.0781,4.6594,5.0316,5.2301,5.3121,5.3457,5.3898,5.4727,5.5797,5.6597,5.6452,5.4745,5.1097,4.5524,3.8681,3.238,3.0137,3.491,4.5182,5.7686,7.0117,8.1003,8.9355,9.4542,9.6275,9.4632,9.0106,8.3657,7.6762,7.134,3.4629
11.18,22.205,21.747,21,19.99,18.75,17.326,15.769,14.142,12.514,10.958,9.5505,8.3575,7.4233,6.7493,6.2852,5.9434,5.6307,5.2779,4.8566,4.3862,3.9398,3.6405,3.6171,3.9071,4.4182,5.0043,5.5359,5.9172,6.0835,5.9962,5.6413,5.0281,4.1899,3.1893,2.147,1.3959,1.6152,2.4988,3.4379,4.2259,4.7751,5.0397,5.0014,4.6692,4.0825,3.3258,2.5736,2.1864,2.5291,3.3987,4.4173,5.375,6.1605,6.7079,6.98,6.9624,6.6613,6.1002,5.3172,4.3615,3.2899,2.1647,1.0673,0.45887,1.2291,2.092,2.8341,3.4239,3.8486,4.1012,4.1769,4.0715,3.7808,3.3019,2.6355,1.7888,0.77884,0.38018,1.6252,2.926,4.2217,5.4493,6.5447,7.4467,8.102,8.469,8.5216,8.2517,7.6706,6.8089,5.715,4.4531,3.1022,1.7674,0.75859,1.1959,2.1382,2.9436,3.5377,3.918,4.1166,4.1911,4.2133,4.2487,4.3307,4.4448,4.5362,4.5344,4.3774,4.0312,3.51,2.9147,2.518,2.733,3.6163,4.849,6.1662,7.4006,8.4346,9.182,9.5846,9.6148,9.2798,8.6273,7.7551,6.8255,6.0774,2.8916
9.0796,18.068,17.796,17.351,16.745,15.995,15.126,14.167,13.155,12.129,11.133,10.207,9.3827,8.6761,8.0819,7.5726,7.1062,6.6375,6.1313,5.5739,4.9827,4.4166,3.9818,3.8102,3.9782,4.4326,5.0338,5.6413,6.147,6.4757,6.58,6.438,6.0536,5.4595,4.7259,3.9801,3.4359,3.3543,3.8116,4.6082,5.5054,6.3443,7.0317,7.5162,7.7762,7.8151,7.657,7.3436,6.9293,6.4744,6.0348,5.6503,5.3332,5.0656,4.8075,4.5116,4.138,3.6621,3.077,2.3927,1.633,0.83682,0.22538,0.84455,1.5694,2.2174,2.7601,3.1819,3.4741,3.6334,3.6592,3.5525,3.3146,2.9482,2.4607,1.8735,1.259,0.92017,1.3434,2.1896,3.14,4.084,4.9558,5.7032,6.2837,6.6672,6.8384,6.8001,6.5748,6.2056,5.7542,5.2937,4.8938,4.5963,4.3932,4.2254,4.0089,3.6677,3.1597,2.5047,1.8655,1.7432,2.4982,3.7116,5.0371,6.2978,7.371,8.1592,8.586,8.5991,8.1742,7.3183,6.0756,4.5418,2.9376,2.0283,2.9589,4.7159,6.5019,8.0661,9.2825,10.077,10.417,10.313,9.8264,9.0729,8.2353,7.5589,3.6476
9.8627,19.57,19.111,18.366,17.369,16.166,14.814,13.387,11.972,10.665,9.5668,8.7589,8.2739,8.071,8.0472,8.0769,8.0511,7.8966,7.5814,7.1148,6.5486,5.9786,5.54,5.3722,5.5435,5.9981,6.5951,7.1846,7.6464,7.8977,7.8908,7.6116,7.0799,6.3542,5.5422,4.8176,4.4154,4.5184,5.0806,5.879,6.6949,7.3781,7.837,8.0238,7.9258,7.5622,6.9826,6.2675,5.5304,4.9133,4.5562,4.5229,4.7452,5.0715,5.3552,5.494,5.4303,5.1427,4.6376,3.9437,3.1099,2.2117,1.4008,1.1094,1.6186,2.3878,3.1349,3.7783,4.2862,4.6446,4.8467,4.8891,4.7688,4.4825,4.027,3.4016,2.6112,1.6695,0.61961,0.66249,1.8782,3.1305,4.3437,5.4591,6.4222,7.1859,7.7143,7.9858,7.9954,7.7561,7.2981,6.6665,5.9181,5.1148,4.3151,3.5632,2.8766,2.2393,1.6084,0.93917,0.33757,0.88143,1.8603,2.9288,4.0119,5.0362,5.9262,6.6104,7.0283,7.1371,6.9187,6.3867,5.5985,4.6793,3.8763,3.5901,4.0804,5.1118,6.3065,7.4131,8.2816,8.8233,8.9947,8.7947,8.267,7.5069,6.6733,5.9958,2.8644
6.5069,12.998,12.949,12.867,12.751,12.599,12.411,12.184,11.918,11.61,11.262,10.872,10.44,9.9683,9.4583,8.9125,8.3342,7.7274,7.0967,6.4471,5.7845,5.1146,4.4437,3.7781,3.1243,2.4889,1.8792,1.3049,0.78769,0.42709,0.52817,0.8942,1.2801,1.6432,1.9752,2.275,2.5441,2.7852,3.0016,3.1968,3.3745,3.5376,3.6888,3.8298,3.9614,4.0837,4.1959,4.2967,4.3843,4.4571,4.513,4.5509,4.5697,4.5692,4.55,4.5136,4.4622,4.399,4.3278,4.253,4.179,4.1102,4.0505,4.0026,3.968,3.9468,3.9373,3.9366,3.9409,3.9456,3.9464,3.9392,3.9207,3.8888,3.8426,3.7826,3.7108,3.6307,3.5473,3.4665,3.3948,3.3386,3.3035,3.2931,3.3083,3.347,3.4045,3.4737,3.5464,3.6137,3.667,3.6983,3.7009,3.6688,3.5978,3.4847,3.3277,3.1265,2.8818,2.5958,2.2716,1.9134,1.5265,1.1167,0.69085,0.25659,0.18382,0.61312,1.0299,1.4255,1.7925,2.1243,2.4145,2.6578,2.8495,2.9862,3.0653,3.0854,3.0462,2.9489,2.7956,2.5898,2.3364,2.0416,1.7138,1.3646,1.0137,0.70656,0.28211
7.2049,14.35,14.165,13.845,13.371,12.726,11.898,10.883,9.694,8.3622,6.9505,5.5728,4.438,3.8806,4.1323,4.973,6.0155,7.005,7.802,8.3291,8.5461,8.4405,8.0233,7.3254,6.396,5.2985,4.1083,2.9121,1.8188,1.0376,0.99061,1.415,1.8005,2.0503,2.2218,2.4517,2.8866,3.584,4.4946,5.5227,6.5685,7.5426,8.3686,8.9863,9.352,9.441,9.2471,8.7823,8.0751,7.1683,6.1152,4.9769,3.82,2.7193,1.7786,1.2076,1.262,1.6797,2.1204,2.4811,2.748,2.9357,3.069,3.1764,3.2861,3.4257,3.6207,3.8921,4.2529,4.7038,5.2319,5.8124,6.4126,6.9967,7.53,7.9833,8.3363,8.58,8.7184,8.7681,8.756,8.7151,8.6772,8.666,8.6902,8.7417,8.7979,8.8278,8.7993,8.6848,8.4642,8.1266,7.6687,7.0938,6.4095,5.6269,4.7619,3.8401,2.9137,2.1151,1.774,2.1763,3.0224,3.9767,4.8788,5.6362,6.1811,6.4613,6.4395,6.0978,5.4421,4.5124,3.4117,2.4208,2.2538,3.2359,4.6846,6.1672,7.4889,8.5291,9.202,9.4491,9.2391,8.5685,7.4613,5.9681,4.1626,2.1379,0.0035409
10.29,20.507,20.286,19.92,19.412,18.767,17.99,17.088,16.07,14.947,13.729,12.432,11.071,9.6623,8.2263,6.7857,5.3687,4.0154,2.8007,1.9132,1.7485,2.3154,3.1283,3.936,4.6522,5.2406,5.683,5.9701,6.0985,6.0695,5.8884,5.5647,5.111,4.5434,3.8813,3.147,2.3681,1.5845,0.89771,0.73079,1.2601,1.9319,2.5766,3.1506,3.634,4.0161,4.2917,4.4607,4.528,4.5037,4.4026,4.2448,4.0553,3.8634,3.7001,3.5939,3.5644,3.6167,3.7401,3.913,4.1097,4.3064,4.484,4.6291,4.7342,4.7968,4.8192,4.8071,4.7691,4.7157,4.6582,4.6075,4.5734,4.564,4.5851,4.6409,4.7341,4.8668,5.0403,5.2554,5.5113,5.8055,6.1327,6.4844,6.8491,7.2125,7.5584,7.8692,8.1271,8.315,8.4171,8.4198,8.3125,8.088,7.7428,7.2776,6.6973,6.011,5.2315,4.3755,3.4628,2.5157,1.5586,0.61933,0.30676,1.1353,1.886,2.5295,3.0477,3.4269,3.6577,3.736,3.6635,3.4479,3.1053,2.6626,2.1678,1.7151,1.4897,1.6764,2.1967,2.8615,3.555,4.2144,4.7997,5.2826,5.642,5.8635,2.9692
0.70724,1.4465,1.5306,1.638,1.7361,1.7957,1.7936,1.7122,1.5394,1.2688,0.90252,0.4757,0.38812,0.9633,1.7016,2.5187,3.3869,4.2831,5.1835,6.0639,6.8996,7.6662,8.3405,8.901,9.329,9.6088,9.7287,9.681,9.4631,9.0768,8.5289,7.8312,6.9996,6.0542,5.0187,3.9204,2.7909,1.675,0.7251,0.90065,1.8202,2.744,3.5886,4.3328,4.97,5.5023,5.9396,6.2989,6.6029,6.8781,7.152,7.4487,7.7855,8.1701,8.5998,9.0627,9.5404,10.011,10.452,10.843,11.166,11.406,11.555,11.607,11.563,11.424,11.2,10.899,10.533,10.117,9.6641,9.1893,8.7058,8.2261,7.7607,7.3179,6.9041,6.523,6.176,5.8626,5.5801,5.3247,5.0915,4.8755,4.6722,4.4788,4.2945,4.1222,3.968,3.8416,3.7549,3.7193,3.7422,3.8235,3.9542,4.1176,4.2916,4.452,4.5751,4.6392,4.626,4.5218,4.3178,4.0119,3.61,3.1299,2.6103,2.1313,1.8489,1.9471,2.4224,3.1097,3.8744,4.6365,5.3445,5.9604,6.4542,6.8025,6.9876,6.998,6.8281,6.4789,5.9578,5.279,4.4641,3.5445,2.5701,1.6532,0.58968
6.7977,13.555,13.436,13.236,12.957,12.601,12.168,11.66,11.083,10.439,9.7363,8.9819,8.1858,7.3598,6.5181,5.6776,4.8582,4.0849,3.3888,2.8102,2.3955,2.1791,2.1503,2.245,2.3841,2.5062,2.5731,2.5636,2.4681,2.2854,2.0211,1.6884,1.3123,0.94903,0.74679,0.89993,1.3042,1.7868,2.2731,2.7273,3.1261,3.4523,3.6924,3.8364,3.8777,3.8129,3.6419,3.3677,2.9964,2.5365,1.9989,1.3966,0.74631,0.14951,0.69916,1.4237,2.1538,2.8756,3.5803,4.2622,4.9175,5.5445,6.1425,6.7115,7.2515,7.761,8.2373,8.6753,9.0678,9.4055,9.6774,9.8716,9.9758,9.9786,9.87,9.6422,9.2905,8.8137,8.2145,7.4995,6.6795,5.7694,4.7874,3.755,2.6962,1.6368,0.60361,0.37827,1.2794,2.0778,2.7513,3.2814,3.6537,3.8585,3.8912,3.7528,3.4501,2.9964,2.4139,1.7411,1.0785,0.83709,1.4004,2.2475,3.1379,3.9997,4.7924,5.4857,6.0553,6.4821,6.7527,6.8592,6.7999,6.5793,6.2085,5.7049,5.0934,4.4071,3.6914,3.0108,2.463,2.1766,2.2281,2.5367,2.9484,3.3481,3.6691,3.8742,1.9723
5.6113,11.196,11.117,10.984,10.798,10.558,10.264,9.9156,9.5142,9.0606,8.5567,8.0056,7.4114,6.7798,6.1185,5.4377,4.7511,4.0782,3.4477,2.9035,2.5099,2.3388,2.4196,2.7034,3.1037,3.5481,3.9883,4.3935,4.7431,5.023,5.2231,5.3363,5.358,5.2861,5.1204,4.8627,4.5176,4.0921,3.597,3.0495,2.4792,1.9458,1.5792,1.5802,1.9899,2.6403,3.397,4.1943,4.9973,5.7843,6.5392,7.2492,7.9037,8.4939,9.0128,9.4546,9.8153,10.092,10.284,10.391,10.416,10.36,10.229,10.027,9.7617,9.4395,9.0687,8.6577,8.2154,7.7509,7.2736,6.7922,6.3156,5.8517,5.4078,4.9901,4.6034,4.2509,3.9339,3.6518,3.4021,3.1807,2.9822,2.8009,2.631,2.4671,2.3053,2.1424,1.977,1.8093,1.641,1.4759,1.3207,1.1851,1.0828,1.0294,1.037,1.1071,1.2302,1.3921,1.5797,1.7827,1.9934,2.206,2.4157,2.6186,2.8111,2.9897,3.1515,3.2933,3.4125,3.5064,3.5727,3.6095,3.6154,3.5892,3.5306,3.4399,3.3181,3.1672,2.99,2.7908,2.5755,2.3517,2.1302,1.9249,1.7542,1.639,0.79903
6.4711,12.909,12.807,12.639,12.405,12.106,11.742,11.317,10.833,10.293,9.7016,9.0647,8.3891,7.6834,6.9583,6.2276,5.5089,4.8255,4.2088,3.6996,3.3458,3.1867,3.2288,3.4352,3.7457,4.1021,4.4593,4.7851,5.0571,5.2593,5.3806,5.4137,5.3541,5.2001,4.9526,4.6151,4.1945,3.7017,3.155,2.5867,2.062,1.7166,1.7435,2.1748,2.8526,3.6463,4.4881,5.3414,6.1822,6.9931,7.7596,8.4699,9.1137,9.6825,10.169,10.569,10.877,11.091,11.211,11.238,11.173,11.02,10.784,10.471,10.088,9.6431,9.1449,8.6027,8.0266,7.4266,6.8131,6.1967,5.5878,4.997,4.4345,3.9108,3.4358,3.0192,2.6693,2.3914,2.1862,2.0479,1.9637,1.9168,1.8902,1.8691,1.8427,1.8039,1.7488,1.6765,1.5879,1.486,1.3755,1.2633,1.1588,1.074,1.0231,1.0189,1.0676,1.1661,1.3049,1.4728,1.6601,1.859,2.0636,2.2689,2.4712,2.6668,2.8528,3.0263,3.185,3.3266,3.4493,3.5515,3.6321,3.6907,3.7271,3.7421,3.737,3.7139,3.6754,3.6251,3.5671,3.506,3.4468,3.3943,3.353,3.3267,1.6588
2.0549,4.2399,4.6126,5.1846,5.9019,6.7094,7.5523,8.3781,9.1375,9.7877,10.295,10.639,10.814,10.83,10.712,10.5,10.24,9.9779,9.7462,9.5573,9.3969,9.2276,8.9981,8.6547,8.1513,7.4564,6.5572,5.4625,4.2087,2.8866,1.798,1.8694,3.0908,4.5957,6.1021,7.5116,8.7709,9.8473,10.722,11.39,11.855,12.131,12.238,12.199,12.04,11.785,11.455,11.067,10.633,10.158,9.644,9.0894,8.4918,7.8494,7.1635,6.4398,5.6906,4.9364,4.208,3.5491,3.0171,2.6745,2.5574,2.6402,2.8515,3.1251,3.4262,3.7501,4.1085,4.5151,4.9726,5.4656,5.9602,6.4093,6.7592,6.9565,6.9545,6.7181,6.2296,5.4957,4.5605,3.5436,2.7544,2.7775,3.7505,5.1707,6.6821,8.1027,9.3187,10.249,10.838,11.052,10.884,10.349,9.489,8.3711,7.0868,5.7559,4.535,3.6227,3.1969,3.2207,3.4177,3.5199,3.3763,2.9289,2.1945,1.337,1.2265,2.398,3.9445,5.5551,7.0981,8.4774,9.6173,10.463,10.981,11.168,11.042,10.65,10.064,9.3721,8.6746,8.0656,7.6121,7.3336,7.2004,7.1554,3.5735
9.527,18.955,18.659,18.17,17.494,16.641,15.622,14.452,13.149,11.732,10.225,8.6557,7.0589,5.4812,4.0014,2.7959,2.2772,2.7395,3.7248,4.8139,5.8438,6.7464,7.486,8.0412,8.3996,8.5553,8.5084,8.2649,7.8367,7.2422,6.5073,5.6683,4.7779,3.9209,3.2414,2.9529,3.195,3.8546,4.7181,5.6353,6.5196,7.3184,7.9975,8.5337,8.9117,9.1228,9.164,9.0375,8.75,8.313,7.7414,7.0536,6.2704,5.4147,4.5106,3.583,2.6563,1.7542,0.89896,0.11118,0.59346,1.1985,1.6939,2.0723,2.3308,2.4703,2.4967,2.4206,2.2594,2.0393,1.8008,1.6067,1.5392,1.6573,1.9458,2.3414,2.785,3.235,3.6636,4.0516,4.3855,4.6565,4.859,4.9911,5.0534,5.0491,4.9835,4.8637,4.6981,4.4959,4.2668,4.0203,3.7653,3.5094,3.259,3.0187,2.7912,2.5779,2.3788,2.1934,2.0215,1.8635,1.7214,1.5983,1.4986,1.4264,1.3842,1.3714,1.3834,1.4128,1.4507,1.4885,1.5188,1.536,1.5364,1.518,1.4804,1.4248,1.3532,1.269,1.1761,1.0789,0.98202,0.8902,0.80786,0.73902,0.68712,0.65484,0.32194
5.6831,11.521,11.944,12.528,13.133,13.625,13.886,13.83,13.402,12.582,11.387,9.8725,8.1281,6.2786,4.4875,2.9829,2.1075,2.0366,2.2437,2.2072,1.7385,0.84365,0.77819,2.4095,4.3111,6.2691,8.1157,9.6958,10.876,11.558,11.683,11.242,10.275,8.8657,7.1371,5.2398,3.3386,1.6003,0.2492,0.88558,1.3854,1.3589,0.83438,0.38093,1.5922,3.1078,4.6573,6.0587,7.1436,7.7683,7.8253,7.2543,6.0516,4.2857,2.2156,1.8272,4.3288,7.2493,10.093,12.643,14.739,16.262,17.141,17.352,16.923,15.926,14.474,12.71,10.802,8.9284,7.2774,6.0223,5.2696,4.9799,4.9756,5.0648,5.128,5.1147,5.009,4.7999,4.4672,3.9803,3.3076,2.4278,1.3435,0.27501,1.4418,2.9563,4.4912,5.9579,7.2761,8.3771,9.2103,9.7484,9.9907,9.9636,9.7188,9.3279,8.8714,8.4243,8.0369,7.7201,7.4434,7.1478,6.7676,6.2495,5.5664,4.7263,3.7888,2.9141,2.4682,2.8423,3.8397,5.0652,6.3023,7.4384,8.4047,9.1553,9.6609,9.9066,9.8904,9.6233,9.1295,8.4477,7.6341,6.769,5.9654,5.3741,2.5762
8.5021,16.954,16.804,16.552,16.197,15.737,15.171,14.498,13.722,12.846,11.876,10.823,9.6993,8.5212,7.3078,6.0816,4.8691,3.7037,2.6357,1.7683,1.3482,1.5668,2.1,2.6556,3.1316,3.4942,3.7332,3.8506,3.8572,3.7715,3.6195,3.4356,3.2611,3.1403,3.1109,3.1905,3.3698,3.6187,3.899,4.1751,4.4177,4.6048,4.7215,4.7585,4.7119,4.5818,4.3721,4.0897,3.7437,3.345,2.9062,2.4419,1.9712,1.525,1.1676,1.0262,1.1967,1.5891,2.0857,2.6294,3.1952,3.7691,4.3404,4.8986,5.4331,5.932,6.3835,6.7754,7.0962,7.3356,7.4851,7.5384,7.4921,7.3459,7.1027,6.769,6.3545,5.8725,5.3393,4.7739,4.1981,3.6358,3.1125,2.6536,2.2808,2.0051,1.8183,1.6912,1.5835,1.4572,1.2861,1.0596,0.79093,0.56199,0.61503,0.99909,1.5262,2.113,2.7231,3.3312,3.9157,4.457,4.9374,5.3414,5.6559,5.8707,5.9786,5.9758,5.8614,5.638,5.3113,4.8896,4.3842,3.8087,3.1795,2.5169,1.8491,1.2313,0.82823,0.94771,1.4274,1.9798,2.5119,2.9908,3.3993,3.7266,3.9654,4.1106,2.0796
7.4093,14.79,14.701,14.552,14.337,14.053,13.695,13.26,12.746,12.153,11.483,10.741,9.9366,9.0791,8.1821,7.2609,6.3323,5.414,4.524,3.6801,2.8985,2.1942,1.5799,1.0669,0.66888,0.41784,0.37101,0.48153,0.65517,0.87568,1.1518,1.4869,1.8749,2.3033,2.7565,3.2178,3.6706,4.0994,4.4903,4.831,5.1119,5.3254,5.4664,5.5319,5.5209,5.434,5.2731,5.041,4.741,4.3768,3.9524,3.4729,2.945,2.381,1.8084,1.3039,1.0854,1.3799,2.0105,2.7741,3.5902,4.4213,5.2421,6.0315,6.7695,7.4373,8.0168,8.4918,8.848,9.0737,9.1603,9.1027,8.8995,8.5537,8.0722,7.4663,6.7514,5.9473,5.0786,4.1762,3.282,2.4624,1.8441,1.6353,1.8987,2.405,2.9538,3.4527,3.8607,4.1588,4.3401,4.4062,4.3659,4.235,4.0365,3.801,3.5664,3.3757,3.2698,3.2753,3.3931,3.5989,3.8547,4.1214,4.3653,4.5606,4.6889,4.7382,4.7026,4.5811,4.377,4.0981,3.7561,3.3667,2.9507,2.5361,2.1611,1.8779,1.7437,1.7864,1.9755,2.2488,2.5509,2.8446,3.1065,3.3219,3.4813,3.579,1.806
5.9291,11.891,11.988,12.141,12.338,12.564,12.803,13.036,13.243,13.407,13.51,13.538,13.476,13.315,13.047,12.669,12.18,11.585,10.891,10.111,9.2585,8.3553,7.4253,6.4978,5.6081,4.7984,4.1189,3.622,3.344,3.2778,3.3662,3.5299,3.6993,3.8261,3.8812,3.8498,3.7272,3.5164,3.2257,2.8677,2.4587,2.0176,1.5669,1.1365,0.77779,0.59873,0.68387,0.90599,1.1407,1.3447,1.5076,1.6333,1.7337,1.8263,1.9297,2.0597,2.224,2.4206,2.639,2.8636,3.0764,3.26,3.3987,3.4794,3.4921,3.4305,3.2916,3.0762,2.7887,2.4375,2.0346,1.5975,1.1532,0.75967,0.57887,0.76014,1.1026,1.4523,1.7575,1.995,2.1517,2.2205,2.1994,2.0919,1.9094,1.6752,1.4351,1.2744,1.3067,1.574,2.0095,2.5328,3.0896,3.6446,4.1725,4.6536,5.0722,5.4161,5.6761,5.8462,5.9234,5.9074,5.8009,5.609,5.3389,4.9998,4.6024,4.1584,3.6801,3.1804,2.6719,2.1673,1.6796,1.2244,0.82639,0.54791,0.51417,0.69639,0.93593,1.1669,1.3714,1.5447,1.6872,1.8008,1.8884,1.9527,1.9966,2.022,1.0151
14.236,24.74,15.534,5.5745,3.8671,7.5738,9.2014,8.5579,5.6582,2.181,0.42503,1.9248,5.0552,6.482,4.063,1.5545,6.6378,8.0359,4.9627,0.58894,3.0697,3.0466,6.0191,10.302,11.691,11.155,12.128,12.921,10.588,6.7325,6.2037,8.4587,10.981,11.685,7.8272,1.0798,9.1378,12.778,9.8155,8.2734,13.793,14.665,8.6037,8.8778,17.117,19.446,14.614,6.6018,3.7534,6.7355,7.3269,4.7805,1.7314,8.8454,14.101,14.225,9.8096,7.4119,10.544,11.658,9.3003,5.8126,3.6085,2.8801,4.5088,7.8405,10.304,10.033,7.5156,7.7014,10.19,8.7206,1.8994,7.5905,14.418,15.202,10.331,3.9602,2.5307,5.4021,10.523,14.229,12.755,7.3065,8.0993,12.263,12.459,12.574,15.33,14.658,7.5666,6.158,15.181,17.931,14.212,12.969,17.945,19.085,13.321,6.8684,11.349,14.295,10.971,5.4779,8.6734,13.115,14.048,12.162,8.7455,4.6679,1.3856,2.6656,4.2778,6.0844,7.9205,8.2552,6.867,8.8927,16.378,23.307,24.874,19,7.9866,6.4132,11.814,9.2339,4.4523,12.482,8.3256
17.038,33.766,32.763,30.892,27.988,24.011,19.115,13.679,8.3187,4.2469,4.1542,6.1245,7.1992,6.937,5.671,4.5054,5.202,7.4334,9.7023,11.219,11.651,10.946,9.2635,6.916,4.2974,1.8273,0.66994,1.914,2.6947,2.9319,2.8057,2.4969,2.0619,1.4124,0.5011,1.136,2.8277,4.6504,6.3143,7.5469,8.1397,8.0007,7.1977,6.0019,4.9457,4.7068,5.38,6.3394,7.0675,7.3787,7.3179,7.0475,6.72,6.3599,5.85,5.0439,3.9242,2.8256,2.7485,3.9736,5.4557,6.5505,6.9711,6.6522,5.7759,4.8965,4.9469,6.2467,8.085,9.7984,11.04,11.672,11.7,11.219,10.37,9.3164,8.2322,7.3112,6.7334,6.5429,6.5441,6.3903,5.7722,4.5699,3.1339,3.195,5.5319,8.4762,11.129,12.969,13.646,12.986,11.014,7.9619,4.2734,1.3897,3.934,6.7541,8.5429,9.1106,8.5477,7.2071,5.7106,4.8427,4.8641,5.0518,4.6383,3.3075,1.1083,1.6954,4.6304,7.2317,9.0583,9.8071,9.384,7.9713,6.1513,5.1533,6.0387,7.86,9.3906,10.091,9.8751,8.9912,7.9701,7.4334,7.6027,8.0673,4.1462
8.6334,17.169,16.88,16.406,15.761,14.962,14.031,12.995,11.884,10.731,9.5747,8.4552,7.4179,6.511,5.7818,5.2673,4.978,4.887,4.9363,5.058,5.1927,5.2969,5.3434,5.3176,5.2143,5.036,4.7908,4.4914,4.1551,3.8041,3.4658,3.1728,2.9607,2.8597,2.8829,3.0182,3.2349,3.4954,3.7651,4.0158,4.2252,4.3765,4.4572,4.4585,4.375,4.2047,3.9488,3.6118,3.2011,2.7273,2.2036,1.6455,1.0709,0.50076,0.10489,0.5784,1.0281,1.4025,1.6852,1.8639,1.9311,1.8852,1.7341,1.5036,1.2596,1.1518,1.3603,1.8714,2.5588,3.3351,4.1475,4.9572,5.7313,6.4407,7.0592,7.5638,7.9352,8.1585,8.2232,8.1242,7.8616,7.441,6.8735,6.1758,5.37,4.4849,3.5583,2.6472,1.8615,1.4513,1.6619,2.2481,2.9068,3.5117,4.0099,4.3753,4.5948,4.6641,4.5871,4.3748,4.0466,3.6318,3.1735,2.7365,2.4145,2.3144,2.4843,2.8667,3.3596,3.8807,4.3761,4.8123,5.1694,5.4374,5.6136,5.7023,5.7131,5.6606,5.5626,5.4388,5.309,5.1902,5.095,5.0291,4.9921,4.9776,4.9768,4.9807,2.4914
5.5934,11.036,10.597,9.9114,9.0486,8.1076,7.2153,6.5124,6.1127,6.038,6.1925,6.4178,6.5641,6.5252,6.2411,5.6917,4.8899,3.8745,2.7062,1.4766,0.56891,1.3339,2.4341,3.4224,4.2385,4.8641,5.3036,5.5794,5.7287,5.7992,5.8435,5.9129,6.049,6.2761,6.5942,6.9783,7.3815,7.7423,7.9916,8.061,7.8907,7.4369,6.6793,5.6301,4.3479,2.9867,2.0205,2.3802,3.6563,5.0207,6.1573,6.9115,7.1902,6.9471,6.185,4.9657,3.4531,2.1714,2.5477,4.2835,6.2052,7.9132,9.2145,9.987,10.161,9.72,8.6978,7.1795,5.2985,3.251,1.5029,1.8542,3.4024,4.7233,5.5658,5.8486,5.566,4.7843,3.6671,2.596,2.4231,3.4312,4.7715,5.9238,6.6488,6.8157,6.3637,5.2934,3.6632,1.5875,0.84897,3.3368,5.7754,7.9546,9.6982,10.862,11.347,11.103,10.135,8.5044,6.3199,3.7316,0.92095,1.9388,4.6317,6.9961,8.886,10.196,10.869,10.896,10.318,9.2197,7.7217,5.9677,4.1128,2.3107,0.71281,0.66967,1.5977,2.1308,2.2604,2.0279,1.509,0.80791,0.1996,0.79445,1.4085,1.8152,0.97853
3.585,7.0097,6.5206,5.6852,4.4913,2.9589,1.2371,1.3351,3.3425,5.3297,6.9912,8.1181,8.5687,8.3116,7.4871,6.5008,6.0699,6.7388,8.1545,9.5636,10.414,10.42,9.5542,8.099,6.8018,6.8143,8.4002,10.555,12.366,13.326,13.212,12.019,9.9218,7.2332,4.3845,2.0926,2.1112,3.3368,4.0386,3.9976,3.312,2.2,0.92913,0.29345,1.2048,1.8361,2.2974,2.821,3.5427,4.3779,5.1318,5.6386,5.8355,5.791,5.6869,5.7184,5.9331,6.1725,6.1909,5.798,4.9289,3.6648,2.2644,1.4065,1.8558,2.5115,2.6564,2.1649,1.4265,2.1401,4.1542,6.4129,8.4822,10.082,11.044,11.319,10.992,10.253,9.3532,8.5104,7.8034,7.1354,6.3172,5.1963,3.7294,1.991,0.2343,1.6753,3.1801,4.2652,4.8419,4.9016,4.5099,3.7935,2.9254,2.1274,1.6966,1.832,2.3375,3.0081,3.825,4.841,6.0946,7.5737,9.2094,10.883,12.441,13.717,14.551,14.822,14.462,13.475,11.929,9.9538,7.7111,5.3725,3.0953,1.0604,1.1468,2.7139,4.0555,5.0773,5.7139,5.8986,5.5831,4.7612,3.4861,1.883,0.24093
11.884,23.185,21.501,18.936,15.923,13.103,11.112,10.032,9.1708,7.7158,5.3124,2.1074,1.4404,4.7533,7.3568,8.966,9.5033,9.0151,7.5845,5.4077,3.604,5.2955,9.2163,13.139,16.052,17.359,16.884,14.911,12.117,9.31,6.9898,5.1899,4.6279,6.8942,10.865,14.731,17.17,17.282,14.724,9.8474,4.1293,5.251,10.656,14.422,15.678,14.556,12.017,9.7357,9.1,9.331,8.6324,6.155,2.1094,3.0448,7.7148,11.133,12.531,11.653,8.7708,4.5993,0.18551,3.7394,6.1351,6.6823,5.4089,2.7815,1.2239,4.2332,6.6957,7.8458,7.4831,5.7965,3.4229,2.2193,3.6971,5.0383,5.1794,4.1181,3.0307,4.5267,7.5067,10.215,11.932,12.448,12.002,11.206,10.757,10.901,11.277,11.417,11.162,10.641,10.007,9.2124,8.0886,6.7175,5.8495,6.4859,8.144,9.5167,9.7536,8.547,6.069,3.0294,2.259,4.5723,6.2631,6.7068,6.1273,5.3717,5.5184,6.4915,7.2479,7.0818,5.8505,3.9254,2.5005,3.2325,4.4984,4.8897,4.1107,2.7316,3.5869,6.9989,10.966,14.687,17.678,19.605,10.135
9.5302,18.987,18.767,18.405,17.906,17.278,16.53,15.675,14.725,13.695,12.599,11.453,10.275,9.0791,7.8833,6.7041,5.5594,4.4688,3.4587,2.5717,1.8934,1.5794,1.7139,2.1239,2.613,3.0874,3.5084,3.8589,4.1309,4.3204,4.426,4.4475,4.3861,4.2435,4.0227,3.7272,3.3618,2.9322,2.4452,1.9091,1.3337,0.73328,0.19338,0.58462,1.2065,1.8226,2.413,2.9641,3.4641,3.9022,4.2687,4.5558,4.757,4.868,4.8863,4.8115,4.6456,4.3923,4.0577,3.6495,3.1777,2.6543,2.0949,1.5235,0.99449,0.69631,0.91841,1.4301,2.0054,2.5818,3.1374,3.6609,4.1457,4.5871,4.982,5.328,5.6233,5.8661,6.0546,6.1867,6.2601,6.2721,6.2198,6.1006,5.9121,5.6525,5.3213,4.9193,4.4489,3.9148,3.3244,2.6892,2.0288,1.3859,0.90009,0.93685,1.4607,2.1211,2.7941,3.4369,4.0261,4.5449,4.9798,5.3204,5.5588,5.6897,5.711,5.6238,5.4326,5.1465,4.7793,4.3521,3.8956,3.4555,3.0978,2.9056,2.9479,3.2314,3.6994,4.2767,4.9006,5.5255,6.1186,6.6555,7.1177,7.491,7.7649,7.9322,3.9942
6.8412,13.641,13.516,13.31,13.025,12.665,12.235,11.74,11.187,10.582,9.9342,9.2511,8.5417,7.8147,7.0792,6.344,5.6178,4.9089,4.2248,3.5728,2.9589,2.3885,1.8661,1.3957,0.98124,0.63009,0.36701,0.28062,0.39112,0.55037,0.70364,0.84578,0.9828,1.1235,1.2764,1.4483,1.6429,1.8612,2.1014,2.3599,2.6317,2.9105,3.1899,3.4626,3.7213,3.9585,4.167,4.3396,4.4694,4.5504,4.5772,4.5452,4.4511,4.2926,4.0691,3.7814,3.4319,3.0251,2.568,2.0714,1.5549,1.0654,0.75564,0.90089,1.376,1.9488,2.5398,3.1187,3.6679,4.1743,4.6275,5.0186,5.34,5.5857,5.7511,5.8333,5.8307,5.7436,5.5742,5.3263,5.0064,4.6234,4.1895,3.7219,3.2454,2.7966,2.4305,2.2195,2.2237,2.4407,2.8076,3.2511,3.7158,4.1638,4.5695,4.9144,5.1857,5.3745,5.476,5.4891,5.4167,5.2663,5.0503,4.7874,4.503,4.2299,4.0075,3.876,3.8665,3.9884,4.2259,4.5449,4.905,5.2677,5.6003,5.8766,6.0762,6.1844,6.1915,6.0929,5.8888,5.5846,5.1913,4.7266,4.2166,3.7003,3.2342,2.8964,1.3853
7.1143,14.174,14.011,13.743,13.379,12.927,12.399,11.809,11.173,10.507,9.8302,9.1601,8.515,7.9118,7.3648,6.8849,6.4778,6.1432,5.875,5.6616,5.4884,5.3394,5.1993,5.0555,4.8981,4.7206,4.5199,4.2958,4.0514,3.7921,3.5268,3.2674,3.0292,2.8312,2.6933,2.6332,2.6602,2.7708,2.9507,3.1793,3.4352,3.6987,3.9533,4.185,4.3824,4.5363,4.6395,4.6867,4.6744,4.6009,4.4666,4.2731,4.0242,3.7248,3.3812,3.0011,2.5933,2.1684,1.7407,1.3347,1.0038,0.86349,1.0124,1.3693,1.8254,2.3327,2.8736,3.4408,4.0292,4.6338,5.2476,5.8618,6.4651,7.0443,7.5848,8.0708,8.4862,8.815,9.0425,9.1552,9.1421,8.9949,8.7085,8.2813,7.7158,7.0187,6.2011,5.2791,4.2749,3.2216,2.1812,1.3426,1.2943,2.0706,3.0503,4.0215,4.9163,5.6987,6.3442,6.8346,7.1571,7.3044,7.2738,7.068,6.695,6.1678,5.5045,4.7294,3.8742,2.9852,2.1458,1.5556,1.5679,2.1428,2.913,3.6945,4.4155,5.0418,5.5549,5.9464,6.2154,6.3686,6.4193,6.3873,6.2984,6.1821,6.0695,5.9886,2.9796
6.2948,12.569,12.507,12.405,12.266,12.093,11.891,11.662,11.411,11.142,10.858,10.561,10.252,9.9326,9.6013,9.2578,8.9006,8.5283,8.1399,7.7346,7.3126,6.8752,6.4247,5.9652,5.5025,5.0446,4.6021,4.1886,3.8217,3.5218,3.3104,3.2049,3.2117,3.3225,3.5167,3.768,4.0505,4.3414,4.6217,4.8756,5.0897,5.2533,5.357,5.3938,5.3582,5.2472,5.06,4.7988,4.4692,4.0812,3.6507,3.2023,2.7741,2.4231,2.2235,2.2348,2.4514,2.8067,3.2237,3.6432,4.0232,4.3341,4.5542,4.6681,4.6657,4.5419,4.2972,3.9387,3.4822,2.9583,2.426,2.005,1.8941,2.2157,2.8549,3.6456,4.4846,5.3112,6.0843,6.7725,7.3506,7.7982,8.0994,8.2427,8.2214,8.0332,7.6806,7.1707,6.5149,5.7287,4.8312,3.8448,2.7946,1.7087,0.63112,0.54256,1.5565,2.528,3.4126,4.1877,4.8362,5.3452,5.7064,5.9164,5.9767,5.8943,5.6813,5.3559,4.9427,4.4741,3.9926,3.5531,3.2228,3.0669,3.1175,3.3505,3.7034,4.1109,4.523,4.9064,5.2416,5.5187,5.7359,5.8964,6.0077,6.0793,6.1213,6.1425,3.0744
